State,State Code,Local Government,LGA Code,Ward,Ward Code,Polling Unit,PU Code,Full Polling Unit Code,Senatorial District,House of Representatives
Ogun,27,Abeokuta North,01,Ikereku,01,O.U.S Pry. School Ikereku I,001,27/01/01/001,Ogun Central,Owode/Odeda
Ogun,27,Abeokuta North,01,Ikereku,01,O.U.S Pry. School Ikereku  Ii,002,27/01/01/002,Ogun Central,Owode/Odeda
Ogun,27,Abeokuta North,01,Ikereku,01,Near Holy Trinity Church I,003,27/01/01/003,Ogun Central,Owode/Odeda
Ogun,27,Abeokuta North,01,Ikereku,01,Near Holy Trinity Church Ii,004,27/01/01/004,Ogun Central,Owode/Odeda
Ogun,27,Abeokuta North,01,Ikereku,01,Near Ita Ogboni Idomapa I,005,27/01/01/005,Ogun Central,Owode/Odeda
Ogun,27,Abeokuta North,01,Ikereku,01,Near Ita Ogboni Idomapa Ii,006,27/01/01/006,Ogun Central,Owode/Odeda
Ogun,27,Abeokuta North,01,Ikereku,01,Ojude Agburin,007,27/01/01/007,Ogun Central,Owode/Odeda
Ogun,27,Abeokuta North,01,Ikereku,01,Near Aroworehin Mosque Ii,008,27/01/01/008,Ogun Central,Owode/Odeda
Ogun,27,Abeokuta North,01,Ikereku,01,Near Oke Eri Mosque,009,27/01/01/009,Ogun Central,Owode/Odeda
Ogun,27,Abeokuta North,01,Ikereku,01,Near Lasode House I,010,27/01/01/010,Ogun Central,Owode/Odeda
Ogun,27,Abeokuta North,01,Ikereku,01,Near Lasode House Ii,011,27/01/01/011,Ogun Central,Owode/Odeda
Ogun,27,Abeokuta North,01,Ikereku,01,Open Space Close To The Ajanaku'S,012,27/01/01/012,Ogun Central,Owode/Odeda
Ogun,27,Abeokuta North,01,Ikereku,01,"Open Space Near Ita Ogboni, Ikereku",013,27/01/01/013,Ogun Central,Owode/Odeda
Ogun,27,Abeokuta North,01,Ikereku,01,"Open Space Near Alaran Mosque, Ikereku",014,27/01/01/014,Ogun Central,Owode/Odeda
Ogun,27,Abeokuta North,01,Ikereku,01,"Ojuferewa Square, Ago Odo.",015,27/01/01/015,Ogun Central,Owode/Odeda
Ogun,27,Abeokuta North,01,Ikija,02,Nud Ikija  I,001,27/01/02/001,Ogun Central,Owode/Odeda
Ogun,27,Abeokuta North,01,Ikija,02,Nud Ikija  Ii,002,27/01/02/002,Ogun Central,Owode/Odeda
Ogun,27,Abeokuta North,01,Ikija,02,Holy Prophet Isale Ogun  I,003,27/01/02/003,Ogun Central,Owode/Odeda
Ogun,27,Abeokuta North,01,Ikija,02,Holy Prophet Isale Ogun  Ii,004,27/01/02/004,Ogun Central,Owode/Odeda
Ogun,27,Abeokuta North,01,Ikija,02,Ahmadiya Pry. School,005,27/01/02/005,Ogun Central,Owode/Odeda
Ogun,27,Abeokuta North,01,Ikija,02,Open Space At Osunrinde'S House I,006,27/01/02/006,Ogun Central,Owode/Odeda
Ogun,27,Abeokuta North,01,Ikija,02,Open Space At Osunrinde'S House Ii,007,27/01/02/007,Ogun Central,Owode/Odeda
Ogun,27,Abeokuta North,01,Ikija,02,"Near Adedotun Central Mosque, Ojude Agburin",008,27/01/02/008,Ogun Central,Owode/Odeda
Ogun,27,Abeokuta North,01,Ikija,02,"Open Space At Abiye Junction, Adedotun",009,27/01/02/009,Ogun Central,Owode/Odeda
Ogun,27,Abeokuta North,01,Ikija,02,Open Space At Osunrinde'S House Ii,010,27/01/02/010,Ogun Central,Owode/Odeda
Ogun,27,Abeokuta North,01,Ago Oko,03,Space At Itamorin  I,001,27/01/03/001,Ogun Central,Owode/Odeda
Ogun,27,Abeokuta North,01,Ago Oko,03,Space At Itamorin  Ii,002,27/01/03/002,Ogun Central,Owode/Odeda
Ogun,27,Abeokuta North,01,Ago Oko,03,Space At Kinoshi House  I,003,27/01/03/003,Ogun Central,Owode/Odeda
Ogun,27,Abeokuta North,01,Ago Oko,03,Space At Kinoshi House  Ii,004,27/01/03/004,Ogun Central,Owode/Odeda
Ogun,27,Abeokuta North,01,Ago Oko,03,Muslim Pry. School Ago-Oko  I,005,27/01/03/005,Ogun Central,Owode/Odeda
Ogun,27,Abeokuta North,01,Ago Oko,03,Muslim Pry. School Ago-Oko  Ii,006,27/01/03/006,Ogun Central,Owode/Odeda
Ogun,27,Abeokuta North,01,Ago Oko,03,Muslim Pry. School Ago-Oko  Iii,007,27/01/03/007,Ogun Central,Owode/Odeda
Ogun,27,Abeokuta North,01,Ago Oko,03,Ita Balogun Mosque  I,008,27/01/03/008,Ogun Central,Owode/Odeda
Ogun,27,Abeokuta North,01,Ago Oko,03,Ita Balogun Mosque  Ii,009,27/01/03/009,Ogun Central,Owode/Odeda
Ogun,27,Abeokuta North,01,Ago Oko,03,Ita Balogun Mosque  Iii,010,27/01/03/010,Ogun Central,Owode/Odeda
Ogun,27,Abeokuta North,01,Ago Oko,03,Araromi Mosque,011,27/01/03/011,Ogun Central,Owode/Odeda
Ogun,27,Abeokuta North,01,Ago Oko,03,"Open Space Near Public Water, Itamorin",012,27/01/03/012,Ogun Central,Owode/Odeda
Ogun,27,Abeokuta North,01,Ago Oko,03,Open Space At Oba Adedamola Street,013,27/01/03/013,Ogun Central,Owode/Odeda
Ogun,27,Abeokuta North,01,Ago Oko,03,Open Space In Front Of Tapo Mosque,014,27/01/03/014,Ogun Central,Owode/Odeda
Ogun,27,Abeokuta North,01,Ago Oko,03,Near Alabukun House,015,27/01/03/015,Ogun Central,Owode/Odeda
Ogun,27,Abeokuta North,01,Ago Oko,03,"Open Space Near Tantolorun Mosque, Oke-Oko",016,27/01/03/016,Ogun Central,Owode/Odeda
Ogun,27,Abeokuta North,01,Ago Oko,03,"Open Space In Front Of Jehovah Witness, Kingdom Hall",017,27/01/03/017,Ogun Central,Owode/Odeda
Ogun,27,Abeokuta North,01,Elega,04,Muslim Pry. School Elega  I,001,27/01/04/001,Ogun Central,Owode/Odeda
Ogun,27,Abeokuta North,01,Elega,04,Muslim Pry. School Elega  Ii,002,27/01/04/002,Ogun Central,Owode/Odeda
Ogun,27,Abeokuta North,01,Elega,04,Muslim Pry. School Elega  Iii,003,27/01/04/003,Ogun Central,Owode/Odeda
Ogun,27,Abeokuta North,01,Elega,04,Muslim Pry. School Elega  Iv,004,27/01/04/004,Ogun Central,Owode/Odeda
Ogun,27,Abeokuta North,01,Elega,04,Ilugun High School  I,005,27/01/04/005,Ogun Central,Owode/Odeda
Ogun,27,Abeokuta North,01,Elega,04,Ilugun High School  Ii,006,27/01/04/006,Ogun Central,Owode/Odeda
Ogun,27,Abeokuta North,01,Elega,04,Ilugun High School  Iii,007,27/01/04/007,Ogun Central,Owode/Odeda
Ogun,27,Abeokuta North,01,Elega,04,Space At Leper Colony  I,008,27/01/04/008,Ogun Central,Owode/Odeda
Ogun,27,Abeokuta North,01,Elega,04,Space At Leper Colony  Ii,009,27/01/04/009,Ogun Central,Owode/Odeda
Ogun,27,Abeokuta North,01,Elega,04,Opeloyeru Mosque Imala,010,27/01/04/010,Ogun Central,Owode/Odeda
Ogun,27,Abeokuta North,01,Elega,04,O.U.S Nur/Pry School Elega,011,27/01/04/011,Ogun Central,Owode/Odeda
Ogun,27,Abeokuta North,01,Elega,04,Open Space At Iyana Oja  Idofin,012,27/01/04/012,Ogun Central,Owode/Odeda
Ogun,27,Abeokuta North,01,Elega,04,"Open Space Beside Sembad Filling Station, Idofin, Elega",013,27/01/04/013,Ogun Central,Owode/Odeda
Ogun,27,Abeokuta North,01,Elega,04,School Premises A.N.L.G Nursery And Primary School F.H.E. Elega.,014,27/01/04/014,Ogun Central,Owode/Odeda
Ogun,27,Abeokuta North,01,Elega,04,"A2 Field  In Front F.H.E   Rotary Club, Elega",015,27/01/04/015,Ogun Central,Owode/Odeda
Ogun,27,Abeokuta North,01,Elega,04,"Open Space Beside Community Mosque, F.H.E. Elega.",016,27/01/04/016,Ogun Central,Owode/Odeda
Ogun,27,Abeokuta North,01,Elega,04,"Open Space At B1 Junction By Golden School, Elega",017,27/01/04/017,Ogun Central,Owode/Odeda
Ogun,27,Abeokuta North,01,Elega,04,Open Space At Odo-Eja Ilupeju Junction,018,27/01/04/018,Ogun Central,Owode/Odeda
Ogun,27,Abeokuta North,01,Elega,04,"Open Space Near Kenny Ogun Lab Junction,Ilupeju",019,27/01/04/019,Ogun Central,Owode/Odeda
Ogun,27,Abeokuta North,01,Elega,04,"Open Space At Sikemi Oluwa Junction, Imala Elega",020,27/01/04/020,Ogun Central,Owode/Odeda
Ogun,27,Abeokuta North,01,Ilugun/Iberekodo,05,Anlg School Ilugun Asalu  I,001,27/01/05/001,Ogun Central,Owode/Odeda
Ogun,27,Abeokuta North,01,Ilugun/Iberekodo,05,Anlg School Ilugun Asalu  Ii,002,27/01/05/002,Ogun Central,Owode/Odeda
Ogun,27,Abeokuta North,01,Ilugun/Iberekodo,05,Anlg School Ilugun Asalu  Iii,003,27/01/05/003,Ogun Central,Owode/Odeda
Ogun,27,Abeokuta North,01,Ilugun/Iberekodo,05,Near Gbemisola'S House   I,004,27/01/05/004,Ogun Central,Owode/Odeda
Ogun,27,Abeokuta North,01,Ilugun/Iberekodo,05,Near Gbemisola'S House   Ii,005,27/01/05/005,Ogun Central,Owode/Odeda
Ogun,27,Abeokuta North,01,Ilugun/Iberekodo,05,Ile Eja  I,006,27/01/05/006,Ogun Central,Owode/Odeda
Ogun,27,Abeokuta North,01,Ilugun/Iberekodo,05,Ile Eja  Ii,007,27/01/05/007,Ogun Central,Owode/Odeda
Ogun,27,Abeokuta North,01,Ilugun/Iberekodo,05,"Isotakun Mosque, Iberekodo",008,27/01/05/008,Ogun Central,Owode/Odeda
Ogun,27,Abeokuta North,01,Ilugun/Iberekodo,05,Booth Opp. The Isola'S (Close To Ejialamala),009,27/01/05/009,Ogun Central,Owode/Odeda
Ogun,27,Abeokuta North,01,Ilugun/Iberekodo,05,Near Chief Tairu'S House  I,010,27/01/05/010,Ogun Central,Owode/Odeda
Ogun,27,Abeokuta North,01,Ilugun/Iberekodo,05,Near Chief Tairu'S House  Ii,011,27/01/05/011,Ogun Central,Owode/Odeda
Ogun,27,Abeokuta North,01,Ilugun/Iberekodo,05,Ayo Bus Stop Along Oke-Ona Road,012,27/01/05/012,Ogun Central,Owode/Odeda
Ogun,27,Abeokuta North,01,Ilugun/Iberekodo,05,O.U.S. School Ikija  I,013,27/01/05/013,Ogun Central,Owode/Odeda
Ogun,27,Abeokuta North,01,Ilugun/Iberekodo,05,O.U.S. School Ikija  Ii,014,27/01/05/014,Ogun Central,Owode/Odeda
Ogun,27,Abeokuta North,01,Ilugun/Iberekodo,05,Anlg School Akomoje I,015,27/01/05/015,Ogun Central,Owode/Odeda
Ogun,27,Abeokuta North,01,Ilugun/Iberekodo,05,Anlg School Akomoje Ii,016,27/01/05/016,Ogun Central,Owode/Odeda
Ogun,27,Abeokuta North,01,Ilugun/Iberekodo,05,Ebenezer Grammar School,017,27/01/05/017,Ogun Central,Owode/Odeda
Ogun,27,Abeokuta North,01,Ilugun/Iberekodo,05,Front Of Atambala'S House,018,27/01/05/018,Ogun Central,Owode/Odeda
Ogun,27,Abeokuta North,01,Ilugun/Iberekodo,05,"Maternity Centre,Iberekodo",019,27/01/05/019,Ogun Central,Owode/Odeda
Ogun,27,Abeokuta North,01,Ilugun/Iberekodo,05,"Open Space At Irepodun Street, Ile Ogboni,Ilugun Asalu",020,27/01/05/020,Ogun Central,Owode/Odeda
Ogun,27,Abeokuta North,01,Ilugun/Iberekodo,05,"Open Space At Lasode Junction, Ilugun",021,27/01/05/021,Ogun Central,Owode/Odeda
Ogun,27,Abeokuta North,01,Ilugun/Iberekodo,05,"Open Space At Kokumo Junction, Ilugun",022,27/01/05/022,Ogun Central,Owode/Odeda
Ogun,27,Abeokuta North,01,Ilugun/Iberekodo,05,"Front Of Central Mosque, Iberekodo",023,27/01/05/023,Ogun Central,Owode/Odeda
Ogun,27,Abeokuta North,01,Ilugun/Iberekodo,05,"Open Space Opp. Mikenid Petrol Station, Iberekodo",024,27/01/05/024,Ogun Central,Owode/Odeda
Ogun,27,Abeokuta North,01,Ilugun/Iberekodo,05,"Open Space At Arogundade Junction, Near Mokola Bridge",025,27/01/05/025,Ogun Central,Owode/Odeda
Ogun,27,Abeokuta North,01,Ilugun/Iberekodo,05,"Open Space At Elewa Faaji De, Mokola",026,27/01/05/026,Ogun Central,Owode/Odeda
Ogun,27,Abeokuta North,01,Ilugun/Iberekodo,05,"Open Space In Front Of Ogun State Water Corporation, Arakanga.",027,27/01/05/027,Ogun Central,Owode/Odeda
Ogun,27,Abeokuta North,01,Ilugun/Iberekodo,05,"Open Space At Temidire Area, Oke Arakanga",028,27/01/05/028,Ogun Central,Owode/Odeda
Ogun,27,Abeokuta North,01,Ilugun/Iberekodo,05,"Open Space Behind Total Petrol Station, Iberekodo",029,27/01/05/029,Ogun Central,Owode/Odeda
Ogun,27,Abeokuta North,01,Ilugun/Iberekodo,05,"Front Of Ogunbona House, Akomoje",030,27/01/05/030,Ogun Central,Owode/Odeda
Ogun,27,Abeokuta North,01,Ilugun/Iberekodo,05,"Open Space At Alagbode Junction,  Akomoje",031,27/01/05/031,Ogun Central,Owode/Odeda
Ogun,27,Abeokuta North,01,Ilugun/Iberekodo,05,"Open Space At Idofin Junction, Iyan Reservoire",032,27/01/05/032,Ogun Central,Owode/Odeda
Ogun,27,Abeokuta North,01,Ilugun/Iberekodo,05,Front Of Atambala'S House Ii,033,27/01/05/033,Ogun Central,Owode/Odeda
Ogun,27,Abeokuta North,01,Ilugun/Iberekodo,05,"Front Of Oke Omo House, Iberekodo",034,27/01/05/034,Ogun Central,Owode/Odeda
Ogun,27,Abeokuta North,01,Gbagura,06,Space At Customary Court Agura  I,001,27/01/06/001,Ogun Central,Owode/Odeda
Ogun,27,Abeokuta North,01,Gbagura,06,Space At Customary Court Agura  Ii,002,27/01/06/002,Ogun Central,Owode/Odeda
Ogun,27,Abeokuta North,01,Gbagura,06,A.U.D. Kemta Ilawo  I,003,27/01/06/003,Ogun Central,Owode/Odeda
Ogun,27,Abeokuta North,01,Gbagura,06,A.U.D. Kemta Ilawo  Ii,004,27/01/06/004,Ogun Central,Owode/Odeda
Ogun,27,Abeokuta North,01,Gbagura,06,Near Asunara Mosque  I,005,27/01/06/005,Ogun Central,Owode/Odeda
Ogun,27,Abeokuta North,01,Gbagura,06,Near Asunara Mosque  Ii,006,27/01/06/006,Ogun Central,Owode/Odeda
Ogun,27,Abeokuta North,01,Gbagura,06,Space At Oju Odumaka,007,27/01/06/007,Ogun Central,Owode/Odeda
Ogun,27,Abeokuta North,01,Gbagura,06,Near Isale Ago Mosque,008,27/01/06/008,Ogun Central,Owode/Odeda
Ogun,27,Abeokuta North,01,Gbagura,06,Holy Trinity Ojesimi,009,27/01/06/009,Ogun Central,Owode/Odeda
Ogun,27,Abeokuta North,01,Gbagura,06,Open Space Near Bobagunwa'S House,010,27/01/06/010,Ogun Central,Owode/Odeda
Ogun,27,Abeokuta North,01,Gbagura,06,Open Space Near Agura Palace,011,27/01/06/011,Ogun Central,Owode/Odeda
Ogun,27,Abeokuta North,01,Gbagura,06,"Aud Pry. School 1, Ona-Gbooro",012,27/01/06/012,Ogun Central,Owode/Odeda
Ogun,27,Abeokuta North,01,Gbagura,06,"Open Space At Ikereku Iwere, Gbagura",013,27/01/06/013,Ogun Central,Owode/Odeda
Ogun,27,Abeokuta North,01,Ika,07,Near Old Slaughter'S Slab  I,001,27/01/07/001,Ogun Central,Owode/Odeda
Ogun,27,Abeokuta North,01,Ika,07,Apata Mosque Ijaye Obirinti,002,27/01/07/002,Ogun Central,Owode/Odeda
Ogun,27,Abeokuta North,01,Ika,07,Unity High School Ago-Ika  I,003,27/01/07/003,Ogun Central,Owode/Odeda
Ogun,27,Abeokuta North,01,Ika,07,Unity High School Ago-Ika  Ii,004,27/01/07/004,Ogun Central,Owode/Odeda
Ogun,27,Abeokuta North,01,Ika,07,Space At Ago-Ika Junction  I,005,27/01/07/005,Ogun Central,Owode/Odeda
Ogun,27,Abeokuta North,01,Ika,07,Space At Ago-Ika Junction  Ii,006,27/01/07/006,Ogun Central,Owode/Odeda
Ogun,27,Abeokuta North,01,Ika,07,Near Ita Nla Mosque/Jaye Kukudi   I,007,27/01/07/007,Ogun Central,Owode/Odeda
Ogun,27,Abeokuta North,01,Ika,07,Near Ita Nla Mosque/Jaye Kukudi   Ii,008,27/01/07/008,Ogun Central,Owode/Odeda
Ogun,27,Abeokuta North,01,Ika,07,Near Refuse Deport Ago-Ika,009,27/01/07/009,Ogun Central,Owode/Odeda
Ogun,27,Abeokuta North,01,Ika,07,Alasalatu Pry. School,010,27/01/07/010,Ogun Central,Owode/Odeda
Ogun,27,Abeokuta North,01,Ika,07,Opposite Odole'S Comp,011,27/01/07/011,Ogun Central,Owode/Odeda
Ogun,27,Abeokuta North,01,Ika,07,"Open Space In Front Of Adegbenro'S Mosque, Ikereku-Idan",012,27/01/07/012,Ogun Central,Owode/Odeda
Ogun,27,Abeokuta North,01,Ika,07,"Near Olohun-Sunmibare Mosque, Ijaye-Obiritin",013,27/01/07/013,Ogun Central,Owode/Odeda
Ogun,27,Abeokuta North,01,Ika,07,"Open Space At Ijofa Junction, Ijofa",014,27/01/07/014,Ogun Central,Owode/Odeda
Ogun,27,Abeokuta North,01,Ika,07,N.U.D Primary School Ago Ika,015,27/01/07/015,Ogun Central,Owode/Odeda
Ogun,27,Abeokuta North,01,Ika,07,"Near Aigoro Compound,Idi Oparun, Ago-Ika,",016,27/01/07/016,Ogun Central,Owode/Odeda
Ogun,27,Abeokuta North,01,Ika,07,"Near Adenekan Hall, Ago-Ika",017,27/01/07/017,Ogun Central,Owode/Odeda
Ogun,27,Abeokuta North,01,Ika,07,Open Space At Idi-Agbon Ago Ika,018,27/01/07/018,Ogun Central,Owode/Odeda
Ogun,27,Abeokuta North,01,Ika,07,"Alasalatu Primary School Ii, Ojokodo.",019,27/01/07/019,Ogun Central,Owode/Odeda
Ogun,27,Abeokuta North,01,Ika,07,"Open Space At Enugada, Ago-Ika",020,27/01/07/020,Ogun Central,Owode/Odeda
Ogun,27,Abeokuta North,01,Lafenwa,08,St. John'S School Lafenwa   I,001,27/01/08/001,Ogun Central,Owode/Odeda
Ogun,27,Abeokuta North,01,Lafenwa,08,St. John'S School Lafenwa   Ii,002,27/01/08/002,Ogun Central,Owode/Odeda
Ogun,27,Abeokuta North,01,Lafenwa,08,Apostolic Church Afunta I,003,27/01/08/003,Ogun Central,Owode/Odeda
Ogun,27,Abeokuta North,01,Lafenwa,08,Apostolic Church Afunta Ii,004,27/01/08/004,Ogun Central,Owode/Odeda
Ogun,27,Abeokuta North,01,Lafenwa,08,Near Yusufu'S House I,005,27/01/08/005,Ogun Central,Owode/Odeda
Ogun,27,Abeokuta North,01,Lafenwa,08,Near Yusufu'S House Ii,006,27/01/08/006,Ogun Central,Owode/Odeda
Ogun,27,Abeokuta North,01,Lafenwa,08,Front Of Alh. Adegbenro'S House,007,27/01/08/007,Ogun Central,Owode/Odeda
Ogun,27,Abeokuta North,01,Lafenwa,08,Near Baale'S House   I,008,27/01/08/008,Ogun Central,Owode/Odeda
Ogun,27,Abeokuta North,01,Lafenwa,08,Near Baale'S House   Ii,009,27/01/08/009,Ogun Central,Owode/Odeda
Ogun,27,Abeokuta North,01,Lafenwa,08,"Near Biobaku House, Lafenwa",010,27/01/08/010,Ogun Central,Owode/Odeda
Ogun,27,Abeokuta North,01,Lafenwa,08,"Open Space At Railway Quarters, Lafenwa",011,27/01/08/011,Ogun Central,Owode/Odeda
Ogun,27,Abeokuta North,01,Lafenwa,08,"Open Space In Front Of Titilope Mosque, Abule-Otun",012,27/01/08/012,Ogun Central,Owode/Odeda
Ogun,27,Abeokuta North,01,Lafenwa,08,"Open Space In Front Of Transformer, Gaa Sabo",013,27/01/08/013,Ogun Central,Owode/Odeda
Ogun,27,Abeokuta North,01,Lafenwa,08,"Open Space At Akindele Junction, Gaa Sabo",014,27/01/08/014,Ogun Central,Owode/Odeda
Ogun,27,Abeokuta North,01,Sabo,09,Lafenwa High School   I,001,27/01/09/001,Ogun Central,Owode/Odeda
Ogun,27,Abeokuta North,01,Sabo,09,Lafenwa High School   Ii,002,27/01/09/002,Ogun Central,Owode/Odeda
Ogun,27,Abeokuta North,01,Sabo,09,Lafenwa High School   Iii,003,27/01/09/003,Ogun Central,Owode/Odeda
Ogun,27,Abeokuta North,01,Sabo,09,Front Of Seriki House  I,004,27/01/09/004,Ogun Central,Owode/Odeda
Ogun,27,Abeokuta North,01,Sabo,09,Front Of Seriki House  Ii,005,27/01/09/005,Ogun Central,Owode/Odeda
Ogun,27,Abeokuta North,01,Sabo,09,Holy Trinity Sabo  I,006,27/01/09/006,Ogun Central,Owode/Odeda
Ogun,27,Abeokuta North,01,Sabo,09,Holy Trinity Sabo  Ii,007,27/01/09/007,Ogun Central,Owode/Odeda
Ogun,27,Abeokuta North,01,Sabo,09,Baale' House Abule-Oke  I,008,27/01/09/008,Ogun Central,Owode/Odeda
Ogun,27,Abeokuta North,01,Sabo,09,Baale' House Abule-Oke  Ii,009,27/01/09/009,Ogun Central,Owode/Odeda
Ogun,27,Abeokuta North,01,Sabo,09,Open Space At Apena'S Papa Maru (Near Apena'S House Papa Maru),010,27/01/09/010,Ogun Central,Owode/Odeda
Ogun,27,Abeokuta North,01,Sabo,09,Olumo Pry. School,011,27/01/09/011,Ogun Central,Owode/Odeda
Ogun,27,Abeokuta North,01,Sabo,09,Near Olalomi Mosque,012,27/01/09/012,Ogun Central,Owode/Odeda
Ogun,27,Abeokuta North,01,Sabo,09,Near Korodo Blocks,013,27/01/09/013,Ogun Central,Owode/Odeda
Ogun,27,Abeokuta North,01,Sabo,09,"Open Space At Ifesowapo Junction, Besdide Ogun Radio",014,27/01/09/014,Ogun Central,Owode/Odeda
Ogun,27,Abeokuta North,01,Sabo,09,Open Space In Front Of Proposed Comm. Health Centre Olateju Olosun,015,27/01/09/015,Ogun Central,Owode/Odeda
Ogun,27,Abeokuta North,01,Sabo,09,"Open Space At Ajibande Junction, Aiyetoro  Garage",016,27/01/09/016,Ogun Central,Owode/Odeda
Ogun,27,Abeokuta North,01,Sabo,09,"Open Space At Metier Guest House, Ogun Radio",017,27/01/09/017,Ogun Central,Owode/Odeda
Ogun,27,Abeokuta North,01,Sabo,09,"School Premises Premier Grammar School, Lafenwa.",018,27/01/09/018,Ogun Central,Owode/Odeda
Ogun,27,Abeokuta North,01,Sabo,09,"School Premises Community Primary School, Sodeke Titun",019,27/01/09/019,Ogun Central,Owode/Odeda
Ogun,27,Abeokuta North,01,Sabo,09,"Open Space At Luro Estate Gate, Luro",020,27/01/09/020,Ogun Central,Owode/Odeda
Ogun,27,Abeokuta North,01,Sabo,09,"Bashorun Moshood Abiola School, Sabo",021,27/01/09/021,Ogun Central,Owode/Odeda
Ogun,27,Abeokuta North,01,Sabo,09,Open Space At Boludayo Junction Sabo.,022,27/01/09/022,Ogun Central,Owode/Odeda
Ogun,27,Abeokuta North,01,Sabo,09,"Open Space At Olorunwa Junction, Papa Marun",023,27/01/09/023,Ogun Central,Owode/Odeda
Ogun,27,Abeokuta North,01,Sabo,09,Open Space At Kinito Alafia Junction Sabo,024,27/01/09/024,Ogun Central,Owode/Odeda
Ogun,27,Abeokuta North,01,Sabo,09,"Open Space In Front Of Community Central Mosque, Abule Oke Sabo.",025,27/01/09/025,Ogun Central,Owode/Odeda
Ogun,27,Abeokuta North,01,Sabo,09,"Open Space Near Temidire Central Mosque, Sabo",026,27/01/09/026,Ogun Central,Owode/Odeda
Ogun,27,Abeokuta North,01,Sabo,09,"Community Primary School, Obasa",027,27/01/09/027,Ogun Central,Owode/Odeda
Ogun,27,Abeokuta North,01,Sabo,09,Olumo Pry School Ii Sabo,028,27/01/09/028,Ogun Central,Owode/Odeda
Ogun,27,Abeokuta North,01,Sabo,09,"Opebiyi Junction, Agbo Eran",029,27/01/09/029,Ogun Central,Owode/Odeda
Ogun,27,Abeokuta North,01,Sabo,09,Community Hall Ifeoluwa Odunjo Araromi,030,27/01/09/030,Ogun Central,Owode/Odeda
Ogun,27,Abeokuta North,01,Sabo,09,"Open Space At Mabinu Ori Avenue, Sabo",031,27/01/09/031,Ogun Central,Owode/Odeda
Ogun,27,Abeokuta North,01,Sabo,09,"Open Space At Bajomo Street, Ayetoro Garage",032,27/01/09/032,Ogun Central,Owode/Odeda
Ogun,27,Abeokuta North,01,Oke-Ago Owu,10,Anlg School Ago-Owu   I,001,27/01/10/001,Ogun Central,Owode/Odeda
Ogun,27,Abeokuta North,01,Oke-Ago Owu,10,Anlg School Ago-Owu   Ii,002,27/01/10/002,Ogun Central,Owode/Odeda
Ogun,27,Abeokuta North,01,Oke-Ago Owu,10,Olowu'S Palace  I,003,27/01/10/003,Ogun Central,Owode/Odeda
Ogun,27,Abeokuta North,01,Oke-Ago Owu,10,Olowu'S Palace  Ii,004,27/01/10/004,Ogun Central,Owode/Odeda
Ogun,27,Abeokuta North,01,Oke-Ago Owu,10,Near Agbogunleri'S Mosque,005,27/01/10/005,Ogun Central,Owode/Odeda
Ogun,27,Abeokuta North,01,Oke-Ago Owu,10,Jeboda'S Mosque,006,27/01/10/006,Ogun Central,Owode/Odeda
Ogun,27,Abeokuta North,01,Oke-Ago Owu,10,Amukankan  I,007,27/01/10/007,Ogun Central,Owode/Odeda
Ogun,27,Abeokuta North,01,Oke-Ago Owu,10,Amukankan  Ii,008,27/01/10/008,Ogun Central,Owode/Odeda
Ogun,27,Abeokuta North,01,Oke-Ago Owu,10,Open Space Opp. Ogunsebi Erepaja'S House,009,27/01/10/009,Ogun Central,Owode/Odeda
Ogun,27,Abeokuta North,01,Oke-Ago Owu,10,Opp. Space Opp. Orukan'S Compound,010,27/01/10/010,Ogun Central,Owode/Odeda
Ogun,27,Abeokuta North,01,Oke-Ago Owu,10,Opp. Space Behind Egbeyemi'S House,011,27/01/10/011,Ogun Central,Owode/Odeda
Ogun,27,Abeokuta North,01,Oke-Ago Owu,10,Olufakun Compound (Open Space),012,27/01/10/012,Ogun Central,Owode/Odeda
Ogun,27,Abeokuta North,01,Oke-Ago Owu,10,Open Space At Lara'S Compound,013,27/01/10/013,Ogun Central,Owode/Odeda
Ogun,27,Abeokuta North,01,Oke-Ago Owu,10,Jeboda'S Court Ii,014,27/01/10/014,Ogun Central,Owode/Odeda
Ogun,27,Abeokuta North,01,Oke-Ago Owu,10,Front Of Akintobi'S House,015,27/01/10/015,Ogun Central,Owode/Odeda
Ogun,27,Abeokuta North,01,Oke-Ago Owu,10,"Open Space Beside Akinside House , Amukankan",016,27/01/10/016,Ogun Central,Owode/Odeda
Ogun,27,Abeokuta North,01,Oke-Ago Owu,10,"Open Space Opposite Obalasako Compound, Amukankan",017,27/01/10/017,Ogun Central,Owode/Odeda
Ogun,27,Abeokuta North,01,Totoro/Sokori,11,Totoro Post Office  I,001,27/01/11/001,Ogun Central,Owode/Odeda
Ogun,27,Abeokuta North,01,Totoro/Sokori,11,Totoro Post Office  Ii,002,27/01/11/002,Ogun Central,Owode/Odeda
Ogun,27,Abeokuta North,01,Totoro/Sokori,11,Totoro Post Office  Iii,003,27/01/11/003,Ogun Central,Owode/Odeda
Ogun,27,Abeokuta North,01,Totoro/Sokori,11,Owu Baptist Church,004,27/01/11/004,Ogun Central,Owode/Odeda
Ogun,27,Abeokuta North,01,Totoro/Sokori,11,Front Of African Church/Ta-Olori  I,005,27/01/11/005,Ogun Central,Owode/Odeda
Ogun,27,Abeokuta North,01,Totoro/Sokori,11,Front Of African Church/Ta-Olori  Ii,006,27/01/11/006,Ogun Central,Owode/Odeda
Ogun,27,Abeokuta North,01,Totoro/Sokori,11,Front Of African Church/Ta-Olori  Iii,007,27/01/11/007,Ogun Central,Owode/Odeda
Ogun,27,Abeokuta North,01,Totoro/Sokori,11,A.L.G. Maternity Totoro  I,008,27/01/11/008,Ogun Central,Owode/Odeda
Ogun,27,Abeokuta North,01,Totoro/Sokori,11,A.L.G. Maternity Totoro  Ii,009,27/01/11/009,Ogun Central,Owode/Odeda
Ogun,27,Abeokuta North,01,Totoro/Sokori,11,Sokori Market Square  I,010,27/01/11/010,Ogun Central,Owode/Odeda
Ogun,27,Abeokuta North,01,Totoro/Sokori,11,Sokori Market Square  Ii,011,27/01/11/011,Ogun Central,Owode/Odeda
Ogun,27,Abeokuta North,01,Totoro/Sokori,11,African Church Central Pri Sch Ita Iyalode,012,27/01/11/012,Ogun Central,Owode/Odeda
Ogun,27,Abeokuta North,01,Totoro/Sokori,11,Methodist Pry. School Sokori  I,013,27/01/11/013,Ogun Central,Owode/Odeda
Ogun,27,Abeokuta North,01,Totoro/Sokori,11,Oke-Sokori Mosque,014,27/01/11/014,Ogun Central,Owode/Odeda
Ogun,27,Abeokuta North,01,Totoro/Sokori,11,Asasin'S Compound  I,015,27/01/11/015,Ogun Central,Owode/Odeda
Ogun,27,Abeokuta North,01,Totoro/Sokori,11,Asasin'S Compound  Ii,016,27/01/11/016,Ogun Central,Owode/Odeda
Ogun,27,Abeokuta North,01,Totoro/Sokori,11,Olokun'S Compound,017,27/01/11/017,Ogun Central,Owode/Odeda
Ogun,27,Abeokuta North,01,Totoro/Sokori,11,Space At Oriyanrin  I,018,27/01/11/018,Ogun Central,Owode/Odeda
Ogun,27,Abeokuta North,01,Totoro/Sokori,11,Space At Oriyanrin  Ii,019,27/01/11/019,Ogun Central,Owode/Odeda
Ogun,27,Abeokuta North,01,Totoro/Sokori,11,A.L.G. Ebu Alaparo,020,27/01/11/020,Ogun Central,Owode/Odeda
Ogun,27,Abeokuta North,01,Totoro/Sokori,11,Olosi'S Compound  I,021,27/01/11/021,Ogun Central,Owode/Odeda
Ogun,27,Abeokuta North,01,Totoro/Sokori,11,Olosomi'S Compound,022,27/01/11/022,Ogun Central,Owode/Odeda
Ogun,27,Abeokuta North,01,Totoro/Sokori,11,Bus Stop At Pepsi,023,27/01/11/023,Ogun Central,Owode/Odeda
Ogun,27,Abeokuta North,01,Totoro/Sokori,11,A.L.G. Ebu Ala Paro,024,27/01/11/024,Ogun Central,Owode/Odeda
Ogun,27,Abeokuta North,01,Totoro/Sokori,11,Gateway Secondary School   I,025,27/01/11/025,Ogun Central,Owode/Odeda
Ogun,27,Abeokuta North,01,Totoro/Sokori,11,Gateway Secondary School   Ii,026,27/01/11/026,Ogun Central,Owode/Odeda
Ogun,27,Abeokuta North,01,Totoro/Sokori,11,Akinolugbade Social Centre,027,27/01/11/027,Ogun Central,Owode/Odeda
Ogun,27,Abeokuta North,01,Totoro/Sokori,11,"Open Space Beside Adisa Onifuneran House, Sokori",028,27/01/11/028,Ogun Central,Owode/Odeda
Ogun,27,Abeokuta North,01,Totoro/Sokori,11,"Open Space At Adewale Aboaba Junction, Sokori",029,27/01/11/029,Ogun Central,Owode/Odeda
Ogun,27,Abeokuta North,01,Totoro/Sokori,11,"African Churchcentral Pry School Ii, Ita Iyalode",030,27/01/11/030,Ogun Central,Owode/Odeda
Ogun,27,Abeokuta North,01,Totoro/Sokori,11,"Methodist Pry. School, Sokori  Ii",031,27/01/11/031,Ogun Central,Owode/Odeda
Ogun,27,Abeokuta North,01,Totoro/Sokori,11,Open Space Beside Oloruntobi Mosque Oje Ile Sokori,032,27/01/11/032,Ogun Central,Owode/Odeda
Ogun,27,Abeokuta North,01,Totoro/Sokori,11,"Onijaye Junction, Sokori",033,27/01/11/033,Ogun Central,Owode/Odeda
Ogun,27,Abeokuta North,01,Totoro/Sokori,11,"Space In Front Of Ogun State Vetinary Complex, Obasanjo Way",034,27/01/11/034,Ogun Central,Owode/Odeda
Ogun,27,Abeokuta North,01,Totoro/Sokori,11,Open Space Beside Pence Foundation Int'L College,035,27/01/11/035,Ogun Central,Owode/Odeda
Ogun,27,Abeokuta North,01,Totoro/Sokori,11,"Open Space Beside Femi Shorinola Junction, Oriyanrin",036,27/01/11/036,Ogun Central,Owode/Odeda
Ogun,27,Abeokuta North,01,Totoro/Sokori,11,"Open Space At Olorunsogo Community Apo Junction, Pepsi",037,27/01/11/037,Ogun Central,Owode/Odeda
Ogun,27,Abeokuta North,01,Totoro/Sokori,11,"Open Space At Ogun State Scout Council Hq,Ita-Iyalode",038,27/01/11/038,Ogun Central,Owode/Odeda
Ogun,27,Abeokuta North,01,Totoro/Sokori,11,"Open Space At Obasanjo Way Junction, Akinolugbade",039,27/01/11/039,Ogun Central,Owode/Odeda
Ogun,27,Abeokuta North,01,Ita-Oshin/Olomore,12,Olomore Housing Estate  I,001,27/01/12/001,Ogun Central,Owode/Odeda
Ogun,27,Abeokuta North,01,Ita-Oshin/Olomore,12,Olomore Housing Estate  Ii,002,27/01/12/002,Ogun Central,Owode/Odeda
Ogun,27,Abeokuta North,01,Ita-Oshin/Olomore,12,Olomore Housing Estate  Iii,003,27/01/12/003,Ogun Central,Owode/Odeda
Ogun,27,Abeokuta North,01,Ita-Oshin/Olomore,12,Near Fresh Fish Market  I,004,27/01/12/004,Ogun Central,Owode/Odeda
Ogun,27,Abeokuta North,01,Ita-Oshin/Olomore,12,Near Fresh Fish Market  Ii,005,27/01/12/005,Ogun Central,Owode/Odeda
Ogun,27,Abeokuta North,01,Ita-Oshin/Olomore,12,E.A.C. /Ta Oshin  I,006,27/01/12/006,Ogun Central,Owode/Odeda
Ogun,27,Abeokuta North,01,Ita-Oshin/Olomore,12,E.A.C. /Ta Oshin  Ii,007,27/01/12/007,Ogun Central,Owode/Odeda
Ogun,27,Abeokuta North,01,Ita-Oshin/Olomore,12,E.A.C. /Ta Oshin  Iii,008,27/01/12/008,Ogun Central,Owode/Odeda
Ogun,27,Abeokuta North,01,Ita-Oshin/Olomore,12,Olosun Village,009,27/01/12/009,Ogun Central,Owode/Odeda
Ogun,27,Abeokuta North,01,Ita-Oshin/Olomore,12,Psychiatric Hospital  I,010,27/01/12/010,Ogun Central,Owode/Odeda
Ogun,27,Abeokuta North,01,Ita-Oshin/Olomore,12,Psychiatric Hospital  Ii,011,27/01/12/011,Ogun Central,Owode/Odeda
Ogun,27,Abeokuta North,01,Ita-Oshin/Olomore,12,Surulere Olomore,012,27/01/12/012,Ogun Central,Owode/Odeda
Ogun,27,Abeokuta North,01,Ita-Oshin/Olomore,12,"Open Space At Baba Oil Junction, Olomore",013,27/01/12/013,Ogun Central,Owode/Odeda
Ogun,27,Abeokuta North,01,Ita-Oshin/Olomore,12,"Open Space Along Speaker Road, Old Foursquare, Olomore",014,27/01/12/014,Ogun Central,Owode/Odeda
Ogun,27,Abeokuta North,01,Ita-Oshin/Olomore,12,"Open Space At Ire-Akari Junction, Olomore",015,27/01/12/015,Ogun Central,Owode/Odeda
Ogun,27,Abeokuta North,01,Ita-Oshin/Olomore,12,"Open Space At Olorunjobi Osuolale Junction, Olomore",016,27/01/12/016,Ogun Central,Owode/Odeda
Ogun,27,Abeokuta North,01,Ita-Oshin/Olomore,12,"Open Space At Opeoluwa Community Juction, Ita-Oshin",017,27/01/12/017,Ogun Central,Owode/Odeda
Ogun,27,Abeokuta North,01,Ita-Oshin/Olomore,12,"Open Space In Front Water Corporation, Ita-Oshin",018,27/01/12/018,Ogun Central,Owode/Odeda
Ogun,27,Abeokuta North,01,Ita-Oshin/Olomore,12,"Open Space At Taorid Akiode Junction, Ita-Oshin",019,27/01/12/019,Ogun Central,Owode/Odeda
Ogun,27,Abeokuta North,01,Ita-Oshin/Olomore,12,"Open Space In Front Of Proposed Town Hall, Harmony Estate ,Ita-Oshin",020,27/01/12/020,Ogun Central,Owode/Odeda
Ogun,27,Abeokuta North,01,Ita-Oshin/Olomore,12,"Open Space Biside Surulere Mosque, Surulere Olomore",021,27/01/12/021,Ogun Central,Owode/Odeda
Ogun,27,Abeokuta North,01,Olorunda Ijale,13,A.U.D. Ijale Papa  I,001,27/01/13/001,Ogun Central,Owode/Odeda
Ogun,27,Abeokuta North,01,Olorunda Ijale,13,A.U.D. Ijale Papa  Ii,002,27/01/13/002,Ogun Central,Owode/Odeda
Ogun,27,Abeokuta North,01,Olorunda Ijale,13,"Anlg Pry Sch, Ijole Orile",003,27/01/13/003,Ogun Central,Owode/Odeda
Ogun,27,Abeokuta North,01,Olorunda Ijale,13,Seriki Village,004,27/01/13/004,Ogun Central,Owode/Odeda
Ogun,27,Abeokuta North,01,Olorunda Ijale,13,Baptist Pry. School Tibo  I,005,27/01/13/005,Ogun Central,Owode/Odeda
Ogun,27,Abeokuta North,01,Olorunda Ijale,13,Baptist Pry. School Tibo  Ii,006,27/01/13/006,Ogun Central,Owode/Odeda
Ogun,27,Abeokuta North,01,Olorunda Ijale,13,"Maternity Centre, Olorunda",007,27/01/13/007,Ogun Central,Owode/Odeda
Ogun,27,Abeokuta North,01,Olorunda Ijale,13,Baptist School Olorunda  Ii,008,27/01/13/008,Ogun Central,Owode/Odeda
Ogun,27,Abeokuta North,01,Olorunda Ijale,13,A.L.G. Begbinlawo  I,009,27/01/13/009,Ogun Central,Owode/Odeda
Ogun,27,Abeokuta North,01,Olorunda Ijale,13,A.L.G. Begbinlawo  Ii,010,27/01/13/010,Ogun Central,Owode/Odeda
Ogun,27,Abeokuta North,01,Olorunda Ijale,13,Ilogun Orile Village,011,27/01/13/011,Ogun Central,Owode/Odeda
Ogun,27,Abeokuta North,01,Olorunda Ijale,13,A.N.G. Idi-Ori,012,27/01/13/012,Ogun Central,Owode/Odeda
Ogun,27,Abeokuta North,01,Olorunda Ijale,13,R.C.M. Keesan Orile  I,013,27/01/13/013,Ogun Central,Owode/Odeda
Ogun,27,Abeokuta North,01,Olorunda Ijale,13,R.C.M. Keesan Orile  Ii,014,27/01/13/014,Ogun Central,Owode/Odeda
Ogun,27,Abeokuta North,01,Olorunda Ijale,13,A.N.G. Akiliyi,015,27/01/13/015,Ogun Central,Owode/Odeda
Ogun,27,Abeokuta North,01,Olorunda Ijale,13,Akiegun Junction,016,27/01/13/016,Ogun Central,Owode/Odeda
Ogun,27,Abeokuta North,01,Olorunda Ijale,13,A.L.G. School Fapote,017,27/01/13/017,Ogun Central,Owode/Odeda
Ogun,27,Abeokuta North,01,Imalaidiemi,14,A.L.G. School Imala  I,001,27/01/14/001,Ogun Central,Owode/Odeda
Ogun,27,Abeokuta North,01,Imalaidiemi,14,A.L.G. School Imala  Ii,002,27/01/14/002,Ogun Central,Owode/Odeda
Ogun,27,Abeokuta North,01,Imalaidiemi,14,A.L.G. School Imala  Iii,003,27/01/14/003,Ogun Central,Owode/Odeda
Ogun,27,Abeokuta North,01,Imalaidiemi,14,A.L.G. School Imala  Iv,004,27/01/14/004,Ogun Central,Owode/Odeda
Ogun,27,Abeokuta North,01,Imalaidiemi,14,A.L.G. School Imala  V,005,27/01/14/005,Ogun Central,Owode/Odeda
Ogun,27,Abeokuta North,01,Imalaidiemi,14,Oyan Farm Settlement  I,006,27/01/14/006,Ogun Central,Owode/Odeda
Ogun,27,Abeokuta North,01,Imalaidiemi,14,Oyan Farm Settlement  Ii,007,27/01/14/007,Ogun Central,Owode/Odeda
Ogun,27,Abeokuta North,01,Imalaidiemi,14,F.S.P Idi-Emi   I,008,27/01/14/008,Ogun Central,Owode/Odeda
Ogun,27,Abeokuta North,01,Imalaidiemi,14,F.S.P Idi-Emi   Ii,009,27/01/14/009,Ogun Central,Owode/Odeda
Ogun,27,Abeokuta North,01,Imalaidiemi,14,F.S.P Idi-Emi   Iii,010,27/01/14/010,Ogun Central,Owode/Odeda
Ogun,27,Abeokuta North,01,Imalaidiemi,14,F.S.P Idi-Emi   Iv,011,27/01/14/011,Ogun Central,Owode/Odeda
Ogun,27,Abeokuta North,01,Imalaidiemi,14,A.L.G. Anigbado,012,27/01/14/012,Ogun Central,Owode/Odeda
Ogun,27,Abeokuta North,01,Imalaidiemi,14,St. Mathew Idi-Emi  I,013,27/01/14/013,Ogun Central,Owode/Odeda
Ogun,27,Abeokuta North,01,Imalaidiemi,14,St. Mathew Idi-Emi  Ii,014,27/01/14/014,Ogun Central,Owode/Odeda
Ogun,27,Abeokuta North,01,Imalaidiemi,14,St. Mathew Idi-Emi  Iii,015,27/01/14/015,Ogun Central,Owode/Odeda
Ogun,27,Abeokuta North,01,Imalaidiemi,14,"Anlg Sch, Olodo",016,27/01/14/016,Ogun Central,Owode/Odeda
Ogun,27,Abeokuta North,01,Imalaidiemi,14,A.N.G. Akapa  I,017,27/01/14/017,Ogun Central,Owode/Odeda
Ogun,27,Abeokuta North,01,Imalaidiemi,14,"Anlg Pry Sch, Molomo",018,27/01/14/018,Ogun Central,Owode/Odeda
Ogun,27,Abeokuta North,01,Imalaidiemi,14,Ipaya  Akintunde,019,27/01/14/019,Ogun Central,Owode/Odeda
Ogun,27,Abeokuta North,01,Imalaidiemi,14,A.N.L.G. School Olukosi,020,27/01/14/020,Ogun Central,Owode/Odeda
Ogun,27,Abeokuta North,01,Imalaidiemi,14,St. Patrick Ileniku,021,27/01/14/021,Ogun Central,Owode/Odeda
Ogun,27,Abeokuta North,01,Imalaidiemi,14,Obalakun  I,022,27/01/14/022,Ogun Central,Owode/Odeda
Ogun,27,Abeokuta North,01,Imalaidiemi,14,Obalakun  Ii,023,27/01/14/023,Ogun Central,Owode/Odeda
Ogun,27,Abeokuta North,01,Imalaidiemi,14,"Open Space At Ago Ibara, Idiemi",024,27/01/14/024,Ogun Central,Owode/Odeda
Ogun,27,Abeokuta North,01,Isaga Ilewo,15,St. Paul-Ilewo Orile,001,27/01/15/001,Ogun Central,Owode/Odeda
Ogun,27,Abeokuta North,01,Isaga Ilewo,15,St. Paul-Ilewo Orile,002,27/01/15/002,Ogun Central,Owode/Odeda
Ogun,27,Abeokuta North,01,Isaga Ilewo,15,L.G. School Abese Ogongo,003,27/01/15/003,Ogun Central,Owode/Odeda
Ogun,27,Abeokuta North,01,Isaga Ilewo,15,Loki Village,004,27/01/15/004,Ogun Central,Owode/Odeda
Ogun,27,Abeokuta North,01,Isaga Ilewo,15,Ang Pry. School Isaga  I,005,27/01/15/005,Ogun Central,Owode/Odeda
Ogun,27,Abeokuta North,01,Isaga Ilewo,15,Ang Pry. School Isaga  Ii,006,27/01/15/006,Ogun Central,Owode/Odeda
Ogun,27,Abeokuta North,01,Isaga Ilewo,15,Koosa Village,007,27/01/15/007,Ogun Central,Owode/Odeda
Ogun,27,Abeokuta North,01,Isaga Ilewo,15,S.A.A. Pry. School Kuta  I,008,27/01/15/008,Ogun Central,Owode/Odeda
Ogun,27,Abeokuta North,01,Isaga Ilewo,15,S.A.A. Pry. School Kuta  Ii,009,27/01/15/009,Ogun Central,Owode/Odeda
Ogun,27,Abeokuta North,01,Isaga Ilewo,15,Ang. School Ikereku  I,010,27/01/15/010,Ogun Central,Owode/Odeda
Ogun,27,Abeokuta North,01,Isaga Ilewo,15,Ang. School Ikereku  Ii,011,27/01/15/011,Ogun Central,Owode/Odeda
Ogun,27,Abeokuta North,01,Isaga Ilewo,15,A.C. School Atapa Ikoyi,012,27/01/15/012,Ogun Central,Owode/Odeda
Ogun,27,Abeokuta North,01,Isaga Ilewo,15,Kukudi Village,013,27/01/15/013,Ogun Central,Owode/Odeda
Ogun,27,Abeokuta North,01,Isaga Ilewo,15,Fagbenro Village,014,27/01/15/014,Ogun Central,Owode/Odeda
Ogun,27,Abeokuta North,01,Isaga Ilewo,15,Alg. School Sawgote,015,27/01/15/015,Ogun Central,Owode/Odeda
Ogun,27,Abeokuta North,01,Isaga Ilewo,15,Oluwo Village,016,27/01/15/016,Ogun Central,Owode/Odeda
Ogun,27,Abeokuta North,01,Isaga Ilewo,15,"Open Space In Front Of Community Town Hall, Isaga Orile",017,27/01/15/017,Ogun Central,Owode/Odeda
Ogun,27,Abeokuta North,01,Ibara Orile/Onisasa,16,Oke Ata Housing Est  I,001,27/01/16/001,Ogun Central,Owode/Odeda
Ogun,27,Abeokuta North,01,Ibara Orile/Onisasa,16,Oke Ata Housing Est  Ii,002,27/01/16/002,Ogun Central,Owode/Odeda
Ogun,27,Abeokuta North,01,Ibara Orile/Onisasa,16,St. Lukes Ibara Orile I,003,27/01/16/003,Ogun Central,Owode/Odeda
Ogun,27,Abeokuta North,01,Ibara Orile/Onisasa,16,St. Lukes Ibara Orile Ii,004,27/01/16/004,Ogun Central,Owode/Odeda
Ogun,27,Abeokuta North,01,Ibara Orile/Onisasa,16,Near Surakat Mosque,005,27/01/16/005,Ogun Central,Owode/Odeda
Ogun,27,Abeokuta North,01,Ibara Orile/Onisasa,16,Near Mammy Market Alamala,006,27/01/16/006,Ogun Central,Owode/Odeda
Ogun,27,Abeokuta North,01,Ibara Orile/Onisasa,16,A.N.L.G. Idiya,007,27/01/16/007,Ogun Central,Owode/Odeda
Ogun,27,Abeokuta North,01,Ibara Orile/Onisasa,16,Onisasa Village,008,27/01/16/008,Ogun Central,Owode/Odeda
Ogun,27,Abeokuta North,01,Ibara Orile/Onisasa,16,St. John'S School Idi-Ori,009,27/01/16/009,Ogun Central,Owode/Odeda
Ogun,27,Abeokuta North,01,Ibara Orile/Onisasa,16,Ilugun Village,010,27/01/16/010,Ogun Central,Owode/Odeda
Ogun,27,Abeokuta North,01,Ibara Orile/Onisasa,16,Community Pri.Sch. Ibaro,011,27/01/16/011,Ogun Central,Owode/Odeda
Ogun,27,Abeokuta North,01,Ibara Orile/Onisasa,16,Adeleye Village,012,27/01/16/012,Ogun Central,Owode/Odeda
Ogun,27,Abeokuta North,01,Ibara Orile/Onisasa,16,Isale Isolo,013,27/01/16/013,Ogun Central,Owode/Odeda
Ogun,27,Abeokuta North,01,Ibara Orile/Onisasa,16,Isale Baale,014,27/01/16/014,Ogun Central,Owode/Odeda
Ogun,27,Abeokuta North,01,Ibara Orile/Onisasa,16,Idi-Igba Village,015,27/01/16/015,Ogun Central,Owode/Odeda
Ogun,27,Abeokuta North,01,Ibara Orile/Onisasa,16,African Sch. Elefun Osile,016,27/01/16/016,Ogun Central,Owode/Odeda
Ogun,27,Abeokuta North,01,Ibara Orile/Onisasa,16,St. Joseph Rcm Nur/Pry School Oluwo Village,017,27/01/16/017,Ogun Central,Owode/Odeda
Ogun,27,Abeokuta North,01,Ibara Orile/Onisasa,16,Open Space In Front Of Proposed Health Center Ile-Ise Awo,018,27/01/16/018,Ogun Central,Owode/Odeda
Ogun,27,Abeokuta North,01,Ibara Orile/Onisasa,16,"Open Space At Olorunsogo Adio , Soyoye",019,27/01/16/019,Ogun Central,Owode/Odeda
Ogun,27,Abeokuta North,01,Ibara Orile/Onisasa,16,"Open Space At Ilupeju Idiya Junction, Idiya",020,27/01/16/020,Ogun Central,Owode/Odeda
Ogun,27,Abeokuta North,01,Ibara Orile/Onisasa,16,".A.N.L.G Nursery And Primary School, Adio Ajegunle Soyoye.",021,27/01/16/021,Ogun Central,Owode/Odeda
Ogun,27,Abeokuta North,01,Ibara Orile/Onisasa,16,"Open Space At Transformer Junction, Tunde Oladipo Housing Estate, Greenfield Rounder",022,27/01/16/022,Ogun Central,Owode/Odeda
Ogun,27,Abeokuta North,01,Ibara Orile/Onisasa,16,"Near Isale Ola Comminity Hall, Soyoye",023,27/01/16/023,Ogun Central,Owode/Odeda
Ogun,27,Abeokuta North,01,Ibara Orile/Onisasa,16,"Open Space In Front Of Oriola Comminity Hall, Soyoye",024,27/01/16/024,Ogun Central,Owode/Odeda
Ogun,27,Abeokuta North,01,Ibara Orile/Onisasa,16,"Open Space In Front Of Community Hall, Idi-Ori",025,27/01/16/025,Ogun Central,Owode/Odeda
Ogun,27,Abeokuta North,01,Ibara Orile/Onisasa,16,"Open Space In Front Of Community Health Centre, Adeun",026,27/01/16/026,Ogun Central,Owode/Odeda
Ogun,27,Abeokuta North,01,Ibara Orile/Onisasa,16,"Open Space At Mercy Land Estate, Adeun",027,27/01/16/027,Ogun Central,Owode/Odeda
Ogun,27,Abeokuta North,01,Ibara Orile/Onisasa,16,"A.N.L.G Nursery And Primary School, Mango Oke Ata.",028,27/01/16/028,Ogun Central,Owode/Odeda
Ogun,27,Abeokuta South,02,Ake I,01,St. Peters School Ake,001,27/02/01/001,Ogun Central,Abeokuta South
Ogun,27,Abeokuta South,02,Ake I,01,Centenary Hall Ake  I,002,27/02/01/002,Ogun Central,Abeokuta South
Ogun,27,Abeokuta South,02,Ake I,01,Centenary Hall Ake  Ii,003,27/02/01/003,Ogun Central,Abeokuta South
Ogun,27,Abeokuta South,02,Ake I,01,Bus Stop Opp. C.A.C. Isale-Ake,004,27/02/01/004,Ogun Central,Abeokuta South
Ogun,27,Abeokuta South,02,Ake I,01,"Bus Stop Near Petrol Station, Sale-Ake I",005,27/02/01/005,Ogun Central,Abeokuta South
Ogun,27,Abeokuta South,02,Ake I,01,"Bus Stop Near Petrol Station, Sale-Ake Ii",006,27/02/01/006,Ogun Central,Abeokuta South
Ogun,27,Abeokuta South,02,Ake I,01,Open Space Molete Mkt. Erunwon  I,007,27/02/01/007,Ogun Central,Abeokuta South
Ogun,27,Abeokuta South,02,Ake I,01,Open Space Ibarapa Ake Mkt.,008,27/02/01/008,Ogun Central,Abeokuta South
Ogun,27,Abeokuta South,02,Ake I,01,"Opp. Ogbon, House Erunwon  I",009,27/02/01/009,Ogun Central,Abeokuta South
Ogun,27,Abeokuta South,02,Ake I,01,"Opp. Ogbon, House Erunwon  Ii",010,27/02/01/010,Ogun Central,Abeokuta South
Ogun,27,Abeokuta South,02,Ake I,01,Int. Oso Balogun Hs Erunwon,011,27/02/01/011,Ogun Central,Abeokuta South
Ogun,27,Abeokuta South,02,Ake I,01,St. Peters Claver School Itesi  I,012,27/02/01/012,Ogun Central,Abeokuta South
Ogun,27,Abeokuta South,02,Ake I,01,Christ Ang School Iporo-Ake  I,013,27/02/01/013,Ogun Central,Abeokuta South
Ogun,27,Abeokuta South,02,Ake I,01,Christ Ang School Iporo-Ake  Ii,014,27/02/01/014,Ogun Central,Abeokuta South
Ogun,27,Abeokuta South,02,Ake I,01,Open Space At Ago-Owe,015,27/02/01/015,Ogun Central,Abeokuta South
Ogun,27,Abeokuta South,02,Ake I,01,Open Space Infront Of Ake'S Mosque,016,27/02/01/016,Ogun Central,Abeokuta South
Ogun,27,Abeokuta South,02,Ake I,01,Open Space Infront Of Ake'S Mosque,017,27/02/01/017,Ogun Central,Abeokuta South
Ogun,27,Abeokuta South,02,Ake I,01,"Customary Court, Ake",018,27/02/01/018,Ogun Central,Abeokuta South
Ogun,27,Abeokuta South,02,Ake I,01,"T-Junction Beside Transformer, Ligegere,Ake",019,27/02/01/019,Ogun Central,Abeokuta South
Ogun,27,Abeokuta South,02,Ake I,01,Open Space Behind C.A.C Isale Ake (Idi Ero),020,27/02/01/020,Ogun Central,Abeokuta South
Ogun,27,Abeokuta South,02,Ake I,01,"Open Space Behind Ogunmokun, Isale Ake",021,27/02/01/021,Ogun Central,Abeokuta South
Ogun,27,Abeokuta South,02,Ake I,01,"Open Space, Iporo Ake Sawmill,Iporo Ake",022,27/02/01/022,Ogun Central,Abeokuta South
Ogun,27,Abeokuta South,02,Ake I,01,Ita Adila Erunwon,023,27/02/01/023,Ogun Central,Abeokuta South
Ogun,27,Abeokuta South,02,Ake I,01,Open Space Opp. Erunwon Central Mosq.,024,27/02/01/024,Ogun Central,Abeokuta South
Ogun,27,Abeokuta South,02,Ake I,01,Itesi Oroki Community Hall,025,27/02/01/025,Ogun Central,Abeokuta South
Ogun,27,Abeokuta South,02,Ake I,01,"Open Space Beside Anglican Church, Iporo Ake",026,27/02/01/026,Ogun Central,Abeokuta South
Ogun,27,Abeokuta South,02,Ake Ii,02,New Aregba,001,27/02/02/001,Ogun Central,Abeokuta South
Ogun,27,Abeokuta South,02,Ake Ii,02,Aregba Dispensary I,002,27/02/02/002,Ogun Central,Abeokuta South
Ogun,27,Abeokuta South,02,Ake Ii,02,Aregba Dispensary Ii,003,27/02/02/003,Ogun Central,Abeokuta South
Ogun,27,Abeokuta South,02,Ake Ii,02,Near Ese-Okuta Aregba,004,27/02/02/004,Ogun Central,Abeokuta South
Ogun,27,Abeokuta South,02,Ake Ii,02,"Opp. Ago-Ora Mosque, Aregba",005,27/02/02/005,Ogun Central,Abeokuta South
Ogun,27,Abeokuta South,02,Ake Ii,02,A.L.G School Adatan,006,27/02/02/006,Ogun Central,Abeokuta South
Ogun,27,Abeokuta South,02,Ake Ii,02,Open Space At Sineco I,007,27/02/02/007,Ogun Central,Abeokuta South
Ogun,27,Abeokuta South,02,Ake Ii,02,Oke-Ola Mosques Car Wash,008,27/02/02/008,Ogun Central,Abeokuta South
Ogun,27,Abeokuta South,02,Ake Ii,02,"Near C. C. C, Asero I",009,27/02/02/009,Ogun Central,Abeokuta South
Ogun,27,Abeokuta South,02,Ake Ii,02,Asero High School,010,27/02/02/010,Ogun Central,Abeokuta South
Ogun,27,Abeokuta South,02,Ake Ii,02,Space Near Fajol Hotel,011,27/02/02/011,Ogun Central,Abeokuta South
Ogun,27,Abeokuta South,02,Ake Ii,02,Bello Bajomo'S House,012,27/02/02/012,Ogun Central,Abeokuta South
Ogun,27,Abeokuta South,02,Ake Ii,02,Open Space Near Olorunkemi'S Hounse,013,27/02/02/013,Ogun Central,Abeokuta South
Ogun,27,Abeokuta South,02,Ake Ii,02,"Open Space Near Paragon N/P Sch, Aregba",014,27/02/02/014,Ogun Central,Abeokuta South
Ogun,27,Abeokuta South,02,Ake Ii,02,Alh Olowogbola Mosq. Aregba,015,27/02/02/015,Ogun Central,Abeokuta South
Ogun,27,Abeokuta South,02,Ake Ii,02,Open Space Opp. Somoye'S House,016,27/02/02/016,Ogun Central,Abeokuta South
Ogun,27,Abeokuta South,02,Ake Ii,02,Open Space Near Foursquare Nursery Sch Opp. Stadium,017,27/02/02/017,Ogun Central,Abeokuta South
Ogun,27,Abeokuta South,02,Ake Ii,02,"Ifelere Community Town Hall, Arokoje",018,27/02/02/018,Ogun Central,Abeokuta South
Ogun,27,Abeokuta South,02,Ake Ii,02,Open Space Near Ebenezer Church Behind Crown Royal,019,27/02/02/019,Ogun Central,Abeokuta South
Ogun,27,Abeokuta South,02,Ake Ii,02,"Olasunkanmi Community Hall, Asero",020,27/02/02/020,Ogun Central,Abeokuta South
Ogun,27,Abeokuta South,02,Ake Ii,02,"Ebenerzer Bapt. Sch. Annex, Isokan, Asero",021,27/02/02/021,Ogun Central,Abeokuta South
Ogun,27,Abeokuta South,02,Ake Ii,02,"Open Space Beside Transformer, Kotogbo, Asero",022,27/02/02/022,Ogun Central,Abeokuta South
Ogun,27,Abeokuta South,02,Ake Ii,02,Ilupeju Labaiwa Community Town Hall,023,27/02/02/023,Ogun Central,Abeokuta South
Ogun,27,Abeokuta South,02,Ake Ii,02,"Eid Ground, Oke Odo, Labaiwa",024,27/02/02/024,Ogun Central,Abeokuta South
Ogun,27,Abeokuta South,02,Ake Ii,02,"Ile Pako Junction, Oke Aregba",025,27/02/02/025,Ogun Central,Abeokuta South
Ogun,27,Abeokuta South,02,Ake Ii,02,"Complex Junction, Aladesanmi",026,27/02/02/026,Ogun Central,Abeokuta South
Ogun,27,Abeokuta South,02,Ake Ii,02,"Open Space Opp. Ebenezer Villa, Obantoko",027,27/02/02/027,Ogun Central,Abeokuta South
Ogun,27,Abeokuta South,02,Ake Ii,02,"Moshood Abiola Model Sch Iii, Fajol",028,27/02/02/028,Ogun Central,Abeokuta South
Ogun,27,Abeokuta South,02,Ake Ii,02,"Infront Of Goshen Estate Gate,Asero",029,27/02/02/029,Ogun Central,Abeokuta South
Ogun,27,Abeokuta South,02,Ake Ii,02,"Near Anuoluwapo Comm. Hall, Olose",030,27/02/02/030,Ogun Central,Abeokuta South
Ogun,27,Abeokuta South,02,Ake Ii,02,"Arokoje Junction, Beside Transformer, Arokoje",031,27/02/02/031,Ogun Central,Abeokuta South
Ogun,27,Abeokuta South,02,Ake Ii,02,"Ori Oke Judah Junction, Arokoje",032,27/02/02/032,Ogun Central,Abeokuta South
Ogun,27,Abeokuta South,02,Ake Ii,02,"Open Space Near Dawah House Mosq. Ajegunle Titun, Fajol",033,27/02/02/033,Ogun Central,Abeokuta South
Ogun,27,Abeokuta South,02,Ake Ii,02,"Ire Akari Comm., Behind Kampala Market, Asero",034,27/02/02/034,Ogun Central,Abeokuta South
Ogun,27,Abeokuta South,02,Ake Ii,02,"Oke Temidire Junction, Beside Mosque, Opp. Crown Royal",035,27/02/02/035,Ogun Central,Abeokuta South
Ogun,27,Abeokuta South,02,Ake Iii,03,St. Augustine Pry. Sch. Adatan,001,27/02/03/001,Ogun Central,Abeokuta South
Ogun,27,Abeokuta South,02,Ake Iii,03,St. Augustine Pry. Sch. Adatan  Ii,002,27/02/03/002,Ogun Central,Abeokuta South
Ogun,27,Abeokuta South,02,Ake Iii,03,Opp. Adatan Mosque,003,27/02/03/003,Ogun Central,Abeokuta South
Ogun,27,Abeokuta South,02,Ake Iii,03,Meth Pry. Sch. Adatan  I,004,27/02/03/004,Ogun Central,Abeokuta South
Ogun,27,Abeokuta South,02,Ake Iii,03,In Front Of Ogboni'S Hs Oke-Ero,005,27/02/03/005,Ogun Central,Abeokuta South
Ogun,27,Abeokuta South,02,Ake Iii,03,Near Odutayo'S Comp. Isale Abetu,006,27/02/03/006,Ogun Central,Abeokuta South
Ogun,27,Abeokuta South,02,Ake Iii,03,"C.A.C. Lantoro, Abeokuta  I",007,27/02/03/007,Ogun Central,Abeokuta South
Ogun,27,Abeokuta South,02,Ake Iii,03,Opp. Lantoro (S.H.H.) I,008,27/02/03/008,Ogun Central,Abeokuta South
Ogun,27,Abeokuta South,02,Ake Iii,03,Lantoro High Sch. Abeokuta  I,009,27/02/03/009,Ogun Central,Abeokuta South
Ogun,27,Abeokuta South,02,Ake Iii,03,Lantoro High Sch. Abeokuta  Ii,010,27/02/03/010,Ogun Central,Abeokuta South
Ogun,27,Abeokuta South,02,Ake Iii,03,Open Space Near Ogunbona'S Hs  I,011,27/02/03/011,Ogun Central,Abeokuta South
Ogun,27,Abeokuta South,02,Ake Iii,03,Open Space Near Ogunbona'S Hs  Ii,012,27/02/03/012,Ogun Central,Abeokuta South
Ogun,27,Abeokuta South,02,Ake Iii,03,Open Space Near Abule-Oloni  I,013,27/02/03/013,Ogun Central,Abeokuta South
Ogun,27,Abeokuta South,02,Ake Iii,03,"Near Bus-Stop Junction Oke-Lantoro, Ab",014,27/02/03/014,Ogun Central,Abeokuta South
Ogun,27,Abeokuta South,02,Ake Iii,03,"Near Bus-Stop Junction Oke-Lantoro, Ab",015,27/02/03/015,Ogun Central,Abeokuta South
Ogun,27,Abeokuta South,02,Ake Iii,03,Open Space At Abata Junction Oluwo,016,27/02/03/016,Ogun Central,Abeokuta South
Ogun,27,Abeokuta South,02,Ake Iii,03,"Open Space At Oluwo Ifa Itoko Town Hall, Oluwo",017,27/02/03/017,Ogun Central,Abeokuta South
Ogun,27,Abeokuta South,02,Ake Iii,03,"Open Space Opp. Ima Mosque, Ilagbe",018,27/02/03/018,Ogun Central,Abeokuta South
Ogun,27,Abeokuta South,02,Ake Iii,03,"Open Space Near Christ Gospel Witness Church, Abiola Way",019,27/02/03/019,Ogun Central,Abeokuta South
Ogun,27,Abeokuta South,02,Ake Iii,03,Transformer Junction Oke Abetu,020,27/02/03/020,Ogun Central,Abeokuta South
Ogun,27,Abeokuta South,02,Ake Iii,03,Open Space Near Oke Ero Mosque,021,27/02/03/021,Ogun Central,Abeokuta South
Ogun,27,Abeokuta South,02,Ake Iii,03,"Open Space Near, Adatan Sawmill Adatan",022,27/02/03/022,Ogun Central,Abeokuta South
Ogun,27,Abeokuta South,02,Ake Iii,03,"Open Space Beside Ilupeju Mosque, Oke Lantoro",023,27/02/03/023,Ogun Central,Abeokuta South
Ogun,27,Abeokuta South,02,Ake Iii,03,Ogd Nur & Pry Sch. Oluwo Ologbe,024,27/02/03/024,Ogun Central,Abeokuta South
Ogun,27,Abeokuta South,02,Ake Iii,03,Abule Oluwo Junction Opp. Odo Eran,025,27/02/03/025,Ogun Central,Abeokuta South
Ogun,27,Abeokuta South,02,Ake Iii,03,"Open Space Infront Of Peculiar Baptist Church, Baasala",026,27/02/03/026,Ogun Central,Abeokuta South
Ogun,27,Abeokuta South,02,Ake Iii,03,Oke Borehole Ilagbe Junction,027,27/02/03/027,Ogun Central,Abeokuta South
Ogun,27,Abeokuta South,02,Ake Iii,03,Isale Abetu Junction Beside Ontec Hall,028,27/02/03/028,Ogun Central,Abeokuta South
Ogun,27,Abeokuta South,02,Ake Iii,03,"Open Space Beside Omotara Centeral Mosque, Abule Oloni",029,27/02/03/029,Ogun Central,Abeokuta South
Ogun,27,Abeokuta South,02,Keesi/Emere,04,St. Mary A/C Sch. Oke-Efon I,001,27/02/04/001,Ogun Central,Abeokuta South
Ogun,27,Abeokuta South,02,Keesi/Emere,04,St. Mary A/C Sch. Oke-Efon Ii,002,27/02/04/002,Ogun Central,Abeokuta South
Ogun,27,Abeokuta South,02,Keesi/Emere,04,Open Space Inf Ogboni'S Hs Oke-Efon I,003,27/02/04/003,Ogun Central,Abeokuta South
Ogun,27,Abeokuta South,02,Keesi/Emere,04,Open Space Inf Ogboni'S Hs Oke-Efon Ii,004,27/02/04/004,Ogun Central,Abeokuta South
Ogun,27,Abeokuta South,02,Keesi/Emere,04,Open Space Near Chief Y.M. Abudu'S House I,005,27/02/04/005,Ogun Central,Abeokuta South
Ogun,27,Abeokuta South,02,Keesi/Emere,04,Open Space Near Chief Y.M. Abudu'S House  Ii,006,27/02/04/006,Ogun Central,Abeokuta South
Ogun,27,Abeokuta South,02,Keesi/Emere,04,Eben Bapt. Sch. Oke-Saje  I,007,27/02/04/007,Ogun Central,Abeokuta South
Ogun,27,Abeokuta South,02,Keesi/Emere,04,St. Peters Claver'S Sch. Oke-Efon  Ii,008,27/02/04/008,Ogun Central,Abeokuta South
Ogun,27,Abeokuta South,02,Keesi/Emere,04,Bapt. Boys High Sch. Saje  I,009,27/02/04/009,Ogun Central,Abeokuta South
Ogun,27,Abeokuta South,02,Keesi/Emere,04,Bapt. Boys High Sch. Saje  Ii,010,27/02/04/010,Ogun Central,Abeokuta South
Ogun,27,Abeokuta South,02,Keesi/Emere,04,Open Space At Quarry Junction  I,011,27/02/04/011,Ogun Central,Abeokuta South
Ogun,27,Abeokuta South,02,Keesi/Emere,04,Emmanuel Ang. Pry. Sch. Keesi  I,012,27/02/04/012,Ogun Central,Abeokuta South
Ogun,27,Abeokuta South,02,Keesi/Emere,04,Open Space At Ojulakijena Keesi   I,013,27/02/04/013,Ogun Central,Abeokuta South
Ogun,27,Abeokuta South,02,Keesi/Emere,04,Open Space At Ojulakijena Keesi   Ii,014,27/02/04/014,Ogun Central,Abeokuta South
Ogun,27,Abeokuta South,02,Keesi/Emere,04,R.C.M. Sch. Emere  I,015,27/02/04/015,Ogun Central,Abeokuta South
Ogun,27,Abeokuta South,02,Keesi/Emere,04,Open Space At Isoka  I,016,27/02/04/016,Ogun Central,Abeokuta South
Ogun,27,Abeokuta South,02,Keesi/Emere,04,Open Space At Isoka  Ii,017,27/02/04/017,Ogun Central,Abeokuta South
Ogun,27,Abeokuta South,02,Keesi/Emere,04,Inf Of Ogboni House Emere,018,27/02/04/018,Ogun Central,Abeokuta South
Ogun,27,Abeokuta South,02,Keesi/Emere,04,Open Space Near A.L.G. Aregba I,019,27/02/04/019,Ogun Central,Abeokuta South
Ogun,27,Abeokuta South,02,Keesi/Emere,04,Near A.L.G. Clinic Keesi  I,020,27/02/04/020,Ogun Central,Abeokuta South
Ogun,27,Abeokuta South,02,Keesi/Emere,04,Near A.L.G. Clinic Keesi  Ii,021,27/02/04/021,Ogun Central,Abeokuta South
Ogun,27,Abeokuta South,02,Keesi/Emere,04,Open Space Ikopa Mosque,022,27/02/04/022,Ogun Central,Abeokuta South
Ogun,27,Abeokuta South,02,Keesi/Emere,04,Inf Of Ogboni Hs Ikopa,023,27/02/04/023,Ogun Central,Abeokuta South
Ogun,27,Abeokuta South,02,Keesi/Emere,04,Open Space Near Ojo Oke-Iro,024,27/02/04/024,Ogun Central,Abeokuta South
Ogun,27,Abeokuta South,02,Keesi/Emere,04,A.L.G. Sch. Kugba,025,27/02/04/025,Ogun Central,Abeokuta South
Ogun,27,Abeokuta South,02,Keesi/Emere,04,"Open Space Near Oko Oloyun, Eco Gas",026,27/02/04/026,Ogun Central,Abeokuta South
Ogun,27,Abeokuta South,02,Keesi/Emere,04,"Open Space Near Mechanics Village, Olobi",027,27/02/04/027,Ogun Central,Abeokuta South
Ogun,27,Abeokuta South,02,Keesi/Emere,04,Open Space Near Hadji Tanko Petrol Station,028,27/02/04/028,Ogun Central,Abeokuta South
Ogun,27,Abeokuta South,02,Keesi/Emere,04,"Open Space Near Shofoluke'S House, Itoko Titun, Oke Efon",029,27/02/04/029,Ogun Central,Abeokuta South
Ogun,27,Abeokuta South,02,Keesi/Emere,04,Arinlese Junction,030,27/02/04/030,Ogun Central,Abeokuta South
Ogun,27,Abeokuta South,02,Keesi/Emere,04,Open Space Near Ilupeju Comm. Central Mosq.,031,27/02/04/031,Ogun Central,Abeokuta South
Ogun,27,Abeokuta South,02,Ijemo,05,U.A.M.C. Pry Sch. Eleja,001,27/02/05/001,Ogun Central,Abeokuta South
Ogun,27,Abeokuta South,02,Ijemo,05,U.A.M.C. Pry Sch. Eleja  Ii,002,27/02/05/002,Ogun Central,Abeokuta South
Ogun,27,Abeokuta South,02,Ijemo,05,Oba Ademola Hospital  I,003,27/02/05/003,Ogun Central,Abeokuta South
Ogun,27,Abeokuta South,02,Ijemo,05,Oba Ademola Hospital  Ii,004,27/02/05/004,Ogun Central,Abeokuta South
Ogun,27,Abeokuta South,02,Ijemo,05,R.C.M. Sch. Oke-Padre  I,005,27/02/05/005,Ogun Central,Abeokuta South
Ogun,27,Abeokuta South,02,Ijemo,05,Bayewunmi Mosque  I,006,27/02/05/006,Ogun Central,Abeokuta South
Ogun,27,Abeokuta South,02,Ijemo,05,Bayewunmi Mosque  Ii,007,27/02/05/007,Ogun Central,Abeokuta South
Ogun,27,Abeokuta South,02,Ijemo,05,A.L.G. Dispensary,008,27/02/05/008,Ogun Central,Abeokuta South
Ogun,27,Abeokuta South,02,Ijemo,05,Ogboni Ijako House  I,009,27/02/05/009,Ogun Central,Abeokuta South
Ogun,27,Abeokuta South,02,Ijemo,05,Ile Ogboni Ijako  Ii,010,27/02/05/010,Ogun Central,Abeokuta South
Ogun,27,Abeokuta South,02,Ijemo,05,Sawyer'S Hall,011,27/02/05/011,Ogun Central,Abeokuta South
Ogun,27,Abeokuta South,02,Ijemo,05,Sawyer'S Hall  Ii,012,27/02/05/012,Ogun Central,Abeokuta South
Ogun,27,Abeokuta South,02,Ijemo,05,Open Space Near Ogboni Ibon House,013,27/02/05/013,Ogun Central,Abeokuta South
Ogun,27,Abeokuta South,02,Ijemo,05,Open Space Apostolic Ijemo Agbadu I,014,27/02/05/014,Ogun Central,Abeokuta South
Ogun,27,Abeokuta South,02,Ijemo,05,Open Space Near Odo-Oja Booth,015,27/02/05/015,Ogun Central,Abeokuta South
Ogun,27,Abeokuta South,02,Ijemo,05,A.L.G. Pry. Sch. Ijerno,016,27/02/05/016,Ogun Central,Abeokuta South
Ogun,27,Abeokuta South,02,Ijemo,05,Open Space Near Ogunsola'S House,017,27/02/05/017,Ogun Central,Abeokuta South
Ogun,27,Abeokuta South,02,Ijemo,05,"Open Space, Ilogbo Junction, Ijemo Agbadu",018,27/02/05/018,Ogun Central,Abeokuta South
Ogun,27,Abeokuta South,02,Ijemo,05,Open Space Near Aranse Oluwa Mosque Ijemo Sodeke,019,27/02/05/019,Ogun Central,Abeokuta South
Ogun,27,Abeokuta South,02,Ijemo,05,"Open Space Idi Ero, Ijako",020,27/02/05/020,Ogun Central,Abeokuta South
Ogun,27,Abeokuta South,02,Ijemo,05,"Open Space Opp.Idi Oshe Mosque, Ijemo",021,27/02/05/021,Ogun Central,Abeokuta South
Ogun,27,Abeokuta South,02,Ijemo,05,"Open Space At Oju Aremo, Ijemo",022,27/02/05/022,Ogun Central,Abeokuta South
Ogun,27,Abeokuta South,02,Ijemo,05,"Open Space Near Adenekan'S House,Ibon",023,27/02/05/023,Ogun Central,Abeokuta South
Ogun,27,Abeokuta South,02,Itoko,06,Open Space-Inf Of Peters Hs Itoko,001,27/02/06/001,Ogun Central,Abeokuta South
Ogun,27,Abeokuta South,02,Itoko,06,E.A.;C. Pry. Sch  Itoko,002,27/02/06/002,Ogun Central,Abeokuta South
Ogun,27,Abeokuta South,02,Itoko,06,Open Space Oju-Agemo  I,003,27/02/06/003,Ogun Central,Abeokuta South
Ogun,27,Abeokuta South,02,Itoko,06,Open Space Oju-Agemo  Ii,004,27/02/06/004,Ogun Central,Abeokuta South
Ogun,27,Abeokuta South,02,Itoko,06,Open Space Shonlu Comp.,005,27/02/06/005,Ogun Central,Abeokuta South
Ogun,27,Abeokuta South,02,Itoko,06,Open Space Near Apitipiti Comp.,006,27/02/06/006,Ogun Central,Abeokuta South
Ogun,27,Abeokuta South,02,Itoko,06,N.U.D. Pry. School. Oke-Aleji,007,27/02/06/007,Ogun Central,Abeokuta South
Ogun,27,Abeokuta South,02,Itoko,06,Open Space Ita-Gbangba,008,27/02/06/008,Ogun Central,Abeokuta South
Ogun,27,Abeokuta South,02,Itoko,06,Open Space Ile-Eja,009,27/02/06/009,Ogun Central,Abeokuta South
Ogun,27,Abeokuta South,02,Itoko,06,Open Space Behind Emi-Abata  I,010,27/02/06/010,Ogun Central,Abeokuta South
Ogun,27,Abeokuta South,02,Itoko,06,Mosque Near Hospital Isale-Itoko,011,27/02/06/011,Ogun Central,Abeokuta South
Ogun,27,Abeokuta South,02,Itoko,06,Near Oke Itoko Mosque,012,27/02/06/012,Ogun Central,Abeokuta South
Ogun,27,Abeokuta South,02,Itoko,06,Open Space Opp. Ago Ibadan Mosque,013,27/02/06/013,Ogun Central,Abeokuta South
Ogun,27,Abeokuta South,02,Itoko,06,Open Space Opp. Adeniji'S House,014,27/02/06/014,Ogun Central,Abeokuta South
Ogun,27,Abeokuta South,02,Itoko,06,"Open Space By Community Dev. Agency Borehole,Itoko",015,27/02/06/015,Ogun Central,Abeokuta South
Ogun,27,Abeokuta South,02,Itoko,06,"Open Space Near Apostolic Church, Agbegilere, Itoko",016,27/02/06/016,Ogun Central,Abeokuta South
Ogun,27,Abeokuta South,02,Ijaye/Idi-Aba,07,Open Space At Ijaye Garage  I,001,27/02/07/001,Ogun Central,Abeokuta South
Ogun,27,Abeokuta South,02,Ijaye/Idi-Aba,07,Open Space At Ijaye Garage  Ii,002,27/02/07/002,Ogun Central,Abeokuta South
Ogun,27,Abeokuta South,02,Ijaye/Idi-Aba,07,Oja Ale Ijaiye I,003,27/02/07/003,Ogun Central,Abeokuta South
Ogun,27,Abeokuta South,02,Ijaye/Idi-Aba,07,Oja Ale Ijaiye Ii,004,27/02/07/004,Ogun Central,Abeokuta South
Ogun,27,Abeokuta South,02,Ijaye/Idi-Aba,07,Ist Bapt. Pry. Sch. Ijaye  I,005,27/02/07/005,Ogun Central,Abeokuta South
Ogun,27,Abeokuta South,02,Ijaye/Idi-Aba,07,Ist Bapt. Pry. Sch. Ijaye Ii,006,27/02/07/006,Ogun Central,Abeokuta South
Ogun,27,Abeokuta South,02,Ijaye/Idi-Aba,07,Open Space Near Alh. Seye House,007,27/02/07/007,Ogun Central,Abeokuta South
Ogun,27,Abeokuta South,02,Ijaye/Idi-Aba,07,Ijaye Comm. Pry Sch.  I,008,27/02/07/008,Ogun Central,Abeokuta South
Ogun,27,Abeokuta South,02,Ijaye/Idi-Aba,07,Open Space Oladosu Mosque,009,27/02/07/009,Ogun Central,Abeokuta South
Ogun,27,Abeokuta South,02,Ijaye/Idi-Aba,07,Open Space Near Folaranmi Hs  I,010,27/02/07/010,Ogun Central,Abeokuta South
Ogun,27,Abeokuta South,02,Ijaye/Idi-Aba,07,Open Space Near Folaranmi Hs Ii,011,27/02/07/011,Ogun Central,Abeokuta South
Ogun,27,Abeokuta South,02,Ijaye/Idi-Aba,07,Bus-Stop At Ijaye  I,012,27/02/07/012,Ogun Central,Abeokuta South
Ogun,27,Abeokuta South,02,Ijaye/Idi-Aba,07,Open Space Near Alh. Akanni Iroko Hs I,013,27/02/07/013,Ogun Central,Abeokuta South
Ogun,27,Abeokuta South,02,Ijaye/Idi-Aba,07,Open Space Near Alh. Akanni Iroko Hs Ii,014,27/02/07/014,Ogun Central,Abeokuta South
Ogun,27,Abeokuta South,02,Ijaye/Idi-Aba,07,Bode Ijaye Pry School,015,27/02/07/015,Ogun Central,Abeokuta South
Ogun,27,Abeokuta South,02,Ijaye/Idi-Aba,07,St.James Pry School Idi-Aba  I,016,27/02/07/016,Ogun Central,Abeokuta South
Ogun,27,Abeokuta South,02,Ijaye/Idi-Aba,07,St.James Pry School Idi-Aba  Ii,017,27/02/07/017,Ogun Central,Abeokuta South
Ogun,27,Abeokuta South,02,Ijaye/Idi-Aba,07,Bapt Pry Sch Idi-Aba  I,018,27/02/07/018,Ogun Central,Abeokuta South
Ogun,27,Abeokuta South,02,Ijaye/Idi-Aba,07,Bapt Pry Sch Idi-Aba  Ii,019,27/02/07/019,Ogun Central,Abeokuta South
Ogun,27,Abeokuta South,02,Ijaye/Idi-Aba,07,Open Space At Kenta H/Estate,020,27/02/07/020,Ogun Central,Abeokuta South
Ogun,27,Abeokuta South,02,Ijaye/Idi-Aba,07,Space Near Electrim,021,27/02/07/021,Ogun Central,Abeokuta South
Ogun,27,Abeokuta South,02,Ijaye/Idi-Aba,07,Open Space Near Iyana Odegbami,022,27/02/07/022,Ogun Central,Abeokuta South
Ogun,27,Abeokuta South,02,Ijaye/Idi-Aba,07,Open Space Near Oyegunle House,023,27/02/07/023,Ogun Central,Abeokuta South
Ogun,27,Abeokuta South,02,Ijaye/Idi-Aba,07,Opp. Tekobo Bakery,024,27/02/07/024,Ogun Central,Abeokuta South
Ogun,27,Abeokuta South,02,Ijaye/Idi-Aba,07,Open Space Near Kusimo'S House Kemta,025,27/02/07/025,Ogun Central,Abeokuta South
Ogun,27,Abeokuta South,02,Ijaye/Idi-Aba,07,Open Space Near Alhaji Ayanwole'S House,026,27/02/07/026,Ogun Central,Abeokuta South
Ogun,27,Abeokuta South,02,Ijaye/Idi-Aba,07,Prince Court Estate Kemta Housing Idi-Aba,027,27/02/07/027,Ogun Central,Abeokuta South
Ogun,27,Abeokuta South,02,Ijaye/Idi-Aba,07,Open Space  Beside Fmc Idi Aba,028,27/02/07/028,Ogun Central,Abeokuta South
Ogun,27,Abeokuta South,02,Ijaye/Idi-Aba,07,Open Space At Ogo Oluwa Bus Stop Elite Road,029,27/02/07/029,Ogun Central,Abeokuta South
Ogun,27,Abeokuta South,02,Ijaye/Idi-Aba,07,Open Space Near C C C Olorunsogo Area,030,27/02/07/030,Ogun Central,Abeokuta South
Ogun,27,Abeokuta South,02,Ijaye/Idi-Aba,07,Open Space Ratqub Mosq. Olorunsogo (Aramis),031,27/02/07/031,Ogun Central,Abeokuta South
Ogun,27,Abeokuta South,02,Ijaye/Idi-Aba,07,Lisabi Grammar School Idi-Aba,032,27/02/07/032,Ogun Central,Abeokuta South
Ogun,27,Abeokuta South,02,Ijaye/Idi-Aba,07,Open Space At Bayo Ali Street Tekobo Idi-Aba,033,27/02/07/033,Ogun Central,Abeokuta South
Ogun,27,Abeokuta South,02,Ijaye/Idi-Aba,07,Konga Pako Junction Olorunsogo,034,27/02/07/034,Ogun Central,Abeokuta South
Ogun,27,Abeokuta South,02,Ijaye/Idi-Aba,07,Open Space At Olokuta Housing Gate,035,27/02/07/035,Ogun Central,Abeokuta South
Ogun,27,Abeokuta South,02,Ijaye/Idi-Aba,07,Open Space At Abule Kemta Oya Near Baale'S House,036,27/02/07/036,Ogun Central,Abeokuta South
Ogun,27,Abeokuta South,02,Ijaye/Idi-Aba,07,"Open Space At Oke Odo Beside Power Line, Kemta",037,27/02/07/037,Ogun Central,Abeokuta South
Ogun,27,Abeokuta South,02,Ijaye/Idi-Aba,07,Under Power Line Open Field Abule Ojo,038,27/02/07/038,Ogun Central,Abeokuta South
Ogun,27,Abeokuta South,02,Ijaye/Idi-Aba,07,Open Space Near Baale'S House Abule  Ake,039,27/02/07/039,Ogun Central,Abeokuta South
Ogun,27,Abeokuta South,02,Ijaye/Idi-Aba,07,Open Field Under Power Line Abule Ake,040,27/02/07/040,Ogun Central,Abeokuta South
Ogun,27,Abeokuta South,02,Ijaye/Idi-Aba,07,Open Field At Olokuta Estate,041,27/02/07/041,Ogun Central,Abeokuta South
Ogun,27,Abeokuta South,02,Ijaye/Idi-Aba,07,"Behind Emupae Mosque Ajegunle, Elite",042,27/02/07/042,Ogun Central,Abeokuta South
Ogun,27,Abeokuta South,02,Ijaye/Idi-Aba,07,"Power Line  Abule Nla, Idi-Aba",043,27/02/07/043,Ogun Central,Abeokuta South
Ogun,27,Abeokuta South,02,Ijaye/Idi-Aba,07,Open Space At Elite Junction Idi-Aba,044,27/02/07/044,Ogun Central,Abeokuta South
Ogun,27,Abeokuta South,02,Ijaye/Idi-Aba,07,Open Space Beside Osoba Bridge Oke Jigbo,045,27/02/07/045,Ogun Central,Abeokuta South
Ogun,27,Abeokuta South,02,Erunbe/Oke Ijeun,08,"Open Space Near Ogboni Hs, Oke Ijeun I",001,27/02/08/001,Ogun Central,Abeokuta South
Ogun,27,Abeokuta South,02,Erunbe/Oke Ijeun,08,"Open Space Near Ogboni Hs, Oke Ijeun Ii",002,27/02/08/002,Ogun Central,Abeokuta South
Ogun,27,Abeokuta South,02,Erunbe/Oke Ijeun,08,Near Olorunlugo Fish Depot,003,27/02/08/003,Ogun Central,Abeokuta South
Ogun,27,Abeokuta South,02,Erunbe/Oke Ijeun,08,Salvation Army Pry Sch.,004,27/02/08/004,Ogun Central,Abeokuta South
Ogun,27,Abeokuta South,02,Erunbe/Oke Ijeun,08,Lisabi Pry. School,005,27/02/08/005,Ogun Central,Abeokuta South
Ogun,27,Abeokuta South,02,Erunbe/Oke Ijeun,08,Open Space Near Ilogbo Junction I,006,27/02/08/006,Ogun Central,Abeokuta South
Ogun,27,Abeokuta South,02,Erunbe/Oke Ijeun,08,Open Space Near Ilogbo Junction Ii,007,27/02/08/007,Ogun Central,Abeokuta South
Ogun,27,Abeokuta South,02,Erunbe/Oke Ijeun,08,Open Space Near Oke-Jigbo Bus-Stop I,008,27/02/08/008,Ogun Central,Abeokuta South
Ogun,27,Abeokuta South,02,Erunbe/Oke Ijeun,08,Open Space Near Oke-Jigbo Bus-Stop Ii,009,27/02/08/009,Ogun Central,Abeokuta South
Ogun,27,Abeokuta South,02,Erunbe/Oke Ijeun,08,Open Space Near Apesin'S H/S,010,27/02/08/010,Ogun Central,Abeokuta South
Ogun,27,Abeokuta South,02,Erunbe/Oke Ijeun,08,Open Space Near Sodipe'S Comp Oke-Ijeun,011,27/02/08/011,Ogun Central,Abeokuta South
Ogun,27,Abeokuta South,02,Erunbe/Oke Ijeun,08,Open Space Inf Of Omoyayi'S House,012,27/02/08/012,Ogun Central,Abeokuta South
Ogun,27,Abeokuta South,02,Erunbe/Oke Ijeun,08,Open Space Inf Of State Hospital  I,013,27/02/08/013,Ogun Central,Abeokuta South
Ogun,27,Abeokuta South,02,Erunbe/Oke Ijeun,08,Open Space Inf Of State Hospital  Ii,014,27/02/08/014,Ogun Central,Abeokuta South
Ogun,27,Abeokuta South,02,Erunbe/Oke Ijeun,08,Kuti Pry. School  I,015,27/02/08/015,Ogun Central,Abeokuta South
Ogun,27,Abeokuta South,02,Erunbe/Oke Ijeun,08,Ita Agemo Erunbe  I,016,27/02/08/016,Ogun Central,Abeokuta South
Ogun,27,Abeokuta South,02,Erunbe/Oke Ijeun,08,Ita Agemo Erunbe  Ii,017,27/02/08/017,Ogun Central,Abeokuta South
Ogun,27,Abeokuta South,02,Erunbe/Oke Ijeun,08,Open Space Near Chief Akande'S House,018,27/02/08/018,Ogun Central,Abeokuta South
Ogun,27,Abeokuta South,02,Erunbe/Oke Ijeun,08,Open Space Near Chief Akande'S House,019,27/02/08/019,Ogun Central,Abeokuta South
Ogun,27,Abeokuta South,02,Erunbe/Oke Ijeun,08,N.U.D.Pry Sch,020,27/02/08/020,Ogun Central,Abeokuta South
Ogun,27,Abeokuta South,02,Erunbe/Oke Ijeun,08,Open Space Near Sojobi'S House,021,27/02/08/021,Ogun Central,Abeokuta South
Ogun,27,Abeokuta South,02,Erunbe/Oke Ijeun,08,Open Space Near Lowo House Opp.,022,27/02/08/022,Ogun Central,Abeokuta South
Ogun,27,Abeokuta South,02,Erunbe/Oke Ijeun,08,"Opp. Methodist, Pry Sch. Ilogbo",023,27/02/08/023,Ogun Central,Abeokuta South
Ogun,27,Abeokuta South,02,Erunbe/Oke Ijeun,08,"Open Space Near White House, Oke Ijeun",024,27/02/08/024,Ogun Central,Abeokuta South
Ogun,27,Abeokuta South,02,Erunbe/Oke Ijeun,08,"Open Space Arawa Compound, Sapon",025,27/02/08/025,Ogun Central,Abeokuta South
Ogun,27,Abeokuta South,02,Erunbe/Oke Ijeun,08,"Open Space Near  Rosiji Junction, Okejigbo",026,27/02/08/026,Ogun Central,Abeokuta South
Ogun,27,Abeokuta South,02,Ago-Egun/Ijesa,09,Open Space Near Celestial Church Ijeun Titun,001,27/02/09/001,Ogun Central,Abeokuta South
Ogun,27,Abeokuta South,02,Ago-Egun/Ijesa,09,Opp. Ijeun Titun Mosque I,002,27/02/09/002,Ogun Central,Abeokuta South
Ogun,27,Abeokuta South,02,Ago-Egun/Ijesa,09,Open Space Near Ijeun Titun Mosque Ii,003,27/02/09/003,Ogun Central,Abeokuta South
Ogun,27,Abeokuta South,02,Ago-Egun/Ijesa,09,Open Space Inf Ekundayo'S House  I,004,27/02/09/004,Ogun Central,Abeokuta South
Ogun,27,Abeokuta South,02,Ago-Egun/Ijesa,09,Open Space Inf Ekundayo'S House  Ii,005,27/02/09/005,Ogun Central,Abeokuta South
Ogun,27,Abeokuta South,02,Ago-Egun/Ijesa,09,Open Space Near Bale'S House Ijeun-Titun  I,006,27/02/09/006,Ogun Central,Abeokuta South
Ogun,27,Abeokuta South,02,Ago-Egun/Ijesa,09,Open Space Near Bale'S House Ijeun-Titun  Ii,007,27/02/09/007,Ogun Central,Abeokuta South
Ogun,27,Abeokuta South,02,Ago-Egun/Ijesa,09,Open Space Near Ijeun Titun Lodge  I,008,27/02/09/008,Ogun Central,Abeokuta South
Ogun,27,Abeokuta South,02,Ago-Egun/Ijesa,09,Open Space Near Agunbiade'S House Ii (Opp. Ogboni House Eruwon I),009,27/02/09/009,Ogun Central,Abeokuta South
Ogun,27,Abeokuta South,02,Ago-Egun/Ijesa,09,Open Space Near Agunbiade'S House Ii (Opp. Ogboni House Eruwon Ii),010,27/02/09/010,Ogun Central,Abeokuta South
Ogun,27,Abeokuta South,02,Ago-Egun/Ijesa,09,Open Space Near Olugbemi St. Idi-Ero,011,27/02/09/011,Ogun Central,Abeokuta South
Ogun,27,Abeokuta South,02,Ago-Egun/Ijesa,09,Open Space Near Aranse Oluwa  Olorombo  I,012,27/02/09/012,Ogun Central,Abeokuta South
Ogun,27,Abeokuta South,02,Ago-Egun/Ijesa,09,Open Space Near Aranse Oluwa  Olorombo  Ii,013,27/02/09/013,Ogun Central,Abeokuta South
Ogun,27,Abeokuta South,02,Ago-Egun/Ijesa,09,Open Space Near Oduntan'S House Ago-Egun I,014,27/02/09/014,Ogun Central,Abeokuta South
Ogun,27,Abeokuta South,02,Ago-Egun/Ijesa,09,Open Space Near Baale Leme'S House,015,27/02/09/015,Ogun Central,Abeokuta South
Ogun,27,Abeokuta South,02,Ago-Egun/Ijesa,09,Open Space Near Chief Derin'S House [Ifesowapo],016,27/02/09/016,Ogun Central,Abeokuta South
Ogun,27,Abeokuta South,02,Ago-Egun/Ijesa,09,Open Space In Front Owotutu'S  House,017,27/02/09/017,Ogun Central,Abeokuta South
Ogun,27,Abeokuta South,02,Ago-Egun/Ijesa,09,Open Space In Front Leme Central Mosque,018,27/02/09/018,Ogun Central,Abeokuta South
Ogun,27,Abeokuta South,02,Ago-Egun/Ijesa,09,Open Space In Front Ewang Housing Estate,019,27/02/09/019,Ogun Central,Abeokuta South
Ogun,27,Abeokuta South,02,Ago-Egun/Ijesa,09,Opp. Ifelodun Co-Operative C.E.S (Abiola Way)[Ifesowapo],020,27/02/09/020,Ogun Central,Abeokuta South
Ogun,27,Abeokuta South,02,Ago-Egun/Ijesa,09,Booth Opp. Baba Onifa'S House Leme,021,27/02/09/021,Ogun Central,Abeokuta South
Ogun,27,Abeokuta South,02,Ago-Egun/Ijesa,09,Open Space Opp. Abeokuta South Health Center Laderin,022,27/02/09/022,Ogun Central,Abeokuta South
Ogun,27,Abeokuta South,02,Ago-Egun/Ijesa,09,Open Space Obasanjo Hill Top Gate Oke- Mosan,023,27/02/09/023,Ogun Central,Abeokuta South
Ogun,27,Abeokuta South,02,Ago-Egun/Ijesa,09,Open Space Opp. God Of Isreal Sch. Lukosi,024,27/02/09/024,Ogun Central,Abeokuta South
Ogun,27,Abeokuta South,02,Ago-Egun/Ijesa,09,Open Space Folarin Junction Beside Transformer Ijeun Lukosi,025,27/02/09/025,Ogun Central,Abeokuta South
Ogun,27,Abeokuta South,02,Ago-Egun/Ijesa,09,Social Center Lud Site V Housing Estate Ewang,026,27/02/09/026,Ogun Central,Abeokuta South
Ogun,27,Abeokuta South,02,Ago-Egun/Ijesa,09,Open Space Near Khalifa Adenekan House Ijeun Titun,027,27/02/09/027,Ogun Central,Abeokuta South
Ogun,27,Abeokuta South,02,Ago-Egun/Ijesa,09,Open Space Beside Burial Ground Ago-Egun,028,27/02/09/028,Ogun Central,Abeokuta South
Ogun,27,Abeokuta South,02,Ago-Egun/Ijesa,09,Open Space Opp. Magnus Smith Nur/Pry Sch. Ijeun Titun,029,27/02/09/029,Ogun Central,Abeokuta South
Ogun,27,Abeokuta South,02,Ago-Egun/Ijesa,09,Open Space Oremeji Street Near Egbeyemi House Ijeun Tuntun,030,27/02/09/030,Ogun Central,Abeokuta South
Ogun,27,Abeokuta South,02,Ago-Egun/Ijesa,09,Open Space Behind Baale'S House Olorombo,031,27/02/09/031,Ogun Central,Abeokuta South
Ogun,27,Abeokuta South,02,Ago-Egun/Ijesa,09,Open Space Jagun Street Ijeun Tuntun,032,27/02/09/032,Ogun Central,Abeokuta South
Ogun,27,Abeokuta South,02,Ago-Egun/Ijesa,09,Ube Pry School Surulere Leme,033,27/02/09/033,Ogun Central,Abeokuta South
Ogun,27,Abeokuta South,02,Ago-Egun/Ijesa,09,Open Space Beside Inec Ijeun Titun,034,27/02/09/034,Ogun Central,Abeokuta South
Ogun,27,Abeokuta South,02,Ago-Egun/Ijesa,09,Open Space Somefun Inside (Ijeun Titun),035,27/02/09/035,Ogun Central,Abeokuta South
Ogun,27,Abeokuta South,02,Ago-Egun/Ijesa,09,Open Space Labulo Street Ago Ijesha,036,27/02/09/036,Ogun Central,Abeokuta South
Ogun,27,Abeokuta South,02,Ago-Egun/Ijesa,09,"Open Space Sonola Street, Ijeun Titun",037,27/02/09/037,Ogun Central,Abeokuta South
Ogun,27,Abeokuta South,02,Ago-Egun/Ijesa,09,T-Junction Oyerogba Street Ewang Junction Leme,038,27/02/09/038,Ogun Central,Abeokuta South
Ogun,27,Abeokuta South,02,Sodeke/Sale-Ijeun I,10,Opp. Sekon'S Mosq. Isale-Ijeun,001,27/02/10/001,Ogun Central,Abeokuta South
Ogun,27,Abeokuta South,02,Sodeke/Sale-Ijeun I,10,Open Space Near Adeogun House Isale-Ijeun I,002,27/02/10/002,Ogun Central,Abeokuta South
Ogun,27,Abeokuta South,02,Sodeke/Sale-Ijeun I,10,Open Space Near Adeogun House Isale-Ijeun Ii,003,27/02/10/003,Ogun Central,Abeokuta South
Ogun,27,Abeokuta South,02,Sodeke/Sale-Ijeun I,10,Near Chief Dasaolu'S House Isale Ijeun,004,27/02/10/004,Ogun Central,Abeokuta South
Ogun,27,Abeokuta South,02,Sodeke/Sale-Ijeun I,10,Open Space Near Itanlea Idiero Sodeke I,005,27/02/10/005,Ogun Central,Abeokuta South
Ogun,27,Abeokuta South,02,Sodeke/Sale-Ijeun I,10,Open Space Near Ibi-Egun-Njo Iporo,006,27/02/10/006,Ogun Central,Abeokuta South
Ogun,27,Abeokuta South,02,Sodeke/Sale-Ijeun I,10,Open Space Near Central Mosq. Kobiti I,007,27/02/10/007,Ogun Central,Abeokuta South
Ogun,27,Abeokuta South,02,Sodeke/Sale-Ijeun I,10,Open Space Near Central Mosq. Kobiti Ii,008,27/02/10/008,Ogun Central,Abeokuta South
Ogun,27,Abeokuta South,02,Sodeke/Sale-Ijeun I,10,N.U.D. Pry School Isale-Ijeun  I,009,27/02/10/009,Ogun Central,Abeokuta South
Ogun,27,Abeokuta South,02,Sodeke/Sale-Ijeun I,10,N.U.D. Pry School Isale-Ijeun  Ii,010,27/02/10/010,Ogun Central,Abeokuta South
Ogun,27,Abeokuta South,02,Sodeke/Sale-Ijeun Ii,11,Open Space Near Onjoko Mosq Oke-Bode  Ii,001,27/02/11/001,Ogun Central,Abeokuta South
Ogun,27,Abeokuta South,02,Sodeke/Sale-Ijeun Ii,11,Open Space Near Oke-Itoku Mosq. I,002,27/02/11/002,Ogun Central,Abeokuta South
Ogun,27,Abeokuta South,02,Sodeke/Sale-Ijeun Ii,11,Open Space Near Oke-Itoku Mosq. Ii,003,27/02/11/003,Ogun Central,Abeokuta South
Ogun,27,Abeokuta South,02,Sodeke/Sale-Ijeun Ii,11,Near Ile-Ogboni Oke-Itoku,004,27/02/11/004,Ogun Central,Abeokuta South
Ogun,27,Abeokuta South,02,Sodeke/Sale-Ijeun Ii,11,Open Space Near Ile-Ogboni Oke-Itoku  Ii,005,27/02/11/005,Ogun Central,Abeokuta South
Ogun,27,Abeokuta South,02,Sodeke/Sale-Ijeun Ii,11,Open Space Near Town Planning  - I,006,27/02/11/006,Ogun Central,Abeokuta South
Ogun,27,Abeokuta South,02,Sodeke/Sale-Ijeun Ii,11,Open Space Near Town Planning - Ii,007,27/02/11/007,Ogun Central,Abeokuta South
Ogun,27,Abeokuta South,02,Sodeke/Sale-Ijeun Ii,11,Open Space Ojulakijena  I,008,27/02/11/008,Ogun Central,Abeokuta South
Ogun,27,Abeokuta South,02,Sodeke/Sale-Ijeun Ii,11,Open Space Ojulakijena  Ii,009,27/02/11/009,Ogun Central,Abeokuta South
Ogun,27,Abeokuta South,02,Sodeke/Sale-Ijeun Ii,11,Inf. Of O.G.B.C. Imo I,010,27/02/11/010,Ogun Central,Abeokuta South
Ogun,27,Abeokuta South,02,Sodeke/Sale-Ijeun Ii,11,Open Space Near Obamewa'S House I,011,27/02/11/011,Ogun Central,Abeokuta South
Ogun,27,Abeokuta South,02,Sodeke/Sale-Ijeun Ii,11,Open Space Near Kehinde'S House,012,27/02/11/012,Ogun Central,Abeokuta South
Ogun,27,Abeokuta South,02,Sodeke/Sale-Ijeun Ii,11,St. Joseph R.C.M. Oke-Bode  I,013,27/02/11/013,Ogun Central,Abeokuta South
Ogun,27,Abeokuta South,02,Sodeke/Sale-Ijeun Ii,11,St. Joseph R.C.M. Oke-Bode  Ii,014,27/02/11/014,Ogun Central,Abeokuta South
Ogun,27,Abeokuta South,02,Sodeke/Sale-Ijeun Ii,11,Open Space Near Ago-Otun I,015,27/02/11/015,Ogun Central,Abeokuta South
Ogun,27,Abeokuta South,02,Sodeke/Sale-Ijeun Ii,11,Open Space Near Ago-Otun Ii,016,27/02/11/016,Ogun Central,Abeokuta South
Ogun,27,Abeokuta South,02,Sodeke/Sale-Ijeun Ii,11,All Saint School Kobiti,017,27/02/11/017,Ogun Central,Abeokuta South
Ogun,27,Abeokuta South,02,Sodeke/Sale-Ijeun Ii,11,Open Space Kemta Odutolu Mosq,018,27/02/11/018,Ogun Central,Abeokuta South
Ogun,27,Abeokuta South,02,Sodeke/Sale-Ijeun Ii,11,"Open Space Bus Stop, Bata Itoku I",019,27/02/11/019,Ogun Central,Abeokuta South
Ogun,27,Abeokuta South,02,Sodeke/Sale-Ijeun Ii,11,"Open Space Bus Stop, Bata Itoku Ii",020,27/02/11/020,Ogun Central,Abeokuta South
Ogun,27,Abeokuta South,02,Sodeke/Sale-Ijeun Ii,11,Open Space At Odunbaku Close,021,27/02/11/021,Ogun Central,Abeokuta South
Ogun,27,Abeokuta South,02,Sodeke/Sale-Ijeun Ii,11,Open Space Near Akinsola'S House,022,27/02/11/022,Ogun Central,Abeokuta South
Ogun,27,Abeokuta South,02,Sodeke/Sale-Ijeun Ii,11,Open Space Beside Itoku Mosque I,023,27/02/11/023,Ogun Central,Abeokuta South
Ogun,27,Abeokuta South,02,Sodeke/Sale-Ijeun Ii,11,Open Space Beside Itoku Mosque Ii,024,27/02/11/024,Ogun Central,Abeokuta South
Ogun,27,Abeokuta South,02,Sodeke/Sale-Ijeun Ii,11,Pry Sch Idi-Ape I,025,27/02/11/025,Ogun Central,Abeokuta South
Ogun,27,Abeokuta South,02,Sodeke/Sale-Ijeun Ii,11,"Old Ile Eja, Okebode",026,27/02/11/026,Ogun Central,Abeokuta South
Ogun,27,Abeokuta South,02,Sodeke/Sale-Ijeun Ii,11,"Open Space At Oluga Street, Okebode",027,27/02/11/027,Ogun Central,Abeokuta South
Ogun,27,Abeokuta South,02,Imo/Isabo,12,Open Space Near Mrs. Kuti'S House,001,27/02/12/001,Ogun Central,Abeokuta South
Ogun,27,Abeokuta South,02,Imo/Isabo,12,Open Space Near Nepa Road,002,27/02/12/002,Ogun Central,Abeokuta South
Ogun,27,Abeokuta South,02,Imo/Isabo,12,Near Orunsolu'S House,003,27/02/12/003,Ogun Central,Abeokuta South
Ogun,27,Abeokuta South,02,Imo/Isabo,12,Open Space Ita-Agemo I,004,27/02/12/004,Ogun Central,Abeokuta South
Ogun,27,Abeokuta South,02,Imo/Isabo,12,Open Space Ita-Agemo Ii [Aro'S House],005,27/02/12/005,Ogun Central,Abeokuta South
Ogun,27,Abeokuta South,02,Imo/Isabo,12,Ita Ogboni Igbein,006,27/02/12/006,Ogun Central,Abeokuta South
Ogun,27,Abeokuta South,02,Imo/Isabo,12,Open Space Near Isale Igbein Mosque,007,27/02/12/007,Ogun Central,Abeokuta South
Ogun,27,Abeokuta South,02,Imo/Isabo,12,Open Space Isale Igbein Mosque Ii,008,27/02/12/008,Ogun Central,Abeokuta South
Ogun,27,Abeokuta South,02,Imo/Isabo,12,Cont. Education Centre [Zenith Bank],009,27/02/12/009,Ogun Central,Abeokuta South
Ogun,27,Abeokuta South,02,Imo/Isabo,12,Cont. Education Centre  Ii [Imo Meth],010,27/02/12/010,Ogun Central,Abeokuta South
Ogun,27,Abeokuta South,02,Imo/Isabo,12,Open Space Near Government House I,011,27/02/12/011,Ogun Central,Abeokuta South
Ogun,27,Abeokuta South,02,Imo/Isabo,12,Open Space Near Government House Ii [Magistrate C],012,27/02/12/012,Ogun Central,Abeokuta South
Ogun,27,Abeokuta South,02,Imo/Isabo,12,Opp. Meth Church  Imo  I,013,27/02/12/013,Ogun Central,Abeokuta South
Ogun,27,Abeokuta South,02,Imo/Isabo,12,Near Ita-Ogboni Imo,014,27/02/12/014,Ogun Central,Abeokuta South
Ogun,27,Abeokuta South,02,Imo/Isabo,12,Open Space Near Imo Mosque,015,27/02/12/015,Ogun Central,Abeokuta South
Ogun,27,Abeokuta South,02,Imo/Isabo,12,Meth Pry School Oke-Yeke,016,27/02/12/016,Ogun Central,Abeokuta South
Ogun,27,Abeokuta South,02,Imo/Isabo,12,Meth Pry School Oke-Yeke  Ii,017,27/02/12/017,Ogun Central,Abeokuta South
Ogun,27,Abeokuta South,02,Imo/Isabo,12,Open Space Near Arowosafe'S House,018,27/02/12/018,Ogun Central,Abeokuta South
Ogun,27,Abeokuta South,02,Imo/Isabo,12,Opp. Magistrate Court  I,019,27/02/12/019,Ogun Central,Abeokuta South
Ogun,27,Abeokuta South,02,Imo/Isabo,12,Open Space Near Kuto Bus-Stop I,020,27/02/12/020,Ogun Central,Abeokuta South
Ogun,27,Abeokuta South,02,Imo/Isabo,12,Open Space Near Kuto Bus-Stop Ii,021,27/02/12/021,Ogun Central,Abeokuta South
Ogun,27,Abeokuta South,02,Imo/Isabo,12,St. John'S Pry. School I,022,27/02/12/022,Ogun Central,Abeokuta South
Ogun,27,Abeokuta South,02,Imo/Isabo,12,Open Space Isale Oja I,023,27/02/12/023,Ogun Central,Abeokuta South
Ogun,27,Abeokuta South,02,Imo/Isabo,12,Open Space Isale Oja  Ii,024,27/02/12/024,Ogun Central,Abeokuta South
Ogun,27,Abeokuta South,02,Imo/Isabo,12,Open Space Infront Of Oke-Eri Church,025,27/02/12/025,Ogun Central,Abeokuta South
Ogun,27,Abeokuta South,02,Imo/Isabo,12,Open Space Beside Fan Milk Kuto,026,27/02/12/026,Ogun Central,Abeokuta South
Ogun,27,Abeokuta South,02,Imo/Isabo,12,Open Space At Owode Garage Igbein,027,27/02/12/027,Ogun Central,Abeokuta South
Ogun,27,Abeokuta South,02,Imo/Isabo,12,Opposite Police Post Isale Oja Kuto,028,27/02/12/028,Ogun Central,Abeokuta South
Ogun,27,Abeokuta South,02,Imo/Isabo,12,Open Space  At Old National Bank Imo,029,27/02/12/029,Ogun Central,Abeokuta South
Ogun,27,Abeokuta South,02,Imo/Isabo,12,Open Space At Ojuolape Street Amolaso Junction Kuto,030,27/02/12/030,Ogun Central,Abeokuta South
Ogun,27,Abeokuta South,02,Imo/Isabo,12,Open Space Behind  Magistrate  Court,031,27/02/12/031,Ogun Central,Abeokuta South
Ogun,27,Abeokuta South,02,Imo/Isabo,12,Open Space Behind St John Sch. Surulere Isale Oja Kuto,032,27/02/12/032,Ogun Central,Abeokuta South
Ogun,27,Abeokuta South,02,Imo/Isabo,12,"Open Space At Kudoro Junction, Lafaru",033,27/02/12/033,Ogun Central,Abeokuta South
Ogun,27,Abeokuta South,02,Imo/Isabo,12,"Open Space At Church Street Behind Lands , Amolaso",034,27/02/12/034,Ogun Central,Abeokuta South
Ogun,27,Abeokuta South,02,Imo/Isabo,12,Open Space Odofin Compund Isabo,035,27/02/12/035,Ogun Central,Abeokuta South
Ogun,27,Abeokuta South,02,Imo/Isabo,12,Open Space Beside Minaret School Faito Close Amolaso,036,27/02/12/036,Ogun Central,Abeokuta South
Ogun,27,Abeokuta South,02,Imo/Isabo,12,Open Space Beside Mrs Filling Station Isale Igbein,037,27/02/12/037,Ogun Central,Abeokuta South
Ogun,27,Abeokuta South,02,Imo/Isabo,12,Infront Of Maternity Center Ajegunle Street Kuto,038,27/02/12/038,Ogun Central,Abeokuta South
Ogun,27,Abeokuta South,02,Imo/Isabo,12,"Opposite Maria Guest House, Amolaso",039,27/02/12/039,Ogun Central,Abeokuta South
Ogun,27,Abeokuta South,02,Imo/Isabo,12,Infront Of Alh Aladiye'S Mosque Araromi Isabo,040,27/02/12/040,Ogun Central,Abeokuta South
Ogun,27,Abeokuta South,02,Imo/Isabo,12,"Open Space , Oke Sari'S Gate Presidential Hill Top",041,27/02/12/041,Ogun Central,Abeokuta South
Ogun,27,Abeokuta South,02,Imo/Isabo,12,Infront Of Open University Nnpc,042,27/02/12/042,Ogun Central,Abeokuta South
Ogun,27,Abeokuta South,02,Igbore/Ago Oba,13,St. Pauls School Igbore,001,27/02/13/001,Ogun Central,Abeokuta South
Ogun,27,Abeokuta South,02,Igbore/Ago Oba,13,Igbore Town Hall   I,002,27/02/13/002,Ogun Central,Abeokuta South
Ogun,27,Abeokuta South,02,Igbore/Ago Oba,13,Igbore Town Hall   Ii,003,27/02/13/003,Ogun Central,Abeokuta South
Ogun,27,Abeokuta South,02,Igbore/Ago Oba,13,Open Space Near Laloko Compound I,004,27/02/13/004,Ogun Central,Abeokuta South
Ogun,27,Abeokuta South,02,Igbore/Ago Oba,13,Open Space Near Laloko Compound Ii,005,27/02/13/005,Ogun Central,Abeokuta South
Ogun,27,Abeokuta South,02,Igbore/Ago Oba,13,Open Space Near Christ African Church I,006,27/02/13/006,Ogun Central,Abeokuta South
Ogun,27,Abeokuta South,02,Igbore/Ago Oba,13,Open Space Near Christ African Church Ii,007,27/02/13/007,Ogun Central,Abeokuta South
Ogun,27,Abeokuta South,02,Igbore/Ago Oba,13,Open Space Near Ntabo Mosque I,008,27/02/13/008,Ogun Central,Abeokuta South
Ogun,27,Abeokuta South,02,Igbore/Ago Oba,13,Open Space Near Ntabo Mosque Ii,009,27/02/13/009,Ogun Central,Abeokuta South
Ogun,27,Abeokuta South,02,Igbore/Ago Oba,13,Temidire Maternity Hospital,010,27/02/13/010,Ogun Central,Abeokuta South
Ogun,27,Abeokuta South,02,Igbore/Ago Oba,13,Open Space Near Oluwo'S Compound I,011,27/02/13/011,Ogun Central,Abeokuta South
Ogun,27,Abeokuta South,02,Igbore/Ago Oba,13,Open Space Near Apostolic Faith Church,012,27/02/13/012,Ogun Central,Abeokuta South
Ogun,27,Abeokuta South,02,Igbore/Ago Oba,13,"Open Space Near Ogboni'S, Itori-Oke",013,27/02/13/013,Ogun Central,Abeokuta South
Ogun,27,Abeokuta South,02,Igbore/Ago Oba,13,Open Space Near 'Igbore Junction I,014,27/02/13/014,Ogun Central,Abeokuta South
Ogun,27,Abeokuta South,02,Igbore/Ago Oba,13,Open Space Near 'Igbore Junction Ii,015,27/02/13/015,Ogun Central,Abeokuta South
Ogun,27,Abeokuta South,02,Igbore/Ago Oba,13,Open Space Near Odo-Oyo Mosque I,016,27/02/13/016,Ogun Central,Abeokuta South
Ogun,27,Abeokuta South,02,Igbore/Ago Oba,13,Open Space Near Odo-Oyo Mosque Ii,017,27/02/13/017,Ogun Central,Abeokuta South
Ogun,27,Abeokuta South,02,Igbore/Ago Oba,13,A.L.G. Pry. School Ago-Oba,018,27/02/13/018,Ogun Central,Abeokuta South
Ogun,27,Abeokuta South,02,Igbore/Ago Oba,13,Meth Pry. School Ogbe  I,019,27/02/13/019,Ogun Central,Abeokuta South
Ogun,27,Abeokuta South,02,Igbore/Ago Oba,13,Meth Pry. School Ogbe  Ii,020,27/02/13/020,Ogun Central,Abeokuta South
Ogun,27,Abeokuta South,02,Igbore/Ago Oba,13,Open Space Near Itori Odo Mosque,021,27/02/13/021,Ogun Central,Abeokuta South
Ogun,27,Abeokuta South,02,Igbore/Ago Oba,13,Open Space Infront Of Chief Akinremi'S House (Itori-Odo),022,27/02/13/022,Ogun Central,Abeokuta South
Ogun,27,Abeokuta South,02,Igbore/Ago Oba,13,Open Space Near Ago-Oba Central Mosque,023,27/02/13/023,Ogun Central,Abeokuta South
Ogun,27,Abeokuta South,02,Igbore/Ago Oba,13,Open Space Ikanna Community,024,27/02/13/024,Ogun Central,Abeokuta South
Ogun,27,Abeokuta South,02,Igbore/Ago Oba,13,"Open Space Near Akinyele Street(Temidire Maternity), Itori",025,27/02/13/025,Ogun Central,Abeokuta South
Ogun,27,Abeokuta South,02,Igbore/Ago Oba,13,Open Space Miliki Str Ago Oba,026,27/02/13/026,Ogun Central,Abeokuta South
Ogun,27,Abeokuta South,02,Igbore/Ago Oba,13,Open Space Oluwo Osoba Compound Ago Oba,027,27/02/13/027,Ogun Central,Abeokuta South
Ogun,27,Abeokuta South,02,Ibara I,14,Open Space Near Mercy Hospital,001,27/02/14/001,Ogun Central,Abeokuta South
Ogun,27,Abeokuta South,02,Ibara I,14,O.L.L. Primary School Onikoko,002,27/02/14/002,Ogun Central,Abeokuta South
Ogun,27,Abeokuta South,02,Ibara I,14,Open Space 'Saraki Ilupeju Adigbe I,003,27/02/14/003,Ogun Central,Abeokuta South
Ogun,27,Abeokuta South,02,Ibara I,14,Open Space Saraki Ilupeju Adigbe  Ii,004,27/02/14/004,Ogun Central,Abeokuta South
Ogun,27,Abeokuta South,02,Ibara I,14,Open Space Near Safari Junction,005,27/02/14/005,Ogun Central,Abeokuta South
Ogun,27,Abeokuta South,02,Ibara I,14,Housing Estate Pry. Sch. Onikolobo  I,006,27/02/14/006,Ogun Central,Abeokuta South
Ogun,27,Abeokuta South,02,Ibara I,14,Housing Estate Pry. Sch. Onikolobo  Ii,007,27/02/14/007,Ogun Central,Abeokuta South
Ogun,27,Abeokuta South,02,Ibara I,14,Open Space Near Bayewunmi House  I,008,27/02/14/008,Ogun Central,Abeokuta South
Ogun,27,Abeokuta South,02,Ibara I,14,St. Pauls Demonstration School Sodubi  I,009,27/02/14/009,Ogun Central,Abeokuta South
Ogun,27,Abeokuta South,02,Ibara I,14,St. Pauls Demonstration School Sodubi  Ii,010,27/02/14/010,Ogun Central,Abeokuta South
Ogun,27,Abeokuta South,02,Ibara I,14,Ijemo Titun High School,011,27/02/14/011,Ogun Central,Abeokuta South
Ogun,27,Abeokuta South,02,Ibara I,14,Open Space At Olokemeji  I,012,27/02/14/012,Ogun Central,Abeokuta South
Ogun,27,Abeokuta South,02,Ibara I,14,Anglican High School Ibara I,013,27/02/14/013,Ogun Central,Abeokuta South
Ogun,27,Abeokuta South,02,Ibara I,14,Anglican High School Ibara  Ii,014,27/02/14/014,Ogun Central,Abeokuta South
Ogun,27,Abeokuta South,02,Ibara I,14,Open Space Near Chief Omololu'S House,015,27/02/14/015,Ogun Central,Abeokuta South
Ogun,27,Abeokuta South,02,Ibara I,14,Open Space Near Saraki Bus-Stop Adigbe,016,27/02/14/016,Ogun Central,Abeokuta South
Ogun,27,Abeokuta South,02,Ibara I,14,Open Space Near Mercy Hospital,017,27/02/14/017,Ogun Central,Abeokuta South
Ogun,27,Abeokuta South,02,Ibara I,14,Open Space Near Baale'S House Olokemeji,018,27/02/14/018,Ogun Central,Abeokuta South
Ogun,27,Abeokuta South,02,Ibara I,14,Open Space Opp. Of Kat Star Guest Iyana Oloke,019,27/02/14/019,Ogun Central,Abeokuta South
Ogun,27,Abeokuta South,02,Ibara I,14,Open Space Adjcent Waec Office Onikolobo,020,27/02/14/020,Ogun Central,Abeokuta South
Ogun,27,Abeokuta South,02,Ibara I,14,"Open Space, Eniola Junction, Mercy Hosp. Road",021,27/02/14/021,Ogun Central,Abeokuta South
Ogun,27,Abeokuta South,02,Ibara I,14,T. Junction Lemomu Ayeni Close Oluwo,022,27/02/14/022,Ogun Central,Abeokuta South
Ogun,27,Abeokuta South,02,Ibara I,14,Paramount Villa Junction Irepodun C.D.A Oluwo,023,27/02/14/023,Ogun Central,Abeokuta South
Ogun,27,Abeokuta South,02,Ibara I,14,T-Junction Beside Transformer Atobatele Onikoko,024,27/02/14/024,Ogun Central,Abeokuta South
Ogun,27,Abeokuta South,02,Ibara I,14,Odemo Junction Near C.A.C Church Saraki,025,27/02/14/025,Ogun Central,Abeokuta South
Ogun,27,Abeokuta South,02,Ibara I,14,Open Space Omowe Phase Ii Saraki,026,27/02/14/026,Ogun Central,Abeokuta South
Ogun,27,Abeokuta South,02,Ibara I,14,Open Space Near Cele Irapada Surulere Saraki,027,27/02/14/027,Ogun Central,Abeokuta South
Ogun,27,Abeokuta South,02,Ibara I,14,"Open Space Beind Christ Legacy School, Alawaye Saraki",028,27/02/14/028,Ogun Central,Abeokuta South
Ogun,27,Abeokuta South,02,Ibara I,14,Total Child Onikolobo,029,27/02/14/029,Ogun Central,Abeokuta South
Ogun,27,Abeokuta South,02,Ibara I,14,"Open Space At Fan Milk Panseke, Onikoko",030,27/02/14/030,Ogun Central,Abeokuta South
Ogun,27,Abeokuta South,02,Ibara I,14,"Open Space, First Gate Lipede Estate, Onikoko",031,27/02/14/031,Ogun Central,Abeokuta South
Ogun,27,Abeokuta South,02,Ibara I,14,"Open Space Behind New Spring Rose School, Quarry",032,27/02/14/032,Ogun Central,Abeokuta South
Ogun,27,Abeokuta South,02,Ibara I,14,"Open Space, Old Savannah Bank Quarry",033,27/02/14/033,Ogun Central,Abeokuta South
Ogun,27,Abeokuta South,02,Ibara I,14,"Opp. Abdul-Azeez Mosque Kuforiji Junction, Adigbe",034,27/02/14/034,Ogun Central,Abeokuta South
Ogun,27,Abeokuta South,02,Ibara I,14,Iyana Vulcanizer Near Ajegunle Central Mosque Adigbe,035,27/02/14/035,Ogun Central,Abeokuta South
Ogun,27,Abeokuta South,02,Ibara I,14,Araromi Junction Beside Navy Sch.,036,27/02/14/036,Ogun Central,Abeokuta South
Ogun,27,Abeokuta South,02,Ibara I,14,Open Space Ifamodupe Street Saraki,037,27/02/14/037,Ogun Central,Abeokuta South
Ogun,27,Abeokuta South,02,Ibara I,14,Open Space Near Baba Asiko Street Saraki,038,27/02/14/038,Ogun Central,Abeokuta South
Ogun,27,Abeokuta South,02,Ibara I,14,Open Space Green Land'S Academy School,039,27/02/14/039,Ogun Central,Abeokuta South
Ogun,27,Abeokuta South,02,Ibara Ii,15,Near Idi Isin Ibara I,001,27/02/15/001,Ogun Central,Abeokuta South
Ogun,27,Abeokuta South,02,Ibara Ii,15,Near Idi Isin Ibara Ii,002,27/02/15/002,Ogun Central,Abeokuta South
Ogun,27,Abeokuta South,02,Ibara Ii,15,Open Space Near Oke Ipa Ijeja,003,27/02/15/003,Ogun Central,Abeokuta South
Ogun,27,Abeokuta South,02,Ibara Ii,15,Old Ijeja High School,004,27/02/15/004,Ogun Central,Abeokuta South
Ogun,27,Abeokuta South,02,Ibara Ii,15,St. Andrew Pry School Ibara,005,27/02/15/005,Ogun Central,Abeokuta South
Ogun,27,Abeokuta South,02,Ibara Ii,15,Open Space Near Bus-Stop  Ita Eko,006,27/02/15/006,Ogun Central,Abeokuta South
Ogun,27,Abeokuta South,02,Ibara Ii,15,Open Space At Ogundimu Surulere At Ita-Eko,007,27/02/15/007,Ogun Central,Abeokuta South
Ogun,27,Abeokuta South,02,Ibara Ii,15,St. Annes Pry Sch. Oke-Ilewo,008,27/02/15/008,Ogun Central,Abeokuta South
Ogun,27,Abeokuta South,02,Ibara Ii,15,Opp. Old Ogun State Library,009,27/02/15/009,Ogun Central,Abeokuta South
Ogun,27,Abeokuta South,02,Ibara Ii,15,Near Maternity Centre Oke-Ilewo,010,27/02/15/010,Ogun Central,Abeokuta South
Ogun,27,Abeokuta South,02,Ibara Ii,15,G.R.A. Sports Field I,011,27/02/15/011,Ogun Central,Abeokuta South
Ogun,27,Abeokuta South,02,Ibara Ii,15,G.R.A. Sports Field  Ii,012,27/02/15/012,Ogun Central,Abeokuta South
Ogun,27,Abeokuta South,02,Ibara Ii,15,Open Space Near Bus-Stop At Omida I,013,27/02/15/013,Ogun Central,Abeokuta South
Ogun,27,Abeokuta South,02,Ibara Ii,15,Open Space Near Bus-Stop At Omida Ii,014,27/02/15/014,Ogun Central,Abeokuta South
Ogun,27,Abeokuta South,02,Ibara Ii,15,"Open Space Near Fidelity, Ibara",015,27/02/15/015,Ogun Central,Abeokuta South
Ogun,27,Abeokuta South,02,Ibara Ii,15,Open Space At Oluro Compound,016,27/02/15/016,Ogun Central,Abeokuta South
Ogun,27,Abeokuta South,02,Ibara Ii,15,Open Space In Front Of Ogbc,017,27/02/15/017,Ogun Central,Abeokuta South
Ogun,27,Abeokuta South,02,Ibara Ii,15,"Open Space Opp. Oloke Village , Ibara Housing Estate",018,27/02/15/018,Ogun Central,Abeokuta South
Ogun,27,Abeokuta South,02,Ibara Ii,15,Oke Joga Hall Behind Airtel Office Oke-Ilewo,019,27/02/15/019,Ogun Central,Abeokuta South
Ogun,27,Abeokuta South,02,Ibara Ii,15,"Open Space Beside Justrite, Ijeja",020,27/02/15/020,Ogun Central,Abeokuta South
Ogun,27,Abeokuta South,02,Ibara Ii,15,"Open Space P&P Bakery, Ita-Eko",021,27/02/15/021,Ogun Central,Abeokuta South
Ogun,27,Abeokuta South,02,Ibara Ii,15,Open Space Opp. Oluwo Square Ita-Eko,022,27/02/15/022,Ogun Central,Abeokuta South
Ogun,27,Abeokuta South,02,Ibara Ii,15,Open Space Near Ogboni'S House Oke Masho Omida,023,27/02/15/023,Ogun Central,Abeokuta South
Ogun,27,Abeokuta South,02,Ibara Ii,15,"Open Space Beside Borehole Ita-Ogboni, Ijeja",024,27/02/15/024,Ogun Central,Abeokuta South
Ogun,27,Abeokuta South,02,Ibara Ii,15,Open Space Behind Polaris Bank Oke-Ilewo,025,27/02/15/025,Ogun Central,Abeokuta South
Ogun,27,Abeokuta South,02,Ibara Ii,15,Open Space Opp. Mao Filling Station Ijeja,026,27/02/15/026,Ogun Central,Abeokuta South
Ogun,27,Abeokuta South,02,Ibara Ii,15,"Oke-Ola Mosque Beside Bridge, Idi Ishin",027,27/02/15/027,Ogun Central,Abeokuta South
Ogun,27,Abeokuta South,02,Ibara Ii,15,Open Space At Oke Masho Oke-Ilewo,028,27/02/15/028,Ogun Central,Abeokuta South
Ogun,27,Abeokuta South,02,Ibara Ii,15,"Open Space Behind Continental Suite, Oke-Ilewo",029,27/02/15/029,Ogun Central,Abeokuta South
Ogun,27,Abeokuta South,02,Ibara Ii,15,Open Space Abobajio Street Ita-Eko,030,27/02/15/030,Ogun Central,Abeokuta South
Ogun,27,Abeokuta South,02,Ibara Ii,15,"Open Space Behind Transformer,Surulere Ita Eko",031,27/02/15/031,Ogun Central,Abeokuta South
Ogun,27,Ado Odo-Ota,03,Ota I,01,C.M.S  Ipate I,001,27/03/01/001,Ogun West,Ado-Odo/Ota
Ogun,27,Ado Odo-Ota,03,Ota I,01,C.M.S  Ipate Ii,002,27/03/01/002,Ogun West,Ado-Odo/Ota
Ogun,27,Ado Odo-Ota,03,Ota I,01,Iyedi - Titun,003,27/03/01/003,Ogun West,Ado-Odo/Ota
Ogun,27,Ado Odo-Ota,03,Ota I,01,Ita Odo-Osi Mosque,004,27/03/01/004,Ogun West,Ado-Odo/Ota
Ogun,27,Ado Odo-Ota,03,Ota I,01,Mabodu Square,005,27/03/01/005,Ogun West,Ado-Odo/Ota
Ogun,27,Ado Odo-Ota,03,Ota I,01,Front Of Omoayo,006,27/03/01/006,Ogun West,Ado-Odo/Ota
Ogun,27,Ado Odo-Ota,03,Ota I,01,Olota'S Palace I,007,27/03/01/007,Ogun West,Ado-Odo/Ota
Ogun,27,Ado Odo-Ota,03,Ota I,01,Olota'S Palace Ii,008,27/03/01/008,Ogun West,Ado-Odo/Ota
Ogun,27,Ado Odo-Ota,03,Ota I,01,Tigbo Square,009,27/03/01/009,Ogun West,Ado-Odo/Ota
Ogun,27,Ado Odo-Ota,03,Ota I,01,Near Ahmadiya Mosque,010,27/03/01/010,Ogun West,Ado-Odo/Ota
Ogun,27,Ado Odo-Ota,03,Ota I,01,Okede Square,011,27/03/01/011,Ogun West,Ado-Odo/Ota
Ogun,27,Ado Odo-Ota,03,Ota I,01,Dosunmu'S House,012,27/03/01/012,Ogun West,Ado-Odo/Ota
Ogun,27,Ado Odo-Ota,03,Ota I,01,Ita Otun Ijagba,013,27/03/01/013,Ogun West,Ado-Odo/Ota
Ogun,27,Ado Odo-Ota,03,Ota I,01,Abebi,014,27/03/01/014,Ogun West,Ado-Odo/Ota
Ogun,27,Ado Odo-Ota,03,Ota I,01,Mapa Quarters,015,27/03/01/015,Ogun West,Ado-Odo/Ota
Ogun,27,Ado Odo-Ota,03,Ota I,01,Front Of Ojo'S House,016,27/03/01/016,Ogun West,Ado-Odo/Ota
Ogun,27,Ado Odo-Ota,03,Ota I,01,Front Of Lawal'S House,017,27/03/01/017,Ogun West,Ado-Odo/Ota
Ogun,27,Ado Odo-Ota,03,Ota I,01,Front Of Local Government Qtrs,018,27/03/01/018,Ogun West,Ado-Odo/Ota
Ogun,27,Ado Odo-Ota,03,Ota I,01,"Open Space At Wao Junction, Olosun",019,27/03/01/019,Ogun West,Ado-Odo/Ota
Ogun,27,Ado Odo-Ota,03,Ota I,01,"Open Space At Olorunsogo, Olosun",020,27/03/01/020,Ogun West,Ado-Odo/Ota
Ogun,27,Ado Odo-Ota,03,Ota I,01,"Ilupeju Olosun Town Hall Idota, Ota",021,27/03/01/021,Ogun West,Ado-Odo/Ota
Ogun,27,Ado Odo-Ota,03,Ota I,01,"Beside Transformer, Ayetuntun Idota Tuntun, Ota",022,27/03/01/022,Ogun West,Ado-Odo/Ota
Ogun,27,Ado Odo-Ota,03,Ota I,01,"Open Space At Idi Agbalumo Junction , Itele Road, Ota",023,27/03/01/023,Ogun West,Ado-Odo/Ota
Ogun,27,Ado Odo-Ota,03,Ota I,01,"Beside Transformer Akeja Road, Oladitan Street",024,27/03/01/024,Ogun West,Ado-Odo/Ota
Ogun,27,Ado Odo-Ota,03,Ota I,01,Open Space At Ibi Ori Danisi Junction Iyedi Tuntun,025,27/03/01/025,Ogun West,Ado-Odo/Ota
Ogun,27,Ado Odo-Ota,03,Ota I,01,Beside Transformer At Fadunsi Tinuola Street Iyanru,026,27/03/01/026,Ogun West,Ado-Odo/Ota
Ogun,27,Ado Odo-Ota,03,Ota I,01,Beside Transformer At Harmony Estate Ilupewo,027,27/03/01/027,Ogun West,Ado-Odo/Ota
Ogun,27,Ado Odo-Ota,03,Ota I,01,"Open Space Opposite Cemetary, Akogun Bus Stop. Itele Road",028,27/03/01/028,Ogun West,Ado-Odo/Ota
Ogun,27,Ado Odo-Ota,03,Ota I,01,Open Space At Golden Estate Junction Ijagba,029,27/03/01/029,Ogun West,Ado-Odo/Ota
Ogun,27,Ado Odo-Ota,03,Ota I,01,Open Space At Baale Bus-Stop Ijagba,030,27/03/01/030,Ogun West,Ado-Odo/Ota
Ogun,27,Ado Odo-Ota,03,Ota I,01,"Open Space At Old Agbado Rd, By Ilerioluwa Junction Eledi Atala",031,27/03/01/031,Ogun West,Ado-Odo/Ota
Ogun,27,Ado Odo-Ota,03,Ota I,01,Open Space Beside Transformer At Oyewumi Str. Doctor Bus Stop Idota,032,27/03/01/032,Ogun West,Ado-Odo/Ota
Ogun,27,Ado Odo-Ota,03,Ota I,01,"Open Space Beside Transformer, Near Ccc Irewolede Olosun",033,27/03/01/033,Ogun West,Ado-Odo/Ota
Ogun,27,Ado Odo-Ota,03,Ota I,01,"Open Space Beside Transformer At Upright Foundation Street,Olosun",034,27/03/01/034,Ogun West,Ado-Odo/Ota
Ogun,27,Ado Odo-Ota,03,Ota I,01,"Harmony Street, Love Estate,Idota Titun, Ota",035,27/03/01/035,Ogun West,Ado-Odo/Ota
Ogun,27,Ado Odo-Ota,03,Ota I,01,"Open Space At Ijagba Roundabout, Ijagba",036,27/03/01/036,Ogun West,Ado-Odo/Ota
Ogun,27,Ado Odo-Ota,03,Ota I,01,"Open Space Beside Transformer, Kafidupe Junction,Ijagba",037,27/03/01/037,Ogun West,Ado-Odo/Ota
Ogun,27,Ado Odo-Ota,03,Ota I,01,"Open Space At Etiko Asanbe Street, Araromi, Abebi",038,27/03/01/038,Ogun West,Ado-Odo/Ota
Ogun,27,Ado Odo-Ota,03,Ota I,01,"Open Space At Ajegunle Junction,Harima Junction,Ikola Road, Ota",039,27/03/01/039,Ogun West,Ado-Odo/Ota
Ogun,27,Ado Odo-Ota,03,Ota I,01,"In Front Of Transformer At College Road,Eledi Atala Town",040,27/03/01/040,Ogun West,Ado-Odo/Ota
Ogun,27,Ado Odo-Ota,03,Ota I,01,"Open Space At Old Osuke Road Junction,Eleedi Atala",041,27/03/01/041,Ogun West,Ado-Odo/Ota
Ogun,27,Ado Odo-Ota,03,Ota I,01,"Open Space At Mayowa Street, Second Avenue Junction	, Eledi Atala",042,27/03/01/042,Ogun West,Ado-Odo/Ota
Ogun,27,Ado Odo-Ota,03,Ota I,01,"Community Hall, Ifelodun Onigbodo, Eledi Atala",043,27/03/01/043,Ogun West,Ado-Odo/Ota
Ogun,27,Ado Odo-Ota,03,Ota I,01,"Open Space Beside Transformer, Anointed Junction, Eledi Atala",044,27/03/01/044,Ogun West,Ado-Odo/Ota
Ogun,27,Ado Odo-Ota,03,Ota I,01,"Open Space At Onigbin Bus-Stop, Isele",045,27/03/01/045,Ogun West,Ado-Odo/Ota
Ogun,27,Ado Odo-Ota,03,Ota I,01,"Open Space Beside Second Transformer,Ijagba",046,27/03/01/046,Ogun West,Ado-Odo/Ota
Ogun,27,Ado Odo-Ota,03,Ota I,01,"Open Space Beside Transformer At God'S Town Avenue, Alubarika Junction, Eledi Atala",047,27/03/01/047,Ogun West,Ado-Odo/Ota
Ogun,27,Ado Odo-Ota,03,Ota I,01,"Open Space Beside Maria Subulade Junction, Sesan Dosunmu, Eledi Atala",048,27/03/01/048,Ogun West,Ado-Odo/Ota
Ogun,27,Ado Odo-Ota,03,Ota I,01,"Open Space At Alafia Street, Near Morikaz Sebil Najat , Idota",049,27/03/01/049,Ogun West,Ado-Odo/Ota
Ogun,27,Ado Odo-Ota,03,Ota I,01,"Open Space At Three Crown Busstop, Itele Road.",050,27/03/01/050,Ogun West,Ado-Odo/Ota
Ogun,27,Ado Odo-Ota,03,Ota I,01,"Openspace At New Ifesowapo Street/ Owolabi Street Junction, Idota Titun",051,27/03/01/051,Ogun West,Ado-Odo/Ota
Ogun,27,Ado Odo-Ota,03,Ota I,01,"Open Space At Adun Aye/Kayode Babatunde Street, Idota",052,27/03/01/052,Ogun West,Ado-Odo/Ota
Ogun,27,Ado Odo-Ota,03,Ota Ii,02,Zion Meth School,001,27/03/02/001,Ogun West,Ado-Odo/Ota
Ogun,27,Ado Odo-Ota,03,Ota Ii,02,Near Deeper Life,002,27/03/02/002,Ogun West,Ado-Odo/Ota
Ogun,27,Ado Odo-Ota,03,Ota Ii,02,Ewupe/Road Iyana Ilogbo,003,27/03/02/003,Ogun West,Ado-Odo/Ota
Ogun,27,Ado Odo-Ota,03,Ota Ii,02,Iganmode Grammar School,004,27/03/02/004,Ogun West,Ado-Odo/Ota
Ogun,27,Ado Odo-Ota,03,Ota Ii,02,Papa Aro,005,27/03/02/005,Ogun West,Ado-Odo/Ota
Ogun,27,Ado Odo-Ota,03,Ota Ii,02,Oba T.T. Dada Market I,006,27/03/02/006,Ogun West,Ado-Odo/Ota
Ogun,27,Ado Odo-Ota,03,Ota Ii,02,Oba T.T. Dada Market Ii,007,27/03/02/007,Ogun West,Ado-Odo/Ota
Ogun,27,Ado Odo-Ota,03,Ota Ii,02,Front Of Egungun House I,008,27/03/02/008,Ogun West,Ado-Odo/Ota
Ogun,27,Ado Odo-Ota,03,Ota Ii,02,Front Of Egungun House Ii,009,27/03/02/009,Ogun West,Ado-Odo/Ota
Ogun,27,Ado Odo-Ota,03,Ota Ii,02,Esa Night Market I,010,27/03/02/010,Ogun West,Ado-Odo/Ota
Ogun,27,Ado Odo-Ota,03,Ota Ii,02,Esa Night Market Ii,011,27/03/02/011,Ogun West,Ado-Odo/Ota
Ogun,27,Ado Odo-Ota,03,Ota Ii,02,Borehole,012,27/03/02/012,Ogun West,Ado-Odo/Ota
Ogun,27,Ado Odo-Ota,03,Ota Ii,02,Opposite U.B.A.,013,27/03/02/013,Ogun West,Ado-Odo/Ota
Ogun,27,Ado Odo-Ota,03,Ota Ii,02,"Open Space At Obasanjo Bus-Stop, Ota",014,27/03/02/014,Ogun West,Ado-Odo/Ota
Ogun,27,Ado Odo-Ota,03,Ota Ii,02,"Open Space  At Ambassador Street, By Mobil Filling Station, Ota",015,27/03/02/015,Ogun West,Ado-Odo/Ota
Ogun,27,Ado Odo-Ota,03,Ota Ii,02,"Open Space Opp Olivia Filling Station Obasanjo  Road, Onipanu",016,27/03/02/016,Ogun West,Ado-Odo/Ota
Ogun,27,Ado Odo-Ota,03,Ota Ii,02,Open Space At Cele 1 Afobaje Ota,017,27/03/02/017,Ogun West,Ado-Odo/Ota
Ogun,27,Ado Odo-Ota,03,Ota Ii,02,In Front Of Transformer Opp Opeola Store Progress Estate Afobaje,018,27/03/02/018,Ogun West,Ado-Odo/Ota
Ogun,27,Ado Odo-Ota,03,Ota Ii,02,Open Space At Fowobi Junction Beside Enyo Filling Station,019,27/03/02/019,Ogun West,Ado-Odo/Ota
Ogun,27,Ado Odo-Ota,03,Ota Ii,02,Open Space At Adimula Street Ogotedo Estate,020,27/03/02/020,Ogun West,Ado-Odo/Ota
Ogun,27,Ado Odo-Ota,03,Ota Ii,02,Open Space At Adako Estate Junction Opp Unique Estate,021,27/03/02/021,Ogun West,Ado-Odo/Ota
Ogun,27,Ado Odo-Ota,03,Ota Ii,02,Open Space At John Shobola Junction Oloko Ota,022,27/03/02/022,Ogun West,Ado-Odo/Ota
Ogun,27,Ado Odo-Ota,03,Ota Ii,02,Open Space At Fakile Junction Opp Oloko Ota,023,27/03/02/023,Ogun West,Ado-Odo/Ota
Ogun,27,Ado Odo-Ota,03,Ota Ii,02,"Open Space At Ajisafe Close Junction, Opp Shams-Ud-Deen Olorun Wa Mosque Wahidan",024,27/03/02/024,Ogun West,Ado-Odo/Ota
Ogun,27,Ado Odo-Ota,03,Ota Ii,02,"Open Space At Oko Baale Junction, Opp New Goshen Cda, Ota",025,27/03/02/025,Ogun West,Ado-Odo/Ota
Ogun,27,Ado Odo-Ota,03,Ota Ii,02,Open Space At Ire Akari Junction Royal Diamond Pharmacy,026,27/03/02/026,Ogun West,Ado-Odo/Ota
Ogun,27,Ado Odo-Ota,03,Ota Ii,02,Open Space At Alasia Junction Alasia Coca Cola Road Ota,027,27/03/02/027,Ogun West,Ado-Odo/Ota
Ogun,27,Ado Odo-Ota,03,Ota Ii,02,Open Space At Fajuyi Junction By Bayo Block Ota,028,27/03/02/028,Ogun West,Ado-Odo/Ota
Ogun,27,Ado Odo-Ota,03,Ota Ii,02,Open Space At Olurin Junction Off Coca Cola Ota,029,27/03/02/029,Ogun West,Ado-Odo/Ota
Ogun,27,Ado Odo-Ota,03,Ota Ii,02,"Open Space At Oriade Junction Behind So Filling Station, Oju Ore",030,27/03/02/030,Ogun West,Ado-Odo/Ota
Ogun,27,Ado Odo-Ota,03,Ota Ii,02,Ifesowapo Junction Papa Aro Road Ota,031,27/03/02/031,Ogun West,Ado-Odo/Ota
Ogun,27,Ado Odo-Ota,03,Ota Ii,02,Open Space At Sunshine Cda Junction Wahidan Ota,032,27/03/02/032,Ogun West,Ado-Odo/Ota
Ogun,27,Ado Odo-Ota,03,Ota Ii,02,Open Space At Abdul Jabar Street Junction Otitolere Ota,033,27/03/02/033,Ogun West,Ado-Odo/Ota
Ogun,27,Ado Odo-Ota,03,Ota Ii,02,"Afobaje Community Primary School, Afobaje",034,27/03/02/034,Ogun West,Ado-Odo/Ota
Ogun,27,Ado Odo-Ota,03,Ota Ii,02,"Baba Junction, Beside Transformer, Market Street, Afobaje.",035,27/03/02/035,Ogun West,Ado-Odo/Ota
Ogun,27,Ado Odo-Ota,03,Ota Ii,02,"Beside Transformer, Nice Estate, Ariyo Junction.",036,27/03/02/036,Ogun West,Ado-Odo/Ota
Ogun,27,Ado Odo-Ota,03,Ota Ii,02,"Oloko Junction, Powerline",037,27/03/02/037,Ogun West,Ado-Odo/Ota
Ogun,27,Ado Odo-Ota,03,Ota Ii,02,"Community High School, Oko-Baale",038,27/03/02/038,Ogun West,Ado-Odo/Ota
Ogun,27,Ado Odo-Ota,03,Ota Ii,02,"Primary Healthcare Center, Ilogbo Road. (Open Space)",039,27/03/02/039,Ogun West,Ado-Odo/Ota
Ogun,27,Ado Odo-Ota,03,Ota Ii,02,"Bayo Blocks Junction, Oju-Ore Ota",040,27/03/02/040,Ogun West,Ado-Odo/Ota
Ogun,27,Ado Odo-Ota,03,Ota Ii,02,"Abe Igi Ewupe Junction, Good Shepherd (Open Space)",041,27/03/02/041,Ogun West,Ado-Odo/Ota
Ogun,27,Ado Odo-Ota,03,Ota Ii,02,"Baby O Junction, By Transformer, Oju-Ore",042,27/03/02/042,Ogun West,Ado-Odo/Ota
Ogun,27,Ado Odo-Ota,03,Ota Ii,02,"Ojugbele Junction, Off Mefun, Oju-Ore, Ota",043,27/03/02/043,Ogun West,Ado-Odo/Ota
Ogun,27,Ado Odo-Ota,03,Ota Ii,02,"Open Space Ita Mefun, Oju-Ore, Ota",044,27/03/02/044,Ogun West,Ado-Odo/Ota
Ogun,27,Ado Odo-Ota,03,Ota Ii,02,"Public Borehole (Open Space), Ita Oruba, Oju Ore  Ota",045,27/03/02/045,Ogun West,Ado-Odo/Ota
Ogun,27,Ado Odo-Ota,03,Ota Ii,02,"Open Space, Ago  Igbira Junction, Oju-Ore, Ota",046,27/03/02/046,Ogun West,Ado-Odo/Ota
Ogun,27,Ado Odo-Ota,03,Ota Ii,02,"Open Space, Ilusata, Adigarawa, Oju-Ore, Ota.",047,27/03/02/047,Ogun West,Ado-Odo/Ota
Ogun,27,Ado Odo-Ota,03,Ota Ii,02,"Open Space At Iganmode Grammar School, Ota Ii",048,27/03/02/048,Ogun West,Ado-Odo/Ota
Ogun,27,Ado Odo-Ota,03,Ota Ii,02,"Open Space Beside Transformer,Baba Alayo Junction,Kuri, Awurela Road Ota",049,27/03/02/049,Ogun West,Ado-Odo/Ota
Ogun,27,Ado Odo-Ota,03,Ota Ii,02,"Open Space Beside Tanito Junction, Love All Afobaje Ota",050,27/03/02/050,Ogun West,Ado-Odo/Ota
Ogun,27,Ado Odo-Ota,03,Ota Ii,02,Open Space Beside Transformer Wahidan Junction Ota,051,27/03/02/051,Ogun West,Ado-Odo/Ota
Ogun,27,Ado Odo-Ota,03,Ota Ii,02,"Open Space Beside Transformer, Isale Wahidan, Ota.",052,27/03/02/052,Ogun West,Ado-Odo/Ota
Ogun,27,Ado Odo-Ota,03,Ota Iii,03,Idi Orogbo I,001,27/03/03/001,Ogun West,Ado-Odo/Ota
Ogun,27,Ado Odo-Ota,03,Ota Iii,03,St. Peter'S R.C.M.,002,27/03/03/002,Ogun West,Ado-Odo/Ota
Ogun,27,Ado Odo-Ota,03,Ota Iii,03,Oju Popo,003,27/03/03/003,Ogun West,Ado-Odo/Ota
Ogun,27,Ado Odo-Ota,03,Ota Iii,03,Old Motor Park I,004,27/03/03/004,Ogun West,Ado-Odo/Ota
Ogun,27,Ado Odo-Ota,03,Ota Iii,03,Old Motor Park Ii,005,27/03/03/005,Ogun West,Ado-Odo/Ota
Ogun,27,Ado Odo-Ota,03,Ota Iii,03,A.U.D. Pract School I,006,27/03/03/006,Ogun West,Ado-Odo/Ota
Ogun,27,Ado Odo-Ota,03,Ota Iii,03,Modern School Road,007,27/03/03/007,Ogun West,Ado-Odo/Ota
Ogun,27,Ado Odo-Ota,03,Ota Iii,03,Gra / Tomori,008,27/03/03/008,Ogun West,Ado-Odo/Ota
Ogun,27,Ado Odo-Ota,03,Ota Iii,03,Oke-Suna,009,27/03/03/009,Ogun West,Ado-Odo/Ota
Ogun,27,Ado Odo-Ota,03,Ota Iii,03,Ilo /Awela,010,27/03/03/010,Ogun West,Ado-Odo/Ota
Ogun,27,Ado Odo-Ota,03,Ota Iii,03,Ibraheem Street,011,27/03/03/011,Ogun West,Ado-Odo/Ota
Ogun,27,Ado Odo-Ota,03,Ota Iii,03,Ibraheem Olorungbebe,012,27/03/03/012,Ogun West,Ado-Odo/Ota
Ogun,27,Ado Odo-Ota,03,Ota Iii,03,Near Ebodina Store,013,27/03/03/013,Ogun West,Ado-Odo/Ota
Ogun,27,Ado Odo-Ota,03,Ota Iii,03,Near Asela'S House,014,27/03/03/014,Ogun West,Ado-Odo/Ota
Ogun,27,Ado Odo-Ota,03,Ota Iii,03,Ejigbo Titun I,015,27/03/03/015,Ogun West,Ado-Odo/Ota
Ogun,27,Ado Odo-Ota,03,Ota Iii,03,Back Of Wema  Bank,016,27/03/03/016,Ogun West,Ado-Odo/Ota
Ogun,27,Ado Odo-Ota,03,Ota Iii,03,Near Education Authority,017,27/03/03/017,Ogun West,Ado-Odo/Ota
Ogun,27,Ado Odo-Ota,03,Ota Iii,03,Toll Gate,018,27/03/03/018,Ogun West,Ado-Odo/Ota
Ogun,27,Ado Odo-Ota,03,Ota Iii,03,Shopping Centre,019,27/03/03/019,Ogun West,Ado-Odo/Ota
Ogun,27,Ado Odo-Ota,03,Ota Iii,03,Gra Akinwunmi,020,27/03/03/020,Ogun West,Ado-Odo/Ota
Ogun,27,Ado Odo-Ota,03,Ota Iii,03,"O.L.G School I,   Ketere",021,27/03/03/021,Ogun West,Ado-Odo/Ota
Ogun,27,Ado Odo-Ota,03,Ota Iii,03,Funmec,022,27/03/03/022,Ogun West,Ado-Odo/Ota
Ogun,27,Ado Odo-Ota,03,Ota Iii,03,Behind Joju Hotel,023,27/03/03/023,Ogun West,Ado-Odo/Ota
Ogun,27,Ado Odo-Ota,03,Ota Iii,03,Deeper Life Araromi,024,27/03/03/024,Ogun West,Ado-Odo/Ota
Ogun,27,Ado Odo-Ota,03,Ota Iii,03,Chief Deinde'S House,025,27/03/03/025,Ogun West,Ado-Odo/Ota
Ogun,27,Ado Odo-Ota,03,Ota Iii,03,Ipamesan,026,27/03/03/026,Ogun West,Ado-Odo/Ota
Ogun,27,Ado Odo-Ota,03,Ota Iii,03,C & S Igbala,027,27/03/03/027,Ogun West,Ado-Odo/Ota
Ogun,27,Ado Odo-Ota,03,Ota Iii,03,L.G School Ii,028,27/03/03/028,Ogun West,Ado-Odo/Ota
Ogun,27,Ado Odo-Ota,03,Ota Iii,03,T.T Dadaâ€™S Palace,029,27/03/03/029,Ogun West,Ado-Odo/Ota
Ogun,27,Ado Odo-Ota,03,Ota Iii,03,Near Oyetayo'S House,030,27/03/03/030,Ogun West,Ado-Odo/Ota
Ogun,27,Ado Odo-Ota,03,Ota Iii,03,Idi-Orogbo Ii,031,27/03/03/031,Ogun West,Ado-Odo/Ota
Ogun,27,Ado Odo-Ota,03,Ota Iii,03,Ejigbo Titun Ii,032,27/03/03/032,Ogun West,Ado-Odo/Ota
Ogun,27,Ado Odo-Ota,03,Ota Iii,03,Abebi New Site,033,27/03/03/033,Ogun West,Ado-Odo/Ota
Ogun,27,Ado Odo-Ota,03,Ota Iii,03,A.U.D Practising Sch. Ii,034,27/03/03/034,Ogun West,Ado-Odo/Ota
Ogun,27,Ado Odo-Ota,03,Ota Iii,03,Allishiba Street,035,27/03/03/035,Ogun West,Ado-Odo/Ota
Ogun,27,Ado Odo-Ota,03,Ota Iii,03,"Open Space At Anu Oluwapo Street, Opposite Oluwatosin Mosque, Amodu Giwa Estate, Ota.",036,27/03/03/036,Ogun West,Ado-Odo/Ota
Ogun,27,Ado Odo-Ota,03,Ota Iii,03,Open Space At Akinola Iroko/Busari Junction.,037,27/03/03/037,Ogun West,Ado-Odo/Ota
Ogun,27,Ado Odo-Ota,03,Ota Iii,03,Infront Of Transformer Aparaogun/ The Living Street,038,27/03/03/038,Ogun West,Ado-Odo/Ota
Ogun,27,Ado Odo-Ota,03,Ota Iii,03,"Open Space At Imole Ewa/ Oluseye Junction, Ilo Awela.",039,27/03/03/039,Ogun West,Ado-Odo/Ota
Ogun,27,Ado Odo-Ota,03,Ota Iii,03,Infront Of Transformer Alafia Street Opposite Beulah School Abebi,040,27/03/03/040,Ogun West,Ado-Odo/Ota
Ogun,27,Ado Odo-Ota,03,Ota Iii,03,Open Space At Jibuaka Street Via Adewunmi Adebiyi Street Ilo Awela,041,27/03/03/041,Ogun West,Ado-Odo/Ota
Ogun,27,Ado Odo-Ota,03,Ota Iii,03,"Open Space Jelili Alagbe Junction /Anglican Rd,Abe Deking, Abebi Newsite",042,27/03/03/042,Ogun West,Ado-Odo/Ota
Ogun,27,Ado Odo-Ota,03,Ota Iii,03,Open Space Junction Fabolu Street Via Unity Close Back Of Odo Pako,043,27/03/03/043,Ogun West,Ado-Odo/Ota
Ogun,27,Ado Odo-Ota,03,Ota Iii,03,Open Space  At Ogbonnu Street Junction Of Harmony Estate Ilupewo,044,27/03/03/044,Ogun West,Ado-Odo/Ota
Ogun,27,Ado Odo-Ota,03,Ota Iii,03,Open Space At Anglican Road /.Prestige Circle Close Via Happiness Hotel,045,27/03/03/045,Ogun West,Ado-Odo/Ota
Ogun,27,Ado Odo-Ota,03,Ota Iii,03,Noel Salem Street Junction/ Jelili Tejuosho Via Welcome Hotel.,046,27/03/03/046,Ogun West,Ado-Odo/Ota
Ogun,27,Ado Odo-Ota,03,Ota Iii,03,Starlight Street Junction/ Oke Oludande Ilo Awela.,047,27/03/03/047,Ogun West,Ado-Odo/Ota
Ogun,27,Ado Odo-Ota,03,Ota Iii,03,"Back Of Local Government, Oluseye Street",048,27/03/03/048,Ogun West,Ado-Odo/Ota
Ogun,27,Ado Odo-Ota,03,Ota Iii,03,Infront Of Transformer Engr Bankole Str/ Night Market I.L.O.,049,27/03/03/049,Ogun West,Ado-Odo/Ota
Ogun,27,Ado Odo-Ota,03,Ota Iii,03,Open Space At Bamishebi/ Oshinlowo Street Beside Oxford School I.L.O,050,27/03/03/050,Ogun West,Ado-Odo/Ota
Ogun,27,Ado Odo-Ota,03,Ota Iii,03,Open Space Junction At Nureni Aka Street Behind Ansarudeen Central Mosque I.L.O.,051,27/03/03/051,Ogun West,Ado-Odo/Ota
Ogun,27,Ado Odo-Ota,03,Ota Iii,03,"St Peters Rcm School, Ota",052,27/03/03/052,Ogun West,Ado-Odo/Ota
Ogun,27,Ado Odo-Ota,03,Ota Iii,03,Open Space At Onijana Junction,053,27/03/03/053,Ogun West,Ado-Odo/Ota
Ogun,27,Ado Odo-Ota,03,Ota Iii,03,Open Space At Ibraheem Olorungbebe,054,27/03/03/054,Ogun West,Ado-Odo/Ota
Ogun,27,Ado Odo-Ota,03,Ota Iii,03,Open Space At Ago Isaga Water Project,055,27/03/03/055,Ogun West,Ado-Odo/Ota
Ogun,27,Ado Odo-Ota,03,Ota Iii,03,Open Space At Aboleja-Akinjibi Junction,056,27/03/03/056,Ogun West,Ado-Odo/Ota
Ogun,27,Ado Odo-Ota,03,Ota Iii,03,Open Space At Aleloju Beside Transformer,057,27/03/03/057,Ogun West,Ado-Odo/Ota
Ogun,27,Ado Odo-Ota,03,Ota Iii,03,"Open Space At Gangan, Bus Stop, Ota",058,27/03/03/058,Ogun West,Ado-Odo/Ota
Ogun,27,Ado Odo-Ota,03,Ota Iii,03,"Open Space Beside Praying Ground Busari, Abebi New Site",059,27/03/03/059,Ogun West,Ado-Odo/Ota
Ogun,27,Ado Odo-Ota,03,Ota Iii,03,"Open Space At Fasola Olujimi Street, Ilo Awela, Ota",060,27/03/03/060,Ogun West,Ado-Odo/Ota
Ogun,27,Ado Odo-Ota,03,Ota Iii,03,"Open Space Ilo Awela Pry Health Care Centre Ilo Awela, Ota",061,27/03/03/061,Ogun West,Ado-Odo/Ota
Ogun,27,Ado Odo-Ota,03,Ota Iii,03,"Open Space Beside Transformer At Sabainah Taiwo Crescent, Ilo Awela",062,27/03/03/062,Ogun West,Ado-Odo/Ota
Ogun,27,Ado Odo-Ota,03,Ota Iii,03,"St Michael African School, Ota.",063,27/03/03/063,Ogun West,Ado-Odo/Ota
Ogun,27,Ado Odo-Ota,03,Ota Iii,03,Open Space At Kokumo Junction Beside Lifecare Ota,064,27/03/03/064,Ogun West,Ado-Odo/Ota
Ogun,27,Ado Odo-Ota,03,Ota Iii,03,Open Space Beside Nazareth School Ota,065,27/03/03/065,Ogun West,Ado-Odo/Ota
Ogun,27,Ado Odo-Ota,03,Ota Iii,03,"C&S Igbala 2 At Revd Shodiya Street, Ota",066,27/03/03/066,Ogun West,Ado-Odo/Ota
Ogun,27,Ado Odo-Ota,03,Ota Iii,03,"Infront Of Faramed Hospital, Ota",067,27/03/03/067,Ogun West,Ado-Odo/Ota
Ogun,27,Ado Odo-Ota,03,Ota Iii,03,Lg School Iii Ota,068,27/03/03/068,Ogun West,Ado-Odo/Ota
Ogun,27,Ado Odo-Ota,03,Ota Iii,03,"Community High School, Ota",069,27/03/03/069,Ogun West,Ado-Odo/Ota
Ogun,27,Ado Odo-Ota,03,Ota Iii,03,"Open Space At Onikankere, Ota",070,27/03/03/070,Ogun West,Ado-Odo/Ota
Ogun,27,Ado Odo-Ota,03,Ota Iii,03,"Open Space At Arewa Street, Sango",071,27/03/03/071,Ogun West,Ado-Odo/Ota
Ogun,27,Ado Odo-Ota,03,Ota Iii,03,"Open Space At Anuoluwapo Street, Back Of Garage, Sango",072,27/03/03/072,Ogun West,Ado-Odo/Ota
Ogun,27,Ado Odo-Ota,03,Ota Iii,03,"Open Space At Chicken Joe Road, Arigbabu, Ota",073,27/03/03/073,Ogun West,Ado-Odo/Ota
Ogun,27,Ado Odo-Ota,03,Ota Iii,03,"Open Space At Araromi Street, Ota",074,27/03/03/074,Ogun West,Ado-Odo/Ota
Ogun,27,Ado Odo-Ota,03,Ota Iii,03,"Ejigbo Titun, Junction Of Twinkle Crest, Ota",075,27/03/03/075,Ogun West,Ado-Odo/Ota
Ogun,27,Ado Odo-Ota,03,Ota Iii,03,"Open Space At Salako/ Osifeso Junction, Ota, Gra",076,27/03/03/076,Ogun West,Ado-Odo/Ota
Ogun,27,Ado Odo-Ota,03,Sango,04,Market Square,001,27/03/04/001,Ogun West,Ado-Odo/Ota
Ogun,27,Ado Odo-Ota,03,Sango,04,In Front Of Adalemo'S House,002,27/03/04/002,Ogun West,Ado-Odo/Ota
Ogun,27,Ado Odo-Ota,03,Sango,04,Temidire Owoseni,003,27/03/04/003,Ogun West,Ado-Odo/Ota
Ogun,27,Ado Odo-Ota,03,Sango,04,Water Tanker I,004,27/03/04/004,Ogun West,Ado-Odo/Ota
Ogun,27,Ado Odo-Ota,03,Sango,04,Water Tanker Ii,005,27/03/04/005,Ogun West,Ado-Odo/Ota
Ogun,27,Ado Odo-Ota,03,Sango,04,Nepa Line Arinko I,006,27/03/04/006,Ogun West,Ado-Odo/Ota
Ogun,27,Ado Odo-Ota,03,Sango,04,Nepa Line Arinko  Ii,007,27/03/04/007,Ogun West,Ado-Odo/Ota
Ogun,27,Ado Odo-Ota,03,Sango,04,Leventis,008,27/03/04/008,Ogun West,Ado-Odo/Ota
Ogun,27,Ado Odo-Ota,03,Sango,04,Layori Hospital,009,27/03/04/009,Ogun West,Ado-Odo/Ota
Ogun,27,Ado Odo-Ota,03,Sango,04,Old Motor Park,010,27/03/04/010,Ogun West,Ado-Odo/Ota
Ogun,27,Ado Odo-Ota,03,Sango,04,Near Okebowaleâ€™S House,011,27/03/04/011,Ogun West,Ado-Odo/Ota
Ogun,27,Ado Odo-Ota,03,Sango,04,Market Square Iloye,012,27/03/04/012,Ogun West,Ado-Odo/Ota
Ogun,27,Ado Odo-Ota,03,Sango,04,"Open Space At Basiru Alamu Junction, Sango",013,27/03/04/013,Ogun West,Ado-Odo/Ota
Ogun,27,Ado Odo-Ota,03,Sango,04,"Beside Transformer At Five Junction, Tarbajin",014,27/03/04/014,Ogun West,Ado-Odo/Ota
Ogun,27,Ado Odo-Ota,03,Sango,04,"Beside Transformer At Bada Junction, Isaka",015,27/03/04/015,Ogun West,Ado-Odo/Ota
Ogun,27,Ado Odo-Ota,03,Sango,04,"Beside  Transformer, Anisere Junction, Ipamesan",016,27/03/04/016,Ogun West,Ado-Odo/Ota
Ogun,27,Ado Odo-Ota,03,Sango,04,"In Front Of Transformer, Ago Adura, By Fofa Street Junction, Ago-Adura",017,27/03/04/017,Ogun West,Ado-Odo/Ota
Ogun,27,Ado Odo-Ota,03,Sango,04,"In Front Of Transformer At Ayo Ni Avenue Junction, Ojuelegba",018,27/03/04/018,Ogun West,Ado-Odo/Ota
Ogun,27,Ado Odo-Ota,03,Sango,04,"Open Space At Amen Church Junction, Elerinko",019,27/03/04/019,Ogun West,Ado-Odo/Ota
Ogun,27,Ado Odo-Ota,03,Sango,04,"Open Space At Adeniji Street Opposite Ogun'S Gas, Sango",020,27/03/04/020,Ogun West,Ado-Odo/Ota
Ogun,27,Ado Odo-Ota,03,Sango,04,"Premises Of Sango Ota High School, Sango",021,27/03/04/021,Ogun West,Ado-Odo/Ota
Ogun,27,Ado Odo-Ota,03,Sango,04,"Open Space At Kajola/ Osmak Junction, Iloye",022,27/03/04/022,Ogun West,Ado-Odo/Ota
Ogun,27,Ado Odo-Ota,03,Sango,04,"Open Space At Adetokunbo/ Omokaro Baba Kwara, Iloye",023,27/03/04/023,Ogun West,Ado-Odo/Ota
Ogun,27,Ado Odo-Ota,03,Sango,04,"Beside Transformer, Ilupeju Iwoye, Abeokuta Street, Adalemo",024,27/03/04/024,Ogun West,Ado-Odo/Ota
Ogun,27,Ado Odo-Ota,03,Sango,04,"Open Space At Olumo Junction, Adalemo",025,27/03/04/025,Ogun West,Ado-Odo/Ota
Ogun,27,Ado Odo-Ota,03,Sango,04,Open Space At Ola Baba/Alex Udu Street Baba Mushin Iloye,026,27/03/04/026,Ogun West,Ado-Odo/Ota
Ogun,27,Ado Odo-Ota,03,Sango,04,"Beside Transformer At Taiwo Street, Sekona, Anisere",027,27/03/04/027,Ogun West,Ado-Odo/Ota
Ogun,27,Ado Odo-Ota,03,Sango,04,"Community Health Center, Anisere",028,27/03/04/028,Ogun West,Ado-Odo/Ota
Ogun,27,Ado Odo-Ota,03,Sango,04,"Open Space At Tarmac Junction, Temidire, Sango",029,27/03/04/029,Ogun West,Ado-Odo/Ota
Ogun,27,Ado Odo-Ota,03,Sango,04,"Premises Of Community Primary School, Iloye",030,27/03/04/030,Ogun West,Ado-Odo/Ota
Ogun,27,Ado Odo-Ota,03,Sango,04,"Open Space At Olajide Junction, Orelope Estate, Esuyago",031,27/03/04/031,Ogun West,Ado-Odo/Ota
Ogun,27,Ado Odo-Ota,03,Sango,04,"Beside Transformer At Beulah Junction, Aromobi, Esuyago",032,27/03/04/032,Ogun West,Ado-Odo/Ota
Ogun,27,Ado Odo-Ota,03,Sango,04,"Beside Transformer At Olasege Street, Sango",033,27/03/04/033,Ogun West,Ado-Odo/Ota
Ogun,27,Ado Odo-Ota,03,Sango,04,"Open Space At Lekan Adeyemi Street,  Behind Yebade Hotel, Sango",034,27/03/04/034,Ogun West,Ado-Odo/Ota
Ogun,27,Ado Odo-Ota,03,Sango,04,"Open Space Beside Lado Filling Station, Ijoko Road, Sango",035,27/03/04/035,Ogun West,Ado-Odo/Ota
Ogun,27,Ado Odo-Ota,03,Sango,04,"Entrance Of Owoyemi Street, Abeokuta Express Road, Joju",036,27/03/04/036,Ogun West,Ado-Odo/Ota
Ogun,27,Ado Odo-Ota,03,Sango,04,"Open Space Near Powerline, Opposite Al Wajud House, Ishaka",037,27/03/04/037,Ogun West,Ado-Odo/Ota
Ogun,27,Ado Odo-Ota,03,Sango,04,"Beside Transformer By Oziegbe Street, Agbala Itura Road",038,27/03/04/038,Ogun West,Ado-Odo/Ota
Ogun,27,Ado Odo-Ota,03,Sango,04,"Beside Transformer At Koleoso/ Akirisore Junction, Idole",039,27/03/04/039,Ogun West,Ado-Odo/Ota
Ogun,27,Ado Odo-Ota,03,Sango,04,"Open Space At Bible College Bus Stop,Sango",040,27/03/04/040,Ogun West,Ado-Odo/Ota
Ogun,27,Ado Odo-Ota,03,Sango,04,"Open Space Near Powerline Akintoye Dole Street, Isale Ariya, Iloye",041,27/03/04/041,Ogun West,Ado-Odo/Ota
Ogun,27,Ado Odo-Ota,03,Sango,04,"Beside Transformer At Ajibola Street, Iloye",042,27/03/04/042,Ogun West,Ado-Odo/Ota
Ogun,27,Ado Odo-Ota,03,Sango,04,"Open Space At Ago Adura Community Entrance, Ipamesan",043,27/03/04/043,Ogun West,Ado-Odo/Ota
Ogun,27,Ado Odo-Ota,03,Sango,04,"Open Space At Anuoluwapo Junction, Ipamesan",044,27/03/04/044,Ogun West,Ado-Odo/Ota
Ogun,27,Ado Odo-Ota,03,Sango,04,"Beside Transformer Near Samfol Hotel, Ipamesan",045,27/03/04/045,Ogun West,Ado-Odo/Ota
Ogun,27,Ado Odo-Ota,03,Ijoko,05,Pry. School Agoro,001,27/03/05/001,Ogun West,Ado-Odo/Ota
Ogun,27,Ado Odo-Ota,03,Ijoko,05,N.U.D. School Ijoko I,002,27/03/05/002,Ogun West,Ado-Odo/Ota
Ogun,27,Ado Odo-Ota,03,Ijoko,05,Market Square Ijoko I,003,27/03/05/003,Ogun West,Ado-Odo/Ota
Ogun,27,Ado Odo-Ota,03,Ijoko,05,Market Square Ijoko Ii,004,27/03/05/004,Ogun West,Ado-Odo/Ota
Ogun,27,Ado Odo-Ota,03,Ijoko,05,Beside Mosque Abule Iroko  I,005,27/03/05/005,Ogun West,Ado-Odo/Ota
Ogun,27,Ado Odo-Ota,03,Ijoko,05,Beside Mosque Abule Iroko  Ii,006,27/03/05/006,Ogun West,Ado-Odo/Ota
Ogun,27,Ado Odo-Ota,03,Ijoko,05,L.G. School Aparadija  I,007,27/03/05/007,Ogun West,Ado-Odo/Ota
Ogun,27,Ado Odo-Ota,03,Ijoko,05,L.G. School Aparadija  Ii,008,27/03/05/008,Ogun West,Ado-Odo/Ota
Ogun,27,Ado Odo-Ota,03,Ijoko,05,Arije Village,009,27/03/05/009,Ogun West,Ado-Odo/Ota
Ogun,27,Ado Odo-Ota,03,Ijoko,05,Ntabo Junction  I,010,27/03/05/010,Ogun West,Ado-Odo/Ota
Ogun,27,Ado Odo-Ota,03,Ijoko,05,Ntabo Junction  Ii,011,27/03/05/011,Ogun West,Ado-Odo/Ota
Ogun,27,Ado Odo-Ota,03,Ijoko,05,Afimo Village  I,012,27/03/05/012,Ogun West,Ado-Odo/Ota
Ogun,27,Ado Odo-Ota,03,Ijoko,05,Afimo Village  Ii,013,27/03/05/013,Ogun West,Ado-Odo/Ota
Ogun,27,Ado Odo-Ota,03,Ijoko,05,Ifetedo Health Center,014,27/03/05/014,Ogun West,Ado-Odo/Ota
Ogun,27,Ado Odo-Ota,03,Ijoko,05,N.U.D. School Ijoko Ii,015,27/03/05/015,Ogun West,Ado-Odo/Ota
Ogun,27,Ado Odo-Ota,03,Ijoko,05,"Open Space At Ologogoro Junction, Abule Iroko",016,27/03/05/016,Ogun West,Ado-Odo/Ota
Ogun,27,Ado Odo-Ota,03,Ijoko,05,"Open Space At Ogunmokun Road By 3 Tee Junction, Abule Iroko",017,27/03/05/017,Ogun West,Ado-Odo/Ota
Ogun,27,Ado Odo-Ota,03,Ijoko,05,"Open Space At Fpf By Moses Orimolade Junction, Abule Iroko",018,27/03/05/018,Ogun West,Ado-Odo/Ota
Ogun,27,Ado Odo-Ota,03,Ijoko,05,"Open Space At Isho Junction, Araromi Phase 1, Abule Iroko",019,27/03/05/019,Ogun West,Ado-Odo/Ota
Ogun,27,Ado Odo-Ota,03,Ijoko,05,"Ife Health Centre, Ifelagba, Abule Iroko",020,27/03/05/020,Ogun West,Ado-Odo/Ota
Ogun,27,Ado Odo-Ota,03,Ijoko,05,"Open Space At Gasline Junction, Ijoko, Bus Stop",021,27/03/05/021,Ogun West,Ado-Odo/Ota
Ogun,27,Ado Odo-Ota,03,Ijoko,05,"Beside Transformer, Ifelodun Abule Iroko",022,27/03/05/022,Ogun West,Ado-Odo/Ota
Ogun,27,Ado Odo-Ota,03,Ijoko,05,"In Front Of Mast, God Trust Estate, Ijoko",023,27/03/05/023,Ogun West,Ado-Odo/Ota
Ogun,27,Ado Odo-Ota,03,Ijoko,05,"Open Space Opposite Baale'S House, Arije",024,27/03/05/024,Ogun West,Ado-Odo/Ota
Ogun,27,Ado Odo-Ota,03,Ijoko,05,"Beside Transformer Olaotan Junction, Ijoko",025,27/03/05/025,Ogun West,Ado-Odo/Ota
Ogun,27,Ado Odo-Ota,03,Ijoko,05,"St Saviour'S Anglican Nursery Primary School, Ijoko",026,27/03/05/026,Ogun West,Ado-Odo/Ota
Ogun,27,Ado Odo-Ota,03,Ijoko,05,"Unity High School, Ijoko",027,27/03/05/027,Ogun West,Ado-Odo/Ota
Ogun,27,Ado Odo-Ota,03,Ijoko,05,"Open Space At Omotosho Junction,Olorunsogo, Ijoko",028,27/03/05/028,Ogun West,Ado-Odo/Ota
Ogun,27,Ado Odo-Ota,03,Ijoko,05,"Open Space At Aiyejimi/Solanke Junction, Ijoko",029,27/03/05/029,Ogun West,Ado-Odo/Ota
Ogun,27,Ado Odo-Ota,03,Ijoko,05,"Owode/Agoro Junction, Ijoko",030,27/03/05/030,Ogun West,Ado-Odo/Ota
Ogun,27,Ado Odo-Ota,03,Ijoko,05,"Saka Powerline/Abule Iroko Road, Abule Iroko",031,27/03/05/031,Ogun West,Ado-Odo/Ota
Ogun,27,Ado Odo-Ota,03,Ijoko,05,"Openâ  Space Opposite Haliaqu Mosque, Abule Iroko",032,27/03/05/032,Ogun West,Ado-Odo/Ota
Ogun,27,Ado Odo-Ota,03,Ijoko,05,"Open Space At Salami Ope/Segun Falode Junction, Abule Iroko",033,27/03/05/033,Ogun West,Ado-Odo/Ota
Ogun,27,Ado Odo-Ota,03,Ijoko,05,"Beside Transformer,  Surulere Road, Ntabo, Ijoko",034,27/03/05/034,Ogun West,Ado-Odo/Ota
Ogun,27,Ado Odo-Ota,03,Ijoko,05,"Open Space At Counsellor Block, Ntabo, Ijoko",035,27/03/05/035,Ogun West,Ado-Odo/Ota
Ogun,27,Ado Odo-Ota,03,Ijoko,05,"Beside Transformer  Odo-Alade, Ntabo, Ijoko",036,27/03/05/036,Ogun West,Ado-Odo/Ota
Ogun,27,Ado Odo-Ota,03,Ijoko,05,"Night Market, Okesuna, Ijoko",037,27/03/05/037,Ogun West,Ado-Odo/Ota
Ogun,27,Ado Odo-Ota,03,Ijoko,05,"Beside Transformer Watergate, Agboluaje Junction , Ijoko",038,27/03/05/038,Ogun West,Ado-Odo/Ota
Ogun,27,Ado Odo-Ota,03,Ijoko,05,"Ifegunwa Community Hall, Ijoko",039,27/03/05/039,Ogun West,Ado-Odo/Ota
Ogun,27,Ado Odo-Ota,03,Ijoko,05,"Community Health Centre, Arije",040,27/03/05/040,Ogun West,Ado-Odo/Ota
Ogun,27,Ado Odo-Ota,03,Ijoko,05,"Beside Transformer By Moshood Hamzat Crescent, Abule Iroko",041,27/03/05/041,Ogun West,Ado-Odo/Ota
Ogun,27,Ado Odo-Ota,03,Ijoko,05,"Open Space At Moses Ajulo Junction,  Arijeloro",042,27/03/05/042,Ogun West,Ado-Odo/Ota
Ogun,27,Ado Odo-Ota,03,Ijoko,05,"Open Space At Caynik Street, Iroko Town",043,27/03/05/043,Ogun West,Ado-Odo/Ota
Ogun,27,Ado Odo-Ota,03,Ijoko,05,"Beside Transformer By Wasiu Olayinka/Akin Martins Street, Off Gasline, Ijoko",044,27/03/05/044,Ogun West,Ado-Odo/Ota
Ogun,27,Ado Odo-Ota,03,Ijoko,05,"Beside Transformer Atobajaiye Junction, Ijoko",045,27/03/05/045,Ogun West,Ado-Odo/Ota
Ogun,27,Ado Odo-Ota,03,Ijoko,05,"Open Space At Barnabas Crescent By Gasline Gorge,",046,27/03/05/046,Ogun West,Ado-Odo/Ota
Ogun,27,Ado Odo-Ota,03,Ijoko,05,"Olorunda Community Town Hall,Ntabo",047,27/03/05/047,Ogun West,Ado-Odo/Ota
Ogun,27,Ado Odo-Ota,03,Ijoko,05,"Open Space At Openiyi Junction/ Ogundele Street,",048,27/03/05/048,Ogun West,Ado-Odo/Ota
Ogun,27,Ado Odo-Ota,03,Ijoko,05,Open Space At Yemisi Akerele/Adeniji Alabi Junction,049,27/03/05/049,Ogun West,Ado-Odo/Ota
Ogun,27,Ado Odo-Ota,03,Ijoko,05,Open Space At Orisunbare/Gasline Junction,050,27/03/05/050,Ogun West,Ado-Odo/Ota
Ogun,27,Ado Odo-Ota,03,Ijoko,05,"Â Awanirekan Community Estate Gate, Gasline",051,27/03/05/051,Ogun West,Ado-Odo/Ota
Ogun,27,Ado Odo-Ota,03,Ijoko,05,"Mechanic Village, Olaotan Street, Ijoko",052,27/03/05/052,Ogun West,Ado-Odo/Ota
Ogun,27,Ado Odo-Ota,03,Ijoko,05,"Open Spaceâ  At Araromi Junction, Arije",053,27/03/05/053,Ogun West,Ado-Odo/Ota
Ogun,27,Ado Odo-Ota,03,Ijoko,05,"Ponraele Junction,Â  Behind Moshlad Hotel Arije.",054,27/03/05/054,Ogun West,Ado-Odo/Ota
Ogun,27,Ado Odo-Ota,03,Ijoko,05,"Open Space At Coker Estate By Akunle Adebayo Close Junction, Arije",055,27/03/05/055,Ogun West,Ado-Odo/Ota
Ogun,27,Ado Odo-Ota,03,Ijoko,05,"Openâ  Space At Oremeji Street, Akinde Junction Arijeloro.",056,27/03/05/056,Ogun West,Ado-Odo/Ota
Ogun,27,Ado Odo-Ota,03,Ijoko,05,"Open Space At Verdec Junction, Ijoko",057,27/03/05/057,Ogun West,Ado-Odo/Ota
Ogun,27,Ado Odo-Ota,03,Ijoko,05,"Beside Transformer Abanikole Junction, Ijoko",058,27/03/05/058,Ogun West,Ado-Odo/Ota
Ogun,27,Ado Odo-Ota,03,Ijoko,05,"Open Space At Kstar Junction, Abanikole, Ijoko",059,27/03/05/059,Ogun West,Ado-Odo/Ota
Ogun,27,Ado Odo-Ota,03,Atan,06,U.A.C. School Koko,001,27/03/06/001,Ogun West,Ado-Odo/Ota
Ogun,27,Ado Odo-Ota,03,Atan,06,N.U.D. School Atan I,002,27/03/06/002,Ogun West,Ado-Odo/Ota
Ogun,27,Ado Odo-Ota,03,Atan,06,A/C School Lemomu,003,27/03/06/003,Ogun West,Ado-Odo/Ota
Ogun,27,Ado Odo-Ota,03,Atan,06,United Pry. Sch. Ajegunle,004,27/03/06/004,Ogun West,Ado-Odo/Ota
Ogun,27,Ado Odo-Ota,03,Atan,06,Egunla Akinbo Village,005,27/03/06/005,Ogun West,Ado-Odo/Ota
Ogun,27,Ado Odo-Ota,03,Atan,06,Erinle Pry School,006,27/03/06/006,Ogun West,Ado-Odo/Ota
Ogun,27,Ado Odo-Ota,03,Atan,06,A.C. Sch. Onse Olose,007,27/03/06/007,Ogun West,Ado-Odo/Ota
Ogun,27,Ado Odo-Ota,03,Atan,06,Adekoyeni Village,008,27/03/06/008,Ogun West,Ado-Odo/Ota
Ogun,27,Ado Odo-Ota,03,Atan,06,O.L.G. Kajola - Ibooro,009,27/03/06/009,Ogun West,Ado-Odo/Ota
Ogun,27,Ado Odo-Ota,03,Atan,06,Meth. Pry Sch. Oke-Ore,010,27/03/06/010,Ogun West,Ado-Odo/Ota
Ogun,27,Ado Odo-Ota,03,Atan,06,St. Paul'S Onigbongbo,011,27/03/06/011,Ogun West,Ado-Odo/Ota
Ogun,27,Ado Odo-Ota,03,Atan,06,A.C. School Orita,012,27/03/06/012,Ogun West,Ado-Odo/Ota
Ogun,27,Ado Odo-Ota,03,Atan,06,Ajibawo Village,013,27/03/06/013,Ogun West,Ado-Odo/Ota
Ogun,27,Ado Odo-Ota,03,Atan,06,A/C School Igbele-Ajana,014,27/03/06/014,Ogun West,Ado-Odo/Ota
Ogun,27,Ado Odo-Ota,03,Atan,06,O.L.G. School Adekanbi,015,27/03/06/015,Ogun West,Ado-Odo/Ota
Ogun,27,Ado Odo-Ota,03,Atan,06,Old Atan Motor Park,016,27/03/06/016,Ogun West,Ado-Odo/Ota
Ogun,27,Ado Odo-Ota,03,Atan,06,Abule Tisa,017,27/03/06/017,Ogun West,Ado-Odo/Ota
Ogun,27,Ado Odo-Ota,03,Atan,06,Isaga Onlado,018,27/03/06/018,Ogun West,Ado-Odo/Ota
Ogun,27,Ado Odo-Ota,03,Atan,06,N.U.D.  Atan Ii,019,27/03/06/019,Ogun West,Ado-Odo/Ota
Ogun,27,Ado Odo-Ota,03,Atan,06,Amode Village,020,27/03/06/020,Ogun West,Ado-Odo/Ota
Ogun,27,Ado Odo-Ota,03,Atan,06,In Front Of Sawmill At Molasin Road Opposite  Weather Work Shop,021,27/03/06/021,Ogun West,Ado-Odo/Ota
Ogun,27,Ado Odo-Ota,03,Atan,06,"In Front Of Transformer At Ayorinde Street, Ajibawo Atan",022,27/03/06/022,Ogun West,Ado-Odo/Ota
Ogun,27,Ado Odo-Ota,03,Atan,06,Open Space At Olukade Road Oke Ore Atan,023,27/03/06/023,Ogun West,Ado-Odo/Ota
Ogun,27,Ado Odo-Ota,03,Atan,06,Unity High School Kajola,024,27/03/06/024,Ogun West,Ado-Odo/Ota
Ogun,27,Ado Odo-Ota,03,Atan,06,Open Space At Idan Jesu Junction Olorunda Maku Atan,025,27/03/06/025,Ogun West,Ado-Odo/Ota
Ogun,27,Ado Odo-Ota,03,Atan,06,"In Front Of Transformer At Anuoluwapo  Street, Off Ajegunle Road Ajibawo, Atan",026,27/03/06/026,Ogun West,Ado-Odo/Ota
Ogun,27,Ado Odo-Ota,03,Atan,06,In Front Of Transformer Opp Progressive Street Peaceland Ajegunle Atan,027,27/03/06/027,Ogun West,Ado-Odo/Ota
Ogun,27,Ado Odo-Ota,03,Atan,06,Open Space Opp Klm1 Ajegunle Road Atan,028,27/03/06/028,Ogun West,Ado-Odo/Ota
Ogun,27,Ado Odo-Ota,03,Atan,06,Open Space At C4 Junction Kajola Road Atan,029,27/03/06/029,Ogun West,Ado-Odo/Ota
Ogun,27,Ado Odo-Ota,03,Atan,06,"Beside Transformer At Kajola Junction, Atan",030,27/03/06/030,Ogun West,Ado-Odo/Ota
Ogun,27,Ado Odo-Ota,03,Atan,06,In Front Of Transformer At Abiodun Adetokun Street Atan,031,27/03/06/031,Ogun West,Ado-Odo/Ota
Ogun,27,Ado Odo-Ota,03,Atan,06,"Open Space Ketu Oriyomi Road, By Ire Oluwa Street, Junction Atan",032,27/03/06/032,Ogun West,Ado-Odo/Ota
Ogun,27,Ado Odo-Ota,03,Atan,06,"Beside Transformer, At Jummy Junction Olokopupo Road",033,27/03/06/033,Ogun West,Ado-Odo/Ota
Ogun,27,Ado Odo-Ota,03,Atan,06,Community Hall Onigbongbo Phase Ii,034,27/03/06/034,Ogun West,Ado-Odo/Ota
Ogun,27,Ado Odo-Ota,03,Atan,06,Community Hall Agoro Onigbongbo,035,27/03/06/035,Ogun West,Ado-Odo/Ota
Ogun,27,Ado Odo-Ota,03,Atan,06,Village Square Ilewo Alaga,036,27/03/06/036,Ogun West,Ado-Odo/Ota
Ogun,27,Ado Odo-Ota,03,Atan,06,Lga Pry School Ilewo Alaga,037,27/03/06/037,Ogun West,Ado-Odo/Ota
Ogun,27,Ado Odo-Ota,03,Atan,06,"Open Space Tobalase Bustop, Ajibawo",038,27/03/06/038,Ogun West,Ado-Odo/Ota
Ogun,27,Ado Odo-Ota,03,Atan,06,Open Space At Akinlolu Car Wash Bus Stop Olorunsogo Oke Ore.,039,27/03/06/039,Ogun West,Ado-Odo/Ota
Ogun,27,Ado Odo-Ota,03,Atan,06,"Open Space At Igbo Ope Junction, Agbedi Road,  Onshe Olose",040,27/03/06/040,Ogun West,Ado-Odo/Ota
Ogun,27,Ado Odo-Ota,03,Atan,06,"Open Space At Kata Road, Ajegunle",041,27/03/06/041,Ogun West,Ado-Odo/Ota
Ogun,27,Ado Odo-Ota,03,Iju,07,Iju Ebiye High School,001,27/03/07/001,Ogun West,Ado-Odo/Ota
Ogun,27,Ado Odo-Ota,03,Iju,07,L.G. School Oko-Omi,002,27/03/07/002,Ogun West,Ado-Odo/Ota
Ogun,27,Ado Odo-Ota,03,Iju,07,A/C School Mesan,003,27/03/07/003,Ogun West,Ado-Odo/Ota
Ogun,27,Ado Odo-Ota,03,Iju,07,L.G. School Obere,004,27/03/07/004,Ogun West,Ado-Odo/Ota
Ogun,27,Ado Odo-Ota,03,Iju,07,A/C School Onibuku,005,27/03/07/005,Ogun West,Ado-Odo/Ota
Ogun,27,Ado Odo-Ota,03,Iju,07,Ore Akinde Village,006,27/03/07/006,Ogun West,Ado-Odo/Ota
Ogun,27,Ado Odo-Ota,03,Iju,07,A/C School Osuke,007,27/03/07/007,Ogun West,Ado-Odo/Ota
Ogun,27,Ado Odo-Ota,03,Iju,07,Ayetoro Open Space,008,27/03/07/008,Ogun West,Ado-Odo/Ota
Ogun,27,Ado Odo-Ota,03,Iju,07,R.C.M. School Idimu,009,27/03/07/009,Ogun West,Ado-Odo/Ota
Ogun,27,Ado Odo-Ota,03,Iju,07,St. Peter'S School Iyesi,010,27/03/07/010,Ogun West,Ado-Odo/Ota
Ogun,27,Ado Odo-Ota,03,Iju,07,L.G School Itori,011,27/03/07/011,Ogun West,Ado-Odo/Ota
Ogun,27,Ado Odo-Ota,03,Iju,07,Ilupeju Comm. Pry. School I,012,27/03/07/012,Ogun West,Ado-Odo/Ota
Ogun,27,Ado Odo-Ota,03,Iju,07,Housing Estate,013,27/03/07/013,Ogun West,Ado-Odo/Ota
Ogun,27,Ado Odo-Ota,03,Iju,07,L.G School Itele,014,27/03/07/014,Ogun West,Ado-Odo/Ota
Ogun,27,Ado Odo-Ota,03,Iju,07,Lafenwa Village Square,015,27/03/07/015,Ogun West,Ado-Odo/Ota
Ogun,27,Ado Odo-Ota,03,Iju,07,Ijuebiye Village Square,016,27/03/07/016,Ogun West,Ado-Odo/Ota
Ogun,27,Ado Odo-Ota,03,Iju,07,Ilupeju Comm. Pry School Ii,017,27/03/07/017,Ogun West,Ado-Odo/Ota
Ogun,27,Ado Odo-Ota,03,Iju,07,"Open Space At Dangote Junction, Baba Ode",018,27/03/07/018,Ogun West,Ado-Odo/Ota
Ogun,27,Ado Odo-Ota,03,Iju,07,Beside Transformer Phase Ii Ajayi Egan,019,27/03/07/019,Ogun West,Ado-Odo/Ota
Ogun,27,Ado Odo-Ota,03,Iju,07,"Beside Transformer Near President Paint, Idedo",020,27/03/07/020,Ogun West,Ado-Odo/Ota
Ogun,27,Ado Odo-Ota,03,Iju,07,"A.U.D Primary School, Iju",021,27/03/07/021,Ogun West,Ado-Odo/Ota
Ogun,27,Ado Odo-Ota,03,Iju,07,"Beside Transformer  Adealu, Isale Iju",022,27/03/07/022,Ogun West,Ado-Odo/Ota
Ogun,27,Ado Odo-Ota,03,Iju,07,"Salvation Army Pry School, Ijaba Ota",023,27/03/07/023,Ogun West,Ado-Odo/Ota
Ogun,27,Ado Odo-Ota,03,Iju,07,"Opposite Transformer,  Orikowonjo, Iyesi",024,27/03/07/024,Ogun West,Ado-Odo/Ota
Ogun,27,Ado Odo-Ota,03,Iju,07,"Beside Transformer By 5Th Avenue Junction,  Feru, Iyesi",025,27/03/07/025,Ogun West,Ado-Odo/Ota
Ogun,27,Ado Odo-Ota,03,Iju,07,"Beside Transformer Ilasa Town, Iyesi",026,27/03/07/026,Ogun West,Ado-Odo/Ota
Ogun,27,Ado Odo-Ota,03,Iju,07,"Surulere Estate Town Hall, Ilasa, Iyesi",027,27/03/07/027,Ogun West,Ado-Odo/Ota
Ogun,27,Ado Odo-Ota,03,Iju,07,"Open Space At Alowonle Junction, Iju Phase Ii",028,27/03/07/028,Ogun West,Ado-Odo/Ota
Ogun,27,Ado Odo-Ota,03,Iju,07,"Beside Transformer By Ajolewe Street, New Obere",029,27/03/07/029,Ogun West,Ado-Odo/Ota
Ogun,27,Ado Odo-Ota,03,Iju,07,"Open Space At Isaga Ala Junction, Obere",030,27/03/07/030,Ogun West,Ado-Odo/Ota
Ogun,27,Ado Odo-Ota,03,Iju,07,"Open Space Opposite Wonderland, Idi Iroko Road",031,27/03/07/031,Ogun West,Ado-Odo/Ota
Ogun,27,Ado Odo-Ota,03,Iju,07,"Open Space Opposite Canaanland, Ota",032,27/03/07/032,Ogun West,Ado-Odo/Ota
Ogun,27,Ado Odo-Ota,03,Iju,07,Transformer Base Oju Otuku Junction Egusi Ota,033,27/03/07/033,Ogun West,Ado-Odo/Ota
Ogun,27,Ado Odo-Ota,03,Iju,07,"Egusi Acdc Health Centre, Egusi Ota",034,27/03/07/034,Ogun West,Ado-Odo/Ota
Ogun,27,Ado Odo-Ota,03,Iju,07,"Open Space At Cele Nla Junction,  Igberen",035,27/03/07/035,Ogun West,Ado-Odo/Ota
Ogun,27,Ado Odo-Ota,03,Iju,07,"Oba Moshood Oyede Community Primary School, Onipanu",036,27/03/07/036,Ogun West,Ado-Odo/Ota
Ogun,27,Ado Odo-Ota,03,Iju,07,"Community Hall, Dada Asala",037,27/03/07/037,Ogun West,Ado-Odo/Ota
Ogun,27,Ado Odo-Ota,03,Iju,07,Beside Transformer  Ijegemo Oruku,038,27/03/07/038,Ogun West,Ado-Odo/Ota
Ogun,27,Ado Odo-Ota,03,Iju,07,"Open Space At Onigbin Roundabout, Onigbin",039,27/03/07/039,Ogun West,Ado-Odo/Ota
Ogun,27,Ado Odo-Ota,03,Iju,07,Ansar-Ud-Deen Comprehensive High School Lafenwa Itele,040,27/03/07/040,Ogun West,Ado-Odo/Ota
Ogun,27,Ado Odo-Ota,03,Iju,07,"Open Space At One Accord Junction, Ilegbede Alafia Itele",041,27/03/07/041,Ogun West,Ado-Odo/Ota
Ogun,27,Ado Odo-Ota,03,Iju,07,Open Space At Aiyegbajeje Junction Olugbode Road Itele,042,27/03/07/042,Ogun West,Ado-Odo/Ota
Ogun,27,Ado Odo-Ota,03,Iju,07,"Ansar-Ud-Deen Pry  School, Adeleye Alaagba Itele",043,27/03/07/043,Ogun West,Ado-Odo/Ota
Ogun,27,Ado Odo-Ota,03,Iju,07,"Ejigun Agbede Community Town Hall, Ejigun Itele",044,27/03/07/044,Ogun West,Ado-Odo/Ota
Ogun,27,Ado Odo-Ota,03,Iju,07,Open Space At Ifelodun Junction Kogi Town Itele,045,27/03/07/045,Ogun West,Ado-Odo/Ota
Ogun,27,Ado Odo-Ota,03,Iju,07,"In Front Of Transformer At Alhaja Oketente Junction, Cashier Area, Itele",046,27/03/07/046,Ogun West,Ado-Odo/Ota
Ogun,27,Ado Odo-Ota,03,Iju,07,Open Space At Morkas Junction Aparadija Itele,047,27/03/07/047,Ogun West,Ado-Odo/Ota
Ogun,27,Ado Odo-Ota,03,Iju,07,St Peters Pry School Odan Otun Itele,048,27/03/07/048,Ogun West,Ado-Odo/Ota
Ogun,27,Ado Odo-Ota,03,Iju,07,"Community Health Centre, Aiyetoro",049,27/03/07/049,Ogun West,Ado-Odo/Ota
Ogun,27,Ado Odo-Ota,03,Iju,07,"Open Space At Dangote Junction, Itele",050,27/03/07/050,Ogun West,Ado-Odo/Ota
Ogun,27,Ado Odo-Ota,03,Iju,07,"Open Space At Ajana Oro Junction, Aiyetoro",051,27/03/07/051,Ogun West,Ado-Odo/Ota
Ogun,27,Ado Odo-Ota,03,Iju,07,Open Space At Gbagobiajele Junction Aiyetoro,052,27/03/07/052,Ogun West,Ado-Odo/Ota
Ogun,27,Ado Odo-Ota,03,Iju,07,Town Hall Ajayi-Egan,053,27/03/07/053,Ogun West,Ado-Odo/Ota
Ogun,27,Ado Odo-Ota,03,Iju,07,"Community Development Market, Sokenu",054,27/03/07/054,Ogun West,Ado-Odo/Ota
Ogun,27,Ado Odo-Ota,03,Iju,07,"Community Maternity Centre, Ipetu Baba Ode",055,27/03/07/055,Ogun West,Ado-Odo/Ota
Ogun,27,Ado Odo-Ota,03,Iju,07,"Beside Transformer By Agbeniga/Mesan Road , Agbeniga",056,27/03/07/056,Ogun West,Ado-Odo/Ota
Ogun,27,Ado Odo-Ota,03,Iju,07,"Village Square, Isale Iju",057,27/03/07/057,Ogun West,Ado-Odo/Ota
Ogun,27,Ado Odo-Ota,03,Iju,07,"Beside Abanise Transformer On Moricas Road, Egusi",058,27/03/07/058,Ogun West,Ado-Odo/Ota
Ogun,27,Ado Odo-Ota,03,Iju,07,"Open Space At Abiodun Falade/Temidire Junction, Fasogbon Egusi",059,27/03/07/059,Ogun West,Ado-Odo/Ota
Ogun,27,Ado Odo-Ota,03,Iju,07,"Nepa Junction,  Ori Okuta, Igbenren",060,27/03/07/060,Ogun West,Ado-Odo/Ota
Ogun,27,Ado Odo-Ota,03,Iju,07,"Community Grammar, Isokan, Ajenifuja",061,27/03/07/061,Ogun West,Ado-Odo/Ota
Ogun,27,Ado Odo-Ota,03,Iju,07,"Aboloyin Health Post,  Aboloyin",062,27/03/07/062,Ogun West,Ado-Odo/Ota
Ogun,27,Ado Odo-Ota,03,Iju,07,"Open Space At Saraki, Oloko Powerline",063,27/03/07/063,Ogun West,Ado-Odo/Ota
Ogun,27,Ado Odo-Ota,03,Iju,07,"Open Space At Surveyor Junction, Elejigbo Phase 1",064,27/03/07/064,Ogun West,Ado-Odo/Ota
Ogun,27,Ado Odo-Ota,03,Iju,07,Beside Transformer Tanisewu Junction Bamisebi Itele Iju,065,27/03/07/065,Ogun West,Ado-Odo/Ota
Ogun,27,Ado Odo-Ota,03,Iju,07,"Beside Transformer,  Powerline,  Onifade",066,27/03/07/066,Ogun West,Ado-Odo/Ota
Ogun,27,Ado Odo-Ota,03,Iju,07,"Open Space At Oladeinde Omoloye/Olowolagba Junction By Obasanjo Fence,  Kajola Itele",067,27/03/07/067,Ogun West,Ado-Odo/Ota
Ogun,27,Ado Odo-Ota,03,Iju,07,"Open Space At  Henry Akande/ Olateju Adesina Junction,  Senukoro, Itele",068,27/03/07/068,Ogun West,Ado-Odo/Ota
Ogun,27,Ado Odo-Ota,03,Iju,07,"Open Space At Eweje Powerline Junction, Oguntedo",069,27/03/07/069,Ogun West,Ado-Odo/Ota
Ogun,27,Ado Odo-Ota,03,Iju,07,"Queens Avenue/ Benja Junction, Benja Egusi",070,27/03/07/070,Ogun West,Ado-Odo/Ota
Ogun,27,Ado Odo-Ota,03,Iju,07,"Community Hall, Promise Estate, Itori",071,27/03/07/071,Ogun West,Ado-Odo/Ota
Ogun,27,Ado Odo-Ota,03,Iju,07,"Police Childrens School, Osuke",072,27/03/07/072,Ogun West,Ado-Odo/Ota
Ogun,27,Ado Odo-Ota,03,Iju,07,"Open Space At Holy Michael Busstop, Tetede Osuke",073,27/03/07/073,Ogun West,Ado-Odo/Ota
Ogun,27,Ado Odo-Ota,03,Iju,07,"Open Space At Aworo Busstop, Osuke",074,27/03/07/074,Ogun West,Ado-Odo/Ota
Ogun,27,Ado Odo-Ota,03,Iju,07,"Beside Transformer, Oriade/Etim Udo Junction, Iyesi",075,27/03/07/075,Ogun West,Ado-Odo/Ota
Ogun,27,Ado Odo-Ota,03,Iju,07,"Open Space At Love Estate Gate 1, Osuke Road, Osuke",076,27/03/07/076,Ogun West,Ado-Odo/Ota
Ogun,27,Ado Odo-Ota,03,Ilogbo,08,A/C School Ilogbo,001,27/03/08/001,Ogun West,Ado-Odo/Ota
Ogun,27,Ado Odo-Ota,03,Ilogbo,08,Liasu Balogun,002,27/03/08/002,Ogun West,Ado-Odo/Ota
Ogun,27,Ado Odo-Ota,03,Ilogbo,08,Idiagbon,003,27/03/08/003,Ogun West,Ado-Odo/Ota
Ogun,27,Ado Odo-Ota,03,Ilogbo,08,L.G. School Olorunda - Aganna,004,27/03/08/004,Ogun West,Ado-Odo/Ota
Ogun,27,Ado Odo-Ota,03,Ilogbo,08,L.G. School Joga,005,27/03/08/005,Ogun West,Ado-Odo/Ota
Ogun,27,Ado Odo-Ota,03,Ilogbo,08,Ajogbo Grammar School,006,27/03/08/006,Ogun West,Ado-Odo/Ota
Ogun,27,Ado Odo-Ota,03,Ilogbo,08,Owode Pry. School  I,007,27/03/08/007,Ogun West,Ado-Odo/Ota
Ogun,27,Ado Odo-Ota,03,Ilogbo,08,Owode Titun,008,27/03/08/008,Ogun West,Ado-Odo/Ota
Ogun,27,Ado Odo-Ota,03,Ilogbo,08,Tigbo Village,009,27/03/08/009,Ogun West,Ado-Odo/Ota
Ogun,27,Ado Odo-Ota,03,Ilogbo,08,L.G School Konifewo,010,27/03/08/010,Ogun West,Ado-Odo/Ota
Ogun,27,Ado Odo-Ota,03,Ilogbo,08,Ijako Pry. School,011,27/03/08/011,Ogun West,Ado-Odo/Ota
Ogun,27,Ado Odo-Ota,03,Ilogbo,08,Oluwatedo Alade Road,012,27/03/08/012,Ogun West,Ado-Odo/Ota
Ogun,27,Ado Odo-Ota,03,Ilogbo,08,Iyana Ilogbo Tigbo,013,27/03/08/013,Ogun West,Ado-Odo/Ota
Ogun,27,Ado Odo-Ota,03,Ilogbo,08,Isorosi Ijako,014,27/03/08/014,Ogun West,Ado-Odo/Ota
Ogun,27,Ado Odo-Ota,03,Ilogbo,08,Abdul Village,015,27/03/08/015,Ogun West,Ado-Odo/Ota
Ogun,27,Ado Odo-Ota,03,Ilogbo,08,Mosafejo,016,27/03/08/016,Ogun West,Ado-Odo/Ota
Ogun,27,Ado Odo-Ota,03,Ilogbo,08,Lesi,017,27/03/08/017,Ogun West,Ado-Odo/Ota
Ogun,27,Ado Odo-Ota,03,Ilogbo,08,Oniyanmo,018,27/03/08/018,Ogun West,Ado-Odo/Ota
Ogun,27,Ado Odo-Ota,03,Ilogbo,08,Ewupe,019,27/03/08/019,Ogun West,Ado-Odo/Ota
Ogun,27,Ado Odo-Ota,03,Ilogbo,08,Orente,020,27/03/08/020,Ogun West,Ado-Odo/Ota
Ogun,27,Ado Odo-Ota,03,Ilogbo,08,"Community Primary School, Iwoye",021,27/03/08/021,Ogun West,Ado-Odo/Ota
Ogun,27,Ado Odo-Ota,03,Ilogbo,08,"Open Space At John Agbokeye Junction, Ilogbo Road",022,27/03/08/022,Ogun West,Ado-Odo/Ota
Ogun,27,Ado Odo-Ota,03,Ilogbo,08,"Oba Talabi Market,  Ilogbo",023,27/03/08/023,Ogun West,Ado-Odo/Ota
Ogun,27,Ado Odo-Ota,03,Ilogbo,08,"Open Space, Orita Prem , Olugba",024,27/03/08/024,Ogun West,Ado-Odo/Ota
Ogun,27,Ado Odo-Ota,03,Ilogbo,08,"Ilogbo Asowo Community High School, Ilogbo",025,27/03/08/025,Ogun West,Ado-Odo/Ota
Ogun,27,Ado Odo-Ota,03,Ilogbo,08,"Baale Junction, Beside Transformer, Isogun",026,27/03/08/026,Ogun West,Ado-Odo/Ota
Ogun,27,Ado Odo-Ota,03,Ilogbo,08,"Open Space Ori Okuta, Near Vigilante Office Ilogbo",027,27/03/08/027,Ogun West,Ado-Odo/Ota
Ogun,27,Ado Odo-Ota,03,Ilogbo,08,"Araromi Sport Field, Ilemijan",028,27/03/08/028,Ogun West,Ado-Odo/Ota
Ogun,27,Ado Odo-Ota,03,Ilogbo,08,"Luth Co-Operative Estate Gate, Tigbo Ilu",029,27/03/08/029,Ogun West,Ado-Odo/Ota
Ogun,27,Ado Odo-Ota,03,Ilogbo,08,"Maternity Health Centre, Oke Osa",030,27/03/08/030,Ogun West,Ado-Odo/Ota
Ogun,27,Ado Odo-Ota,03,Ilogbo,08,"Open Space By Sawmill, Okitikan",031,27/03/08/031,Ogun West,Ado-Odo/Ota
Ogun,27,Ado Odo-Ota,03,Ilogbo,08,"Opposite Transformer, Crown Estate Ajibode",032,27/03/08/032,Ogun West,Ado-Odo/Ota
Ogun,27,Ado Odo-Ota,03,Ilogbo,08,"Open Space By Ade Ade Blocks, Ewupe Road",033,27/03/08/033,Ogun West,Ado-Odo/Ota
Ogun,27,Ado Odo-Ota,03,Ilogbo,08,"Open Space At Agbara Oluwa Street Junction,Destiny Estate,Ewupe",034,27/03/08/034,Ogun West,Ado-Odo/Ota
Ogun,27,Ado Odo-Ota,03,Ilogbo,08,Community Health Centre  Ewupe Ijaliye,035,27/03/08/035,Ogun West,Ado-Odo/Ota
Ogun,27,Ado Odo-Ota,03,Ilogbo,08,Open Space Promiseland Junction Ewupe,036,27/03/08/036,Ogun West,Ado-Odo/Ota
Ogun,27,Ado Odo-Ota,03,Ilogbo,08,"Village Square, Isunba, Ijiri",037,27/03/08/037,Ogun West,Ado-Odo/Ota
Ogun,27,Ado Odo-Ota,03,Ilogbo,08,"Market Square, Isunba",038,27/03/08/038,Ogun West,Ado-Odo/Ota
Ogun,27,Ado Odo-Ota,03,Ilogbo,08,"Tipper Garage, Oke Odo, Mero",039,27/03/08/039,Ogun West,Ado-Odo/Ota
Ogun,27,Ado Odo-Ota,03,Ilogbo,08,"Beside Transformer, By Dokita Village Junction.",040,27/03/08/040,Ogun West,Ado-Odo/Ota
Ogun,27,Ado Odo-Ota,03,Ilogbo,08,Open Space Along Ilogbo Road By Egbusi Junction,041,27/03/08/041,Ogun West,Ado-Odo/Ota
Ogun,27,Ado Odo-Ota,03,Ilogbo,08,"Beside Public Water, Temidire, Ijumo",042,27/03/08/042,Ogun West,Ado-Odo/Ota
Ogun,27,Ado Odo-Ota,03,Ilogbo,08,"Open Space At Aderoju Avenue,By First Odo Eja Junction.",043,27/03/08/043,Ogun West,Ado-Odo/Ota
Ogun,27,Ado Odo-Ota,03,Ilogbo,08,"Open Space In Front Of Football Pitch, Ajerogun",044,27/03/08/044,Ogun West,Ado-Odo/Ota
Ogun,27,Ado Odo-Ota,03,Ilogbo,08,"Open Space At Abayomi Akingbeyin Junction, Idi Orogbo",045,27/03/08/045,Ogun West,Ado-Odo/Ota
Ogun,27,Ado Odo-Ota,03,Ilogbo,08,"Beside Transformer At Iyana Abule Junction,Iludun, Ilemijan",046,27/03/08/046,Ogun West,Ado-Odo/Ota
Ogun,27,Ado Odo-Ota,03,Ilogbo,08,Beside Transformer At Shamsideen Lawal Avenue,047,27/03/08/047,Ogun West,Ado-Odo/Ota
Ogun,27,Ado Odo-Ota,03,Ilogbo,08,"Beside Transformer At Ojora/Oderinde Junction, Owode",048,27/03/08/048,Ogun West,Ado-Odo/Ota
Ogun,27,Ado Odo-Ota,03,Ilogbo,08,Open Space At Olukoyi/ Alafia Street Junction,049,27/03/08/049,Ogun West,Ado-Odo/Ota
Ogun,27,Ado Odo-Ota,03,Ilogbo,08,"Market Square, Imise, Owode Ota",050,27/03/08/050,Ogun West,Ado-Odo/Ota
Ogun,27,Ado Odo-Ota,03,Ilogbo,08,Premises Of Owode Ota Community Grammar School Owode,051,27/03/08/051,Ogun West,Ado-Odo/Ota
Ogun,27,Ado Odo-Ota,03,Ilogbo,08,"Open Space At Elekunmefa Junction, Owode Ota",052,27/03/08/052,Ogun West,Ado-Odo/Ota
Ogun,27,Ado Odo-Ota,03,Ilogbo,08,"Open Space At  Tunde Adeleye/ Prince Adewale Adeyanju Abewale Street, Ishaka",053,27/03/08/053,Ogun West,Ado-Odo/Ota
Ogun,27,Ado Odo-Ota,03,Ilogbo,08,"Infront Of Transformer At Peter Adegbite Street, Ishaka",054,27/03/08/054,Ogun West,Ado-Odo/Ota
Ogun,27,Ado Odo-Ota,03,Ilogbo,08,Infront Of Transformer At Akeem Oladimeji Junction Street Ijako,055,27/03/08/055,Ogun West,Ado-Odo/Ota
Ogun,27,Ado Odo-Ota,03,Ilogbo,08,Infront Of Transformer At Dr J.J Ayodeji Street Bada Complex Ijako Ishaka,056,27/03/08/056,Ogun West,Ado-Odo/Ota
Ogun,27,Ado Odo-Ota,03,Ado Odo I,09,"R.C.M. School, Oke Padre I",001,27/03/09/001,Ogun West,Ado-Odo/Ota
Ogun,27,Ado Odo-Ota,03,Ado Odo I,09,"R.C.M. School, Oke Padre Ii",002,27/03/09/002,Ogun West,Ado-Odo/Ota
Ogun,27,Ado Odo-Ota,03,Ado Odo I,09,Idobarun  I,003,27/03/09/003,Ogun West,Ado-Odo/Ota
Ogun,27,Ado Odo-Ota,03,Ado Odo I,09,Idobarun  Ii,004,27/03/09/004,Ogun West,Ado-Odo/Ota
Ogun,27,Ado Odo-Ota,03,Ado Odo I,09,Evening Market I- Ogona,005,27/03/09/005,Ogun West,Ado-Odo/Ota
Ogun,27,Ado Odo-Ota,03,Ado Odo I,09,Oja Ale,006,27/03/09/006,Ogun West,Ado-Odo/Ota
Ogun,27,Ado Odo-Ota,03,Ado Odo I,09,"A.O.L.G. School, Ado-Odo  I",007,27/03/09/007,Ogun West,Ado-Odo/Ota
Ogun,27,Ado Odo-Ota,03,Ado Odo I,09,"A.O.L.G. School, Ado-Odo  Ii",008,27/03/09/008,Ogun West,Ado-Odo/Ota
Ogun,27,Ado Odo-Ota,03,Ado Odo I,09,L.G. School Oke-Osi I,009,27/03/09/009,Ogun West,Ado-Odo/Ota
Ogun,27,Ado Odo-Ota,03,Ado Odo I,09,L.G. School Oke-Osi Ii,010,27/03/09/010,Ogun West,Ado-Odo/Ota
Ogun,27,Ado Odo-Ota,03,Ado Odo I,09,U.A.M.C. School Ado-Odo  I,011,27/03/09/011,Ogun West,Ado-Odo/Ota
Ogun,27,Ado Odo-Ota,03,Ado Odo I,09,U.A.M.C. School Ado-Odo  Ii,012,27/03/09/012,Ogun West,Ado-Odo/Ota
Ogun,27,Ado Odo-Ota,03,Ado Odo I,09,R.C.M. School Ado-Odo,013,27/03/09/013,Ogun West,Ado-Odo/Ota
Ogun,27,Ado Odo-Ota,03,Ado Odo I,09,Motor Park,014,27/03/09/014,Ogun West,Ado-Odo/Ota
Ogun,27,Ado Odo-Ota,03,Ado Odo I,09,Public Library I,015,27/03/09/015,Ogun West,Ado-Odo/Ota
Ogun,27,Ado Odo-Ota,03,Ado Odo I,09,L.G School Idi Ogede,016,27/03/09/016,Ogun West,Ado-Odo/Ota
Ogun,27,Ado Odo-Ota,03,Ado Odo I,09,Infront Of Alhaji Adegbola'S House,017,27/03/09/017,Ogun West,Ado-Odo/Ota
Ogun,27,Ado Odo-Ota,03,Ado Odo I,09,Idolowu Area,018,27/03/09/018,Ogun West,Ado-Odo/Ota
Ogun,27,Ado Odo-Ota,03,Ado Odo I,09,Agbara/Igufin,019,27/03/09/019,Ogun West,Ado-Odo/Ota
Ogun,27,Ado Odo-Ota,03,Ado Odo I,09,Town Hall,020,27/03/09/020,Ogun West,Ado-Odo/Ota
Ogun,27,Ado Odo-Ota,03,Ado Odo I,09,Open Space At Oke Igufin Ilomu Tuntun,021,27/03/09/021,Ogun West,Ado-Odo/Ota
Ogun,27,Ado Odo-Ota,03,Ado Odo Ii,10,Methodist Pry. School  I,001,27/03/10/001,Ogun West,Ado-Odo/Ota
Ogun,27,Ado Odo-Ota,03,Ado Odo Ii,10,Methodist Pry. School  Ii,002,27/03/10/002,Ogun West,Ado-Odo/Ota
Ogun,27,Ado Odo-Ota,03,Ado Odo Ii,10,A.U.D. School Ado,003,27/03/10/003,Ogun West,Ado-Odo/Ota
Ogun,27,Ado Odo-Ota,03,Ado Odo Ii,10,Agunloye Market  I,004,27/03/10/004,Ogun West,Ado-Odo/Ota
Ogun,27,Ado Odo-Ota,03,Ado Odo Ii,10,L.G Sch. Ijigbo,005,27/03/10/005,Ogun West,Ado-Odo/Ota
Ogun,27,Ado Odo-Ota,03,Ado Odo Ii,10,Okuluku,006,27/03/10/006,Ogun West,Ado-Odo/Ota
Ogun,27,Ado Odo-Ota,03,Ado Odo Ii,10,Ita Egun-Nla  Ii,007,27/03/10/007,Ogun West,Ado-Odo/Ota
Ogun,27,Ado Odo-Ota,03,Ado Odo Ii,10,All Saints School Ado-Odo I,008,27/03/10/008,Ogun West,Ado-Odo/Ota
Ogun,27,Ado Odo-Ota,03,Ado Odo Ii,10,Opposite  Dispensary,009,27/03/10/009,Ogun West,Ado-Odo/Ota
Ogun,27,Ado Odo-Ota,03,Ado Odo Ii,10,Ado-Odo High School,010,27/03/10/010,Ogun West,Ado-Odo/Ota
Ogun,27,Ado Odo-Ota,03,Ado Odo Ii,10,Alamuwa Grammar School,011,27/03/10/011,Ogun West,Ado-Odo/Ota
Ogun,27,Ado Odo-Ota,03,Ado Odo Ii,10,Ita Egun Kekere,012,27/03/10/012,Ogun West,Ado-Odo/Ota
Ogun,27,Ado Odo-Ota,03,Ado Odo Ii,10,All Saint'S School Ado Ii,013,27/03/10/013,Ogun West,Ado-Odo/Ota
Ogun,27,Ado Odo-Ota,03,Ado Odo Ii,10,Infront Of Amina Hostel (Alagbe Estate),014,27/03/10/014,Ogun West,Ado-Odo/Ota
Ogun,27,Ado Odo-Ota,03,Ado Odo Ii,10,"Alagbe Estate, Imale Fealafa",015,27/03/10/015,Ogun West,Ado-Odo/Ota
Ogun,27,Ado Odo-Ota,03,Ado Odo Ii,10,"Open Space At Iga Afape, Ado Odo",016,27/03/10/016,Ogun West,Ado-Odo/Ota
Ogun,27,Ado Odo-Ota,03,Ado Odo Ii,10,"Open Space At Ita Bolode, Ado Odo",017,27/03/10/017,Ogun West,Ado-Odo/Ota
Ogun,27,Ado Odo-Ota,03,Ado Odo Ii,10,Open Space At Okuluku 2 Adjacent Jamat Mosq. Okuluku,018,27/03/10/018,Ogun West,Ado-Odo/Ota
Ogun,27,Ado Odo-Ota,03,Ado Odo Ii,10,"Open Space At Wesley Guild Hospital, Yidi",019,27/03/10/019,Ogun West,Ado-Odo/Ota
Ogun,27,Ado Odo-Ota,03,Ado Odo Ii,10,"Open Space At Afijagboye, Iyana Isalu",020,27/03/10/020,Ogun West,Ado-Odo/Ota
Ogun,27,Ado Odo-Ota,03,Ere,11,Orita Igbekan,001,27/03/11/001,Ogun West,Ado-Odo/Ota
Ogun,27,Ado Odo-Ota,03,Ere,11,Methodist School Agboku I,002,27/03/11/002,Ogun West,Ado-Odo/Ota
Ogun,27,Ado Odo-Ota,03,Ere,11,Methodist School Agboku Ii,003,27/03/11/003,Ogun West,Ado-Odo/Ota
Ogun,27,Ado Odo-Ota,03,Ere,11,Hundo Village,004,27/03/11/004,Ogun West,Ado-Odo/Ota
Ogun,27,Ado Odo-Ota,03,Ere,11,L.G. School Ayede,005,27/03/11/005,Ogun West,Ado-Odo/Ota
Ogun,27,Ado Odo-Ota,03,Ere,11,Alaparu Ijegemo,006,27/03/11/006,Ogun West,Ado-Odo/Ota
Ogun,27,Ado Odo-Ota,03,Ere,11,Toyon High School,007,27/03/11/007,Ogun West,Ado-Odo/Ota
Ogun,27,Ado Odo-Ota,03,Ere,11,Methodist School Ere I,008,27/03/11/008,Ogun West,Ado-Odo/Ota
Ogun,27,Ado Odo-Ota,03,Ere,11,Methodist School Ere Ii,009,27/03/11/009,Ogun West,Ado-Odo/Ota
Ogun,27,Ado Odo-Ota,03,Ere,11,Four Square Church Ileji,010,27/03/11/010,Ogun West,Ado-Odo/Ota
Ogun,27,Ado Odo-Ota,03,Ere,11,R.C.M. Ikoga - Ile,011,27/03/11/011,Ogun West,Ado-Odo/Ota
Ogun,27,Ado Odo-Ota,03,Ere,11,L.G. School  Akonsun,012,27/03/11/012,Ogun West,Ado-Odo/Ota
Ogun,27,Ado Odo-Ota,03,Ere,11,U.A.M.C. School Okanran,013,27/03/11/013,Ogun West,Ado-Odo/Ota
Ogun,27,Ado Odo-Ota,03,Ere,11,Okanran Tafi,014,27/03/11/014,Ogun West,Ado-Odo/Ota
Ogun,27,Ado Odo-Ota,03,Ere,11,"A/C School, Bandu",015,27/03/11/015,Ogun West,Ado-Odo/Ota
Ogun,27,Ado Odo-Ota,03,Ere,11,Rcm Sch. Eroko Eruku,016,27/03/11/016,Ogun West,Ado-Odo/Ota
Ogun,27,Ado Odo-Ota,03,Ere,11,L.G. School - Ijegemo,017,27/03/11/017,Ogun West,Ado-Odo/Ota
Ogun,27,Ado Odo-Ota,03,Ere,11,Asokere Village Square,018,27/03/11/018,Ogun West,Ado-Odo/Ota
Ogun,27,Ado Odo-Ota,03,Ere,11,Idolehin Isale,019,27/03/11/019,Ogun West,Ado-Odo/Ota
Ogun,27,Ado Odo-Ota,03,Ere,11,Pry. School Ijigbo,020,27/03/11/020,Ogun West,Ado-Odo/Ota
Ogun,27,Ado Odo-Ota,03,Ere,11,Ago Sango Idolehin,021,27/03/11/021,Ogun West,Ado-Odo/Ota
Ogun,27,Ado Odo-Ota,03,Ere,11,Onilogbo,022,27/03/11/022,Ogun West,Ado-Odo/Ota
Ogun,27,Ado Odo-Ota,03,Ere,11,Itire R.C.M School,023,27/03/11/023,Ogun West,Ado-Odo/Ota
Ogun,27,Ado Odo-Ota,03,Ere,11,Arigbo Village Square,024,27/03/11/024,Ogun West,Ado-Odo/Ota
Ogun,27,Ado Odo-Ota,03,Ere,11,"Open Space At Ago Babalawo Junction, Idolehin",025,27/03/11/025,Ogun West,Ado-Odo/Ota
Ogun,27,Ado Odo-Ota,03,Ere,11,"Open Space At Sekende Junction Sekende, Ere",026,27/03/11/026,Ogun West,Ado-Odo/Ota
Ogun,27,Ado Odo-Ota,03,Ere,11,"Open Space At Kosemu Junction, Kosemu Ere",027,27/03/11/027,Ogun West,Ado-Odo/Ota
Ogun,27,Ado Odo-Ota,03,Ere,11,Open Space At Agboku Junction Agboku Ere,028,27/03/11/028,Ogun West,Ado-Odo/Ota
Ogun,27,Ado Odo-Ota,03,Alapoti,12,Baptist Day School Olorun Leke,001,27/03/12/001,Ogun West,Ado-Odo/Ota
Ogun,27,Ado Odo-Ota,03,Alapoti,12,C.A.C. School Alapoti  I,002,27/03/12/002,Ogun West,Ado-Odo/Ota
Ogun,27,Ado Odo-Ota,03,Alapoti,12,C.A.C. School Alapoti  Ii,003,27/03/12/003,Ogun West,Ado-Odo/Ota
Ogun,27,Ado Odo-Ota,03,Alapoti,12,U.A.M.C. Dodo,004,27/03/12/004,Ogun West,Ado-Odo/Ota
Ogun,27,Ado Odo-Ota,03,Alapoti,12,Inawole - Idosaba,005,27/03/12/005,Ogun West,Ado-Odo/Ota
Ogun,27,Ado Odo-Ota,03,Alapoti,12,Ijigbe,006,27/03/12/006,Ogun West,Ado-Odo/Ota
Ogun,27,Ado Odo-Ota,03,Alapoti,12,Meth. Pry. Sch. Idobarun,007,27/03/12/007,Ogun West,Ado-Odo/Ota
Ogun,27,Ado Odo-Ota,03,Alapoti,12,R.C.M Sch. Isalu,008,27/03/12/008,Ogun West,Ado-Odo/Ota
Ogun,27,Ado Odo-Ota,03,Alapoti,12,Oko- Oba,009,27/03/12/009,Ogun West,Ado-Odo/Ota
Ogun,27,Ado Odo-Ota,03,Alapoti,12,E.A.C Oloparun I,010,27/03/12/010,Ogun West,Ado-Odo/Ota
Ogun,27,Ado Odo-Ota,03,Alapoti,12,E.A.C Oloparun Ii,011,27/03/12/011,Ogun West,Ado-Odo/Ota
Ogun,27,Ado Odo-Ota,03,Alapoti,12,Ijomo,012,27/03/12/012,Ogun West,Ado-Odo/Ota
Ogun,27,Ado Odo-Ota,03,Alapoti,12,U.A.M.C Elemoki,013,27/03/12/013,Ogun West,Ado-Odo/Ota
Ogun,27,Ado Odo-Ota,03,Alapoti,12,Ibeku -  Papasa,014,27/03/12/014,Ogun West,Ado-Odo/Ota
Ogun,27,Ado Odo-Ota,03,Alapoti,12,Idiota,015,27/03/12/015,Ogun West,Ado-Odo/Ota
Ogun,27,Ado Odo-Ota,03,Alapoti,12,Baptist Sch. Iloro,016,27/03/12/016,Ogun West,Ado-Odo/Ota
Ogun,27,Ado Odo-Ota,03,Alapoti,12,Baptist Day School 2 Olorunleke Alapoti,017,27/03/12/017,Ogun West,Ado-Odo/Ota
Ogun,27,Ado Odo-Ota,03,Alapoti,12,"Open Space At Sunlight Cda Junction, Olorunleke Alapoti",018,27/03/12/018,Ogun West,Ado-Odo/Ota
Ogun,27,Ado Odo-Ota,03,Alapoti,12,"Open Space At Olorunsogo Bus-Stop Idiota, Alapoti",019,27/03/12/019,Ogun West,Ado-Odo/Ota
Ogun,27,Ado Odo-Ota,03,Alapoti,12,"Open Space At Idofe Community Along Alapoti Ado-Odo Road, Alapoti",020,27/03/12/020,Ogun West,Ado-Odo/Ota
Ogun,27,Ado Odo-Ota,03,Alapoti,12,"Community Hall Abekoko Idi Ota, Alapoti",021,27/03/12/021,Ogun West,Ado-Odo/Ota
Ogun,27,Ado Odo-Ota,03,Alapoti,12,"Beside Transformer, Alaagba Alapoti",022,27/03/12/022,Ogun West,Ado-Odo/Ota
Ogun,27,Ado Odo-Ota,03,Alapoti,12,Yemaa Community Grammar School Aromokala,023,27/03/12/023,Ogun West,Ado-Odo/Ota
Ogun,27,Ado Odo-Ota,03,Alapoti,12,Community High School Alapoti,024,27/03/12/024,Ogun West,Ado-Odo/Ota
Ogun,27,Ado Odo-Ota,03,Alapoti,12,"Beside Transformer Ait Road, New Satellite Olorunleke",025,27/03/12/025,Ogun West,Ado-Odo/Ota
Ogun,27,Ado Odo-Ota,03,Ketu-Adie-Owe,13,L.G. School Idanyin,001,27/03/13/001,Ogun West,Ado-Odo/Ota
Ogun,27,Ado Odo-Ota,03,Ketu-Adie-Owe,13,L.G. School Ketu,002,27/03/13/002,Ogun West,Ado-Odo/Ota
Ogun,27,Ado Odo-Ota,03,Ketu-Adie-Owe,13,Alago Village Square,003,27/03/13/003,Ogun West,Ado-Odo/Ota
Ogun,27,Ado Odo-Ota,03,Ketu-Adie-Owe,13,Ajerogun Village Square,004,27/03/13/004,Ogun West,Ado-Odo/Ota
Ogun,27,Ado Odo-Ota,03,Ketu-Adie-Owe,13,Salvation Army Sch. Idoye,005,27/03/13/005,Ogun West,Ado-Odo/Ota
Ogun,27,Ado Odo-Ota,03,Ketu-Adie-Owe,13,Atoko Village Square,006,27/03/13/006,Ogun West,Ado-Odo/Ota
Ogun,27,Ado Odo-Ota,03,Ketu-Adie-Owe,13,Methodist School Odugbe,007,27/03/13/007,Ogun West,Ado-Odo/Ota
Ogun,27,Ado Odo-Ota,03,Ketu-Adie-Owe,13,L.G. School Egundobale,008,27/03/13/008,Ogun West,Ado-Odo/Ota
Ogun,27,Ado Odo-Ota,03,Ketu-Adie-Owe,13,Irebale/Kuoye/Isaga,009,27/03/13/009,Ogun West,Ado-Odo/Ota
Ogun,27,Ado Odo-Ota,03,Ketu-Adie-Owe,13,Eguntedo,010,27/03/13/010,Ogun West,Ado-Odo/Ota
Ogun,27,Ado Odo-Ota,03,Ketu-Adie-Owe,13,Akinwunmi Village Square,011,27/03/13/011,Ogun West,Ado-Odo/Ota
Ogun,27,Ado Odo-Ota,03,Ketu-Adie-Owe,13,A/C School Akoore,012,27/03/13/012,Ogun West,Ado-Odo/Ota
Ogun,27,Ado Odo-Ota,03,Ketu-Adie-Owe,13,Salvation Army School Edu,013,27/03/13/013,Ogun West,Ado-Odo/Ota
Ogun,27,Ado Odo-Ota,03,Ketu-Adie-Owe,13,Lusada Market Square,014,27/03/13/014,Ogun West,Ado-Odo/Ota
Ogun,27,Ado Odo-Ota,03,Ketu-Adie-Owe,13,Isaga,015,27/03/13/015,Ogun West,Ado-Odo/Ota
Ogun,27,Ado Odo-Ota,03,Ketu-Adie-Owe,13,"Open Space At Egudu Road, Esupofo, Idanyin",016,27/03/13/016,Ogun West,Ado-Odo/Ota
Ogun,27,Ado Odo-Ota,03,Ketu-Adie-Owe,13,"Beside Transformer At Gbegotho Aladura, Idanyin",017,27/03/13/017,Ogun West,Ado-Odo/Ota
Ogun,27,Ado Odo-Ota,03,Ketu-Adie-Owe,13,"Open Space At Hunton Road,Aladagon, Idanyin",018,27/03/13/018,Ogun West,Ado-Odo/Ota
Ogun,27,Ado Odo-Ota,03,Ketu-Adie-Owe,13,Beside Transformer At Gbasukanji Idanyin,019,27/03/13/019,Ogun West,Ado-Odo/Ota
Ogun,27,Ado Odo-Ota,03,Ketu-Adie-Owe,13,Open Space At Orilowo  Gasline Idanyin,020,27/03/13/020,Ogun West,Ado-Odo/Ota
Ogun,27,Ado Odo-Ota,03,Ketu-Adie-Owe,13,Infont Of Network Mast At Akinwunmi Road Ketu,021,27/03/13/021,Ogun West,Ado-Odo/Ota
Ogun,27,Ado Odo-Ota,03,Ketu-Adie-Owe,13,Open Space By Village Square  Idanyin Itakete,022,27/03/13/022,Ogun West,Ado-Odo/Ota
Ogun,27,Ado Odo-Ota,03,Ketu-Adie-Owe,13,Open Space By Village Square  Idanyin Isaga,023,27/03/13/023,Ogun West,Ado-Odo/Ota
Ogun,27,Ado Odo-Ota,03,Ketu-Adie-Owe,13,"Adie Owe Community High School Paramole, Ketu",024,27/03/13/024,Ogun West,Ado-Odo/Ota
Ogun,27,Ado Odo-Ota,03,Ketu-Adie-Owe,13,Openspace By Townhall Kumapayi,025,27/03/13/025,Ogun West,Ado-Odo/Ota
Ogun,27,Ado Odo-Ota,03,Ketu-Adie-Owe,13,Community Town Hall Ago Atan,026,27/03/13/026,Ogun West,Ado-Odo/Ota
Ogun,27,Ado Odo-Ota,03,Ketu-Adie-Owe,13,Open Space Near Transformer Agbogun,027,27/03/13/027,Ogun West,Ado-Odo/Ota
Ogun,27,Ado Odo-Ota,03,Ketu-Adie-Owe,13,"Edu/Agbara Community Senior High School,Edu",028,27/03/13/028,Ogun West,Ado-Odo/Ota
Ogun,27,Ado Odo-Ota,03,Ketu-Adie-Owe,13,Openspace By Ijuri/Mutun On Agbara Road Opposite Adeolu Petrol,029,27/03/13/029,Ogun West,Ado-Odo/Ota
Ogun,27,Ado Odo-Ota,03,Ketu-Adie-Owe,13,Openspace Just After Lusada/Igbesa Toll Gate Iyana Osun,030,27/03/13/030,Ogun West,Ado-Odo/Ota
Ogun,27,Ado Odo-Ota,03,Igbesa,14,Baptist Day School,001,27/03/14/001,Ogun West,Ado-Odo/Ota
Ogun,27,Ado Odo-Ota,03,Igbesa,14,"L.G. School, Igbesa  I",002,27/03/14/002,Ogun West,Ado-Odo/Ota
Ogun,27,Ado Odo-Ota,03,Igbesa,14,"L.G. School, Igbesa  Ii",003,27/03/14/003,Ogun West,Ado-Odo/Ota
Ogun,27,Ado Odo-Ota,03,Igbesa,14,Motor Park,004,27/03/14/004,Ogun West,Ado-Odo/Ota
Ogun,27,Ado Odo-Ota,03,Igbesa,14,Esa Ogona I,005,27/03/14/005,Ogun West,Ado-Odo/Ota
Ogun,27,Ado Odo-Ota,03,Igbesa,14,All Saints Ang. School I,006,27/03/14/006,Ogun West,Ado-Odo/Ota
Ogun,27,Ado Odo-Ota,03,Igbesa,14,Igbesa High School,007,27/03/14/007,Ogun West,Ado-Odo/Ota
Ogun,27,Ado Odo-Ota,03,Igbesa,14,Sal. Army School,008,27/03/14/008,Ogun West,Ado-Odo/Ota
Ogun,27,Ado Odo-Ota,03,Igbesa,14,L.G Elero,009,27/03/14/009,Ogun West,Ado-Odo/Ota
Ogun,27,Ado Odo-Ota,03,Igbesa,14,Near Oba'S Palace I,010,27/03/14/010,Ogun West,Ado-Odo/Ota
Ogun,27,Ado Odo-Ota,03,Igbesa,14,Near Oba'S Palace Ii,011,27/03/14/011,Ogun West,Ado-Odo/Ota
Ogun,27,Ado Odo-Ota,03,Igbesa,14,Esa Ogona Ii,012,27/03/14/012,Ogun West,Ado-Odo/Ota
Ogun,27,Ado Odo-Ota,03,Igbesa,14,"China Nigeria Friendship Model School, Igbesa",013,27/03/14/013,Ogun West,Ado-Odo/Ota
Ogun,27,Ado Odo-Ota,03,Igbesa,14,"Open Space At Bolagbe Street, Osi Igbesa",014,27/03/14/014,Ogun West,Ado-Odo/Ota
Ogun,27,Ado Odo-Ota,03,Igbesa,14,"Open Space Ikese Road, Igbesa",015,27/03/14/015,Ogun West,Ado-Odo/Ota
Ogun,27,Ado Odo-Ota,03,Igbesa,14,"Open Space At Adeoye Street, Ilali , Igbesa",016,27/03/14/016,Ogun West,Ado-Odo/Ota
Ogun,27,Ado Odo-Ota,03,Igbesa,14,"Opposite Ogun Guangdong Free Trade Zone Gate, Ilali",017,27/03/14/017,Ogun West,Ado-Odo/Ota
Ogun,27,Ado Odo-Ota,03,Igbesa,14,"Open Space At Oju Road By Sunmibare Street, Igbesa",018,27/03/14/018,Ogun West,Ado-Odo/Ota
Ogun,27,Ado Odo-Ota,03,Igbesa,14,"Open Space At Ijagba Ilamiro, Igbesa",019,27/03/14/019,Ogun West,Ado-Odo/Ota
Ogun,27,Ado Odo-Ota,03,Igbesa,14,"Open Space Beside Public Water, Panada, Junction, Igbesa",020,27/03/14/020,Ogun West,Ado-Odo/Ota
Ogun,27,Ado Odo-Ota,03,Igbesa,14,Open Space Opp. Ogun Guangdong Free Trade Zone Ii Igbesa,021,27/03/14/021,Ogun West,Ado-Odo/Ota
Ogun,27,Ado Odo-Ota,03,Igbesa,14,Open Space At Iyana Oshun Besides Ronaut Filling Station Lusada Igbesa,022,27/03/14/022,Ogun West,Ado-Odo/Ota
Ogun,27,Ado Odo-Ota,03,Igbesa,14,Maale Comprehensive High School. Igbesa,023,27/03/14/023,Ogun West,Ado-Odo/Ota
Ogun,27,Ado Odo-Ota,03,Agbara I,15,Salvation Army School I,001,27/03/15/001,Ogun West,Ado-Odo/Ota
Ogun,27,Ado Odo-Ota,03,Agbara I,15,Opic Area,002,27/03/15/002,Ogun West,Ado-Odo/Ota
Ogun,27,Ado Odo-Ota,03,Agbara I,15,Agbara Estate  I,003,27/03/15/003,Ogun West,Ado-Odo/Ota
Ogun,27,Ado Odo-Ota,03,Agbara I,15,Agbara Estate  Ii,004,27/03/15/004,Ogun West,Ado-Odo/Ota
Ogun,27,Ado Odo-Ota,03,Agbara I,15,L.G. School Igere,005,27/03/15/005,Ogun West,Ado-Odo/Ota
Ogun,27,Ado Odo-Ota,03,Agbara I,15,Odan,006,27/03/15/006,Ogun West,Ado-Odo/Ota
Ogun,27,Ado Odo-Ota,03,Agbara I,15,Ipetedo/Iperin,007,27/03/15/007,Ogun West,Ado-Odo/Ota
Ogun,27,Ado Odo-Ota,03,Agbara I,15,Diya Gate,008,27/03/15/008,Ogun West,Ado-Odo/Ota
Ogun,27,Ado Odo-Ota,03,Agbara I,15,Jida Area,009,27/03/15/009,Ogun West,Ado-Odo/Ota
Ogun,27,Ado Odo-Ota,03,Agbara I,15,Korogbeji,010,27/03/15/010,Ogun West,Ado-Odo/Ota
Ogun,27,Ado Odo-Ota,03,Agbara I,15,Isale Jida,011,27/03/15/011,Ogun West,Ado-Odo/Ota
Ogun,27,Ado Odo-Ota,03,Agbara I,15,Isale Agbara,012,27/03/15/012,Ogun West,Ado-Odo/Ota
Ogun,27,Ado Odo-Ota,03,Agbara I,15,Salvation Army School Ii,013,27/03/15/013,Ogun West,Ado-Odo/Ota
Ogun,27,Ado Odo-Ota,03,Agbara I,15,Medina Estate,014,27/03/15/014,Ogun West,Ado-Odo/Ota
Ogun,27,Ado Odo-Ota,03,Agbara I,15,Ring Road Jamaica Opp Deeper Life Isale Odan,015,27/03/15/015,Ogun West,Ado-Odo/Ota
Ogun,27,Ado Odo-Ota,03,Agbara I,15,Ikore Ilashe Beside Transformer,016,27/03/15/016,Ogun West,Ado-Odo/Ota
Ogun,27,Ado Odo-Ota,03,Agbara I,15,Corpers Lodge Ago Eyo,017,27/03/15/017,Ogun West,Ado-Odo/Ota
Ogun,27,Ado Odo-Ota,03,Agbara I,15,Open Space At 13 First Avenue Ilupeju,018,27/03/15/018,Ogun West,Ado-Odo/Ota
Ogun,27,Ado Odo-Ota,03,Agbara I,15,Open Space At White Square Junction Petedo,019,27/03/15/019,Ogun West,Ado-Odo/Ota
Ogun,27,Ado Odo-Ota,03,Agbara I,15,Lga School Igere/ Ihunsa Agbara,020,27/03/15/020,Ogun West,Ado-Odo/Ota
Ogun,27,Ado Odo-Ota,03,Agbara I,15,Open Space At Trailer Park Opp Filling Station Medina,021,27/03/15/021,Ogun West,Ado-Odo/Ota
Ogun,27,Ado Odo-Ota,03,Agbara I,15,Open Space At First Avenue Medina Estate,022,27/03/15/022,Ogun West,Ado-Odo/Ota
Ogun,27,Ado Odo-Ota,03,Agbara I,15,Open Space Beside Amosco Block Opp Mavich School,023,27/03/15/023,Ogun West,Ado-Odo/Ota
Ogun,27,Ado Odo-Ota,03,Agbara I,15,Open Space At Usani Avenue Junction,024,27/03/15/024,Ogun West,Ado-Odo/Ota
Ogun,27,Ado Odo-Ota,03,Agbara I,15,Open Space Opp Agbara Prayer Ground,025,27/03/15/025,Ogun West,Ado-Odo/Ota
Ogun,27,Ado Odo-Ota,03,Agbara I,15,Marriage Registry Alamogun Hall Agbara,026,27/03/15/026,Ogun West,Ado-Odo/Ota
Ogun,27,Ado Odo-Ota,03,Agbara/Ejila Awori,16,L.G. School Ipatira  I,001,27/03/16/001,Ogun West,Ado-Odo/Ota
Ogun,27,Ado Odo-Ota,03,Agbara/Ejila Awori,16,L.G. School Ipatira  Ii,002,27/03/16/002,Ogun West,Ado-Odo/Ota
Ogun,27,Ado Odo-Ota,03,Agbara/Ejila Awori,16,St. Jude'S Ang. School Itekun,003,27/03/16/003,Ogun West,Ado-Odo/Ota
Ogun,27,Ado Odo-Ota,03,Agbara/Ejila Awori,16,Imole Village Square,004,27/03/16/004,Ogun West,Ado-Odo/Ota
Ogun,27,Ado Odo-Ota,03,Agbara/Ejila Awori,16,A.U.D. School. Ewutagbe,005,27/03/16/005,Ogun West,Ado-Odo/Ota
Ogun,27,Ado Odo-Ota,03,Agbara/Ejila Awori,16,A/C School Odan Abuja  I,006,27/03/16/006,Ogun West,Ado-Odo/Ota
Ogun,27,Ado Odo-Ota,03,Agbara/Ejila Awori,16,A/C School Odan Abuja  Ii,007,27/03/16/007,Ogun West,Ado-Odo/Ota
Ogun,27,Ado Odo-Ota,03,Agbara/Ejila Awori,16,A U D Ikogbo I (Imole Village Square),008,27/03/16/008,Ogun West,Ado-Odo/Ota
Ogun,27,Ado Odo-Ota,03,Agbara/Ejila Awori,16,Agelete Village,009,27/03/16/009,Ogun West,Ado-Odo/Ota
Ogun,27,Ado Odo-Ota,03,Agbara/Ejila Awori,16,Agbo-Odo Village,010,27/03/16/010,Ogun West,Ado-Odo/Ota
Ogun,27,Ado Odo-Ota,03,Agbara/Ejila Awori,16,A.U.D. School I Ikogbo Ii,011,27/03/16/011,Ogun West,Ado-Odo/Ota
Ogun,27,Ado Odo-Ota,03,Agbara/Ejila Awori,16,Imuta Village Square,012,27/03/16/012,Ogun West,Ado-Odo/Ota
Ogun,27,Ado Odo-Ota,03,Agbara/Ejila Awori,16,High School Odan Abuja Sule Ejila Awori,013,27/03/16/013,Ogun West,Ado-Odo/Ota
Ogun,27,Ado Odo-Ota,03,Agbara/Ejila Awori,16,"St Jude'S Pry School, Itekun",014,27/03/16/014,Ogun West,Ado-Odo/Ota
Ogun,27,Ado Odo-Ota,03,Agbara/Ejila Awori,16,Oriokuta Village Square,015,27/03/16/015,Ogun West,Ado-Odo/Ota
Ogun,27,Ado Odo-Ota,03,Agbara/Ejila Awori,16,Community High School Itekun,016,27/03/16/016,Ogun West,Ado-Odo/Ota
Ogun,27,Ado Odo-Ota,03,Agbara/Ejila Awori,16,"St Jude'S Pry School, Itekun",017,27/03/16/017,Ogun West,Ado-Odo/Ota
Ogun,27,Ado Odo-Ota,03,Agbara/Ejila Awori,16,"Along Itekun Road, Beside Poultry Junction",018,27/03/16/018,Ogun West,Ado-Odo/Ota
Ogun,27,Ado Odo-Ota,03,Agbara/Ejila Awori,16,"Open Space Beside Palace, Iloyi Village Akinlaja",019,27/03/16/019,Ogun West,Ado-Odo/Ota
Ogun,27,Ado Odo-Ota,03,Agbara/Ejila Awori,16,"Beside Ifelodun Plank Market, Ejila Awori",020,27/03/16/020,Ogun West,Ado-Odo/Ota
Ogun,27,Ado Odo-Ota,03,Agbara/Ejila Awori,16,"Open Space Ilobe/ Imota Town Hall, Ejila Awori",021,27/03/16/021,Ogun West,Ado-Odo/Ota
Ogun,27,Ado Odo-Ota,03,Agbara/Ejila Awori,16,"In Front Of Transformer, At Caterpillar 4 Junction",022,27/03/16/022,Ogun West,Ado-Odo/Ota
Ogun,27,Ado Odo-Ota,03,Agbara/Ejila Awori,16,Open Space At Igbo/Ota New Site,023,27/03/16/023,Ogun West,Ado-Odo/Ota
Ogun,27,Ado Odo-Ota,03,Agbara/Ejila Awori,16,"L.G. Pry School Ii, Totowu",024,27/03/16/024,Ogun West,Ado-Odo/Ota
Ogun,27,Ado Odo-Ota,03,Agbara/Ejila Awori,16,"Open Space Beside Praying Ground, Igberin Igbodo, Ejila Awori",025,27/03/16/025,Ogun West,Ado-Odo/Ota
Ogun,27,Egbado North,04,Ido Foi,01,Ita Agberido,001,27/04/01/001,Ogun West,Egbado North/Imeko-Afon
Ogun,27,Egbado North,04,Ido Foi,01,Ita Koro/Sasa,002,27/04/01/002,Ogun West,Egbado North/Imeko-Afon
Ogun,27,Egbado North,04,Ido Foi,01,Aye Toro Motor Park,003,27/04/01/003,Ogun West,Egbado North/Imeko-Afon
Ogun,27,Egbado North,04,Ido Foi,01,Ita Baale Olowonyo,004,27/04/01/004,Ogun West,Egbado North/Imeko-Afon
Ogun,27,Egbado North,04,Ido Foi,01,Rock Of Ages I,005,27/04/01/005,Ogun West,Egbado North/Imeko-Afon
Ogun,27,Egbado North,04,Ido Foi,01,Rock Of Ages Ii,006,27/04/01/006,Ogun West,Egbado North/Imeko-Afon
Ogun,27,Egbado North,04,Ido Foi,01,"Near Post Office, Water Works",007,27/04/01/007,Ogun West,Egbado North/Imeko-Afon
Ogun,27,Egbado North,04,Ido Foi,01,"Near Post Office ,Itakumolu",008,27/04/01/008,Ogun West,Egbado North/Imeko-Afon
Ogun,27,Egbado North,04,Ido Foi,01,Baptist School Agboro,009,27/04/01/009,Ogun West,Egbado North/Imeko-Afon
Ogun,27,Egbado North,04,Ido Foi,01,Akanni Oke Village,010,27/04/01/010,Ogun West,Egbado North/Imeko-Afon
Ogun,27,Egbado North,04,Ido Foi,01,Y.N.L.G. School Bamajo,011,27/04/01/011,Ogun West,Egbado North/Imeko-Afon
Ogun,27,Egbado North,04,Ido Foi,01,Methodist School Igbori,012,27/04/01/012,Ogun West,Egbado North/Imeko-Afon
Ogun,27,Egbado North,04,Ido Foi,01,Abule Iya Kekere,013,27/04/01/013,Ogun West,Egbado North/Imeko-Afon
Ogun,27,Egbado North,04,Ido Foi,01,Abule Yewa Disu,014,27/04/01/014,Ogun West,Egbado North/Imeko-Afon
Ogun,27,Egbado North,04,Ido Foi,01,Y.N.L.G. School Yewa Ketu,015,27/04/01/015,Ogun West,Egbado North/Imeko-Afon
Ogun,27,Egbado North,04,Ido Foi,01,Comm. Pry. School Sekere,016,27/04/01/016,Ogun West,Egbado North/Imeko-Afon
Ogun,27,Egbado North,04,Ido Foi,01,A.U.D. School Opete,017,27/04/01/017,Ogun West,Egbado North/Imeko-Afon
Ogun,27,Egbado North,04,Ido Foi,01,Front Of Licensing Office,018,27/04/01/018,Ogun West,Egbado North/Imeko-Afon
Ogun,27,Egbado North,04,Ido Foi,01,Obiri Village,019,27/04/01/019,Ogun West,Egbado North/Imeko-Afon
Ogun,27,Egbado North,04,Ido Foi,01,Comm. Pry. School Atokun,020,27/04/01/020,Ogun West,Egbado North/Imeko-Afon
Ogun,27,Egbado North,04,Ido Foi,01,Ita Afoyinsebe,021,27/04/01/021,Ogun West,Egbado North/Imeko-Afon
Ogun,27,Egbado North,04,Ido Foi,01,Awela Olatunji,022,27/04/01/022,Ogun West,Egbado North/Imeko-Afon
Ogun,27,Egbado North,04,Ido Foi,01,Ita Bale Morowosola,023,27/04/01/023,Ogun West,Egbado North/Imeko-Afon
Ogun,27,Egbado North,04,Ido Foi,01,Arm Children Sch,024,27/04/01/024,Ogun West,Egbado North/Imeko-Afon
Ogun,27,Egbado North,04,Ido Foi,01,Ita Dandy Idagba,025,27/04/01/025,Ogun West,Egbado North/Imeko-Afon
Ogun,27,Egbado North,04,Ido Foi,01,Ido Foi Town Hall,026,27/04/01/026,Ogun West,Egbado North/Imeko-Afon
Ogun,27,Egbado North,04,Ido Foi,01,Ita Durosimi,027,27/04/01/027,Ogun West,Egbado North/Imeko-Afon
Ogun,27,Egbado North,04,Ido Foi,01,"Open Space  Yakoyo, Idofoi",028,27/04/01/028,Ogun West,Egbado North/Imeko-Afon
Ogun,27,Egbado North,04,Ido Foi,01,"Maternity Centre, Atokun",029,27/04/01/029,Ogun West,Egbado North/Imeko-Afon
Ogun,27,Egbado North,04,Ido Foi,01,"Welder Association Secretariat, Ajegunle, Idagba",030,27/04/01/030,Ogun West,Egbado North/Imeko-Afon
Ogun,27,Egbado North,04,Aye Toro I,02,A/C School Aye Toro,001,27/04/02/001,Ogun West,Egbado North/Imeko-Afon
Ogun,27,Egbado North,04,Aye Toro I,02,"Near The Palace, Ayetoro",002,27/04/02/002,Ogun West,Egbado North/Imeko-Afon
Ogun,27,Egbado North,04,Aye Toro I,02,Near Jolan Block Industry,003,27/04/02/003,Ogun West,Egbado North/Imeko-Afon
Ogun,27,Egbado North,04,Aye Toro I,02,Near Jolan Block Industry,004,27/04/02/004,Ogun West,Egbado North/Imeko-Afon
Ogun,27,Egbado North,04,Aye Toro I,02,Compro Gate  I,005,27/04/02/005,Ogun West,Egbado North/Imeko-Afon
Ogun,27,Egbado North,04,Aye Toro I,02,Front Of Obalaju Hall,006,27/04/02/006,Ogun West,Egbado North/Imeko-Afon
Ogun,27,Egbado North,04,Aye Toro I,02,Front Of Obalaju Hall,007,27/04/02/007,Ogun West,Egbado North/Imeko-Afon
Ogun,27,Egbado North,04,Aye Toro I,02,Ita Olaleye,008,27/04/02/008,Ogun West,Egbado North/Imeko-Afon
Ogun,27,Egbado North,04,Aye Toro I,02,Ita Olaleye,009,27/04/02/009,Ogun West,Egbado North/Imeko-Afon
Ogun,27,Egbado North,04,Aye Toro I,02,Ita Opebiyi,010,27/04/02/010,Ogun West,Egbado North/Imeko-Afon
Ogun,27,Egbado North,04,Aye Toro I,02,Near Boomo Mosque  I,011,27/04/02/011,Ogun West,Egbado North/Imeko-Afon
Ogun,27,Egbado North,04,Aye Toro I,02,Ita Adaraloye,012,27/04/02/012,Ogun West,Egbado North/Imeko-Afon
Ogun,27,Egbado North,04,Aye Toro I,02,Ita Olowu,013,27/04/02/013,Ogun West,Egbado North/Imeko-Afon
Ogun,27,Egbado North,04,Aye Toro I,02,Mechanic Junction,014,27/04/02/014,Ogun West,Egbado North/Imeko-Afon
Ogun,27,Egbado North,04,Aye Toro I,02,"Ita Dada Joga, Aye Toro",015,27/04/02/015,Ogun West,Egbado North/Imeko-Afon
Ogun,27,Egbado North,04,Aye Toro I,02,Boomo Mosque Ii,016,27/04/02/016,Ogun West,Egbado North/Imeko-Afon
Ogun,27,Egbado North,04,Aye Toro I,02,"Ita Baale, Eemado",017,27/04/02/017,Ogun West,Egbado North/Imeko-Afon
Ogun,27,Egbado North,04,Aye Toro I,02,Ita J. K.,018,27/04/02/018,Ogun West,Egbado North/Imeko-Afon
Ogun,27,Egbado North,04,Aye Toro I,02,Compro. Gate Ii,019,27/04/02/019,Ogun West,Egbado North/Imeko-Afon
Ogun,27,Egbado North,04,Aye Toro I,02,"Near Baptist Church,Ilupeju, Ayetoro",020,27/04/02/020,Ogun West,Egbado North/Imeko-Afon
Ogun,27,Egbado North,04,Aye Toro I,02,"Community Pry School,Igbole-Aibo, Ayetoro",021,27/04/02/021,Ogun West,Egbado North/Imeko-Afon
Ogun,27,Egbado North,04,Aye Toro I,02,"Ajoda High School, Joga, Ayetoro",022,27/04/02/022,Ogun West,Egbado North/Imeko-Afon
Ogun,27,Egbado North,04,Aye Toro I,02,"Housing  Estate Gate, Ayetoro",023,27/04/02/023,Ogun West,Egbado North/Imeko-Afon
Ogun,27,Egbado North,04,Aye Toro Ii,03,Ita Egunjobi,001,27/04/03/001,Ogun West,Egbado North/Imeko-Afon
Ogun,27,Egbado North,04,Aye Toro Ii,03,"Customary Court, Aibo",002,27/04/03/002,Ogun West,Egbado North/Imeko-Afon
Ogun,27,Egbado North,04,Aye Toro Ii,03,Oja Baale Saala,003,27/04/03/003,Ogun West,Egbado North/Imeko-Afon
Ogun,27,Egbado North,04,Aye Toro Ii,03,Ita Mosalasi Saala,004,27/04/03/004,Ogun West,Egbado North/Imeko-Afon
Ogun,27,Egbado North,04,Aye Toro Ii,03,"Y.N.L.G. School, Saala",005,27/04/03/005,Ogun West,Egbado North/Imeko-Afon
Ogun,27,Egbado North,04,Aye Toro Ii,03,"A.U.D. School I, Ayetoro",006,27/04/03/006,Ogun West,Egbado North/Imeko-Afon
Ogun,27,Egbado North,04,Aye Toro Ii,03,C.A.C. School Ago-Imala  I,007,27/04/03/007,Ogun West,Egbado North/Imeko-Afon
Ogun,27,Egbado North,04,Aye Toro Ii,03,Ita Gbanka,008,27/04/03/008,Ogun West,Egbado North/Imeko-Afon
Ogun,27,Egbado North,04,Aye Toro Ii,03,U.P.S. Ayetoro  I,009,27/04/03/009,Ogun West,Egbado North/Imeko-Afon
Ogun,27,Egbado North,04,Aye Toro Ii,03,Ita Baba Mogba,010,27/04/03/010,Ogun West,Egbado North/Imeko-Afon
Ogun,27,Egbado North,04,Aye Toro Ii,03,Old Ilaro Motor Park,011,27/04/03/011,Ogun West,Egbado North/Imeko-Afon
Ogun,27,Egbado North,04,Aye Toro Ii,03,Old Local Govt. Secretariat,012,27/04/03/012,Ogun West,Egbado North/Imeko-Afon
Ogun,27,Egbado North,04,Aye Toro Ii,03,C.A.Ac. School - Ago-Imala  Ii,013,27/04/03/013,Ogun West,Egbado North/Imeko-Afon
Ogun,27,Egbado North,04,Aye Toro Ii,03,U.P.S. School Ii - Ayetoro,014,27/04/03/014,Ogun West,Egbado North/Imeko-Afon
Ogun,27,Egbado North,04,Aye Toro Ii,03,Near Ita Egunjobi  Ii,015,27/04/03/015,Ogun West,Egbado North/Imeko-Afon
Ogun,27,Egbado North,04,Aye Toro Ii,03,"Aibo Town Hall, Aibo",016,27/04/03/016,Ogun West,Egbado North/Imeko-Afon
Ogun,27,Egbado North,04,Aye Toro Ii,03,Open  Space At General Hospital,017,27/04/03/017,Ogun West,Egbado North/Imeko-Afon
Ogun,27,Egbado North,04,Aye Toro Ii,03,"Alaye High School, Ayetoro",018,27/04/03/018,Ogun West,Egbado North/Imeko-Afon
Ogun,27,Egbado North,04,Aye Toro Ii,03,"A.U.D Pry School Ii, Oke Roori",019,27/04/03/019,Ogun West,Egbado North/Imeko-Afon
Ogun,27,Egbado North,04,Aye Toro Ii,03,"Open Space At Ynlg Maternity Centre, Aibo",020,27/04/03/020,Ogun West,Egbado North/Imeko-Afon
Ogun,27,Egbado North,04,Sunwa,04,"Oke Oyinbo, Saala Orile School",001,27/04/04/001,Ogun West,Egbado North/Imeko-Afon
Ogun,27,Egbado North,04,Sunwa,04,R.C.M./Ijaka Oke,002,27/04/04/002,Ogun West,Egbado North/Imeko-Afon
Ogun,27,Egbado North,04,Sunwa,04,"Ita Oja, Saala Orile",003,27/04/04/003,Ogun West,Egbado North/Imeko-Afon
Ogun,27,Egbado North,04,Sunwa,04,C.A.C. School Sunwa,004,27/04/04/004,Ogun West,Egbado North/Imeko-Afon
Ogun,27,Egbado North,04,Sunwa,04,"Y.N.L.G. School, Erinpa",005,27/04/04/005,Ogun West,Egbado North/Imeko-Afon
Ogun,27,Egbado North,04,Sunwa,04,"Methodist School, Igan Okoto",006,27/04/04/006,Ogun West,Egbado North/Imeko-Afon
Ogun,27,Egbado North,04,Sunwa,04,"Ita Oja, Igan-Okoto",007,27/04/04/007,Ogun West,Egbado North/Imeko-Afon
Ogun,27,Egbado North,04,Sunwa,04,Comm. Hall Sawonjo,008,27/04/04/008,Ogun West,Egbado North/Imeko-Afon
Ogun,27,Egbado North,04,Sunwa,04,Ita Areke  I,009,27/04/04/009,Ogun West,Egbado North/Imeko-Afon
Ogun,27,Egbado North,04,Sunwa,04,Ita Areke  Ii,010,27/04/04/010,Ogun West,Egbado North/Imeko-Afon
Ogun,27,Egbado North,04,Sunwa,04,U.N.A. School Abule Taiwo,011,27/04/04/011,Ogun West,Egbado North/Imeko-Afon
Ogun,27,Egbado North,04,Sunwa,04,"Bapt. Day School, Ijaka-Isale",012,27/04/04/012,Ogun West,Egbado North/Imeko-Afon
Ogun,27,Egbado North,04,Sunwa,04,Y.N.L.G. School Agbawo,013,27/04/04/013,Ogun West,Egbado North/Imeko-Afon
Ogun,27,Egbado North,04,Sunwa,04,Farm Settlement Sawonjo,014,27/04/04/014,Ogun West,Egbado North/Imeko-Afon
Ogun,27,Egbado North,04,Sunwa,04,"Motor Park, Igan - Okoto",015,27/04/04/015,Ogun West,Egbado North/Imeko-Afon
Ogun,27,Egbado North,04,Sunwa,04,"Ita Amosa, Igan - Okoto",016,27/04/04/016,Ogun West,Egbado North/Imeko-Afon
Ogun,27,Egbado North,04,Sunwa,04,Baptist Day School Ijaka-Isale  Ii,017,27/04/04/017,Ogun West,Egbado North/Imeko-Afon
Ogun,27,Egbado North,04,Sunwa,04,Agbaigba  Community High School,018,27/04/04/018,Ogun West,Egbado North/Imeko-Afon
Ogun,27,Egbado North,04,Sunwa,04,"Community Pry School,Olorogbo",019,27/04/04/019,Ogun West,Egbado North/Imeko-Afon
Ogun,27,Egbado North,04,Sunwa,04,"Near Ita Baale, Araromi Ajana",020,27/04/04/020,Ogun West,Egbado North/Imeko-Afon
Ogun,27,Egbado North,04,Sunwa,04,"Methodist Pry School, Sawonjo",021,27/04/04/021,Ogun West,Egbado North/Imeko-Afon
Ogun,27,Egbado North,04,Iboro/Joga,05,Near Dispensary Igbooro  I,001,27/04/05/001,Ogun West,Egbado North/Imeko-Afon
Ogun,27,Egbado North,04,Iboro/Joga,05,Near Dispensary Igbooro  Ii,002,27/04/05/002,Ogun West,Egbado North/Imeko-Afon
Ogun,27,Egbado North,04,Iboro/Joga,05,"Near Anglican Church, Igbooro",003,27/04/05/003,Ogun West,Egbado North/Imeko-Afon
Ogun,27,Egbado North,04,Iboro/Joga,05,St. John Pry. School Ijako,004,27/04/05/004,Ogun West,Egbado North/Imeko-Afon
Ogun,27,Egbado North,04,Iboro/Joga,05,"St. Peter'S Pry School, Joga",005,27/04/05/005,Ogun West,Egbado North/Imeko-Afon
Ogun,27,Egbado North,04,Iboro/Joga,05,Obalaju Hall Joga,006,27/04/05/006,Ogun West,Egbado North/Imeko-Afon
Ogun,27,Egbado North,04,Iboro/Joga,05,"Market Square, Joga  I",007,27/04/05/007,Ogun West,Egbado North/Imeko-Afon
Ogun,27,Egbado North,04,Iboro/Joga,05,"Market Square, Joga  Ii",008,27/04/05/008,Ogun West,Egbado North/Imeko-Afon
Ogun,27,Egbado North,04,Iboro/Joga,05,Eyinni Comprehensive High School,009,27/04/05/009,Ogun West,Egbado North/Imeko-Afon
Ogun,27,Egbado North,04,Iboro/Joga,05,Ilujoda/ Ibooro Health Centre,010,27/04/05/010,Ogun West,Egbado North/Imeko-Afon
Ogun,27,Egbado North,04,Iboro/Joga,05,Abepa Market Joga Orile,011,27/04/05/011,Ogun West,Egbado North/Imeko-Afon
Ogun,27,Egbado North,04,Imasai,06,Christ Church - Imasai,001,27/04/06/001,Ogun West,Egbado North/Imeko-Afon
Ogun,27,Egbado North,04,Imasai,06,"Market Square, Imasai  I",002,27/04/06/002,Ogun West,Egbado North/Imeko-Afon
Ogun,27,Egbado North,04,Imasai,06,"Market Square, Imasai  Ii",003,27/04/06/003,Ogun West,Egbado North/Imeko-Afon
Ogun,27,Egbado North,04,Imasai,06,Near Ita Ilori,004,27/04/06/004,Ogun West,Egbado North/Imeko-Afon
Ogun,27,Egbado North,04,Imasai,06,Oke Ilemo,005,27/04/06/005,Ogun West,Egbado North/Imeko-Afon
Ogun,27,Egbado North,04,Imasai,06,Aga Odofin Church Area,006,27/04/06/006,Ogun West,Egbado North/Imeko-Afon
Ogun,27,Egbado North,04,Imasai,06,Maria  I,007,27/04/06/007,Ogun West,Egbado North/Imeko-Afon
Ogun,27,Egbado North,04,Imasai,06,"Open Space At Alagbada Junction, Imasai",008,27/04/06/008,Ogun West,Egbado North/Imeko-Afon
Ogun,27,Egbado North,04,Imasai,06,"Near Ita Alago, Imasai",009,27/04/06/009,Ogun West,Egbado North/Imeko-Afon
Ogun,27,Egbado North,04,Imasai,06,"Near Ita Agbopa, Imasai",010,27/04/06/010,Ogun West,Egbado North/Imeko-Afon
Ogun,27,Egbado North,04,Ebute Igbooro,07,Y.N.L.G. School Ebute Igbooro,001,27/04/07/001,Ogun West,Egbado North/Imeko-Afon
Ogun,27,Egbado North,04,Ebute Igbooro,07,Ita Baale Gbedun,002,27/04/07/002,Ogun West,Egbado North/Imeko-Afon
Ogun,27,Egbado North,04,Ebute Igbooro,07,Pry. School Refurefu,003,27/04/07/003,Ogun West,Egbado North/Imeko-Afon
Ogun,27,Egbado North,04,Ebute Igbooro,07,Y.N.L.G. School Oja Odan,004,27/04/07/004,Ogun West,Egbado North/Imeko-Afon
Ogun,27,Egbado North,04,Ebute Igbooro,07,Ita Ogundipe (Ije Area),005,27/04/07/005,Ogun West,Egbado North/Imeko-Afon
Ogun,27,Egbado North,04,Ebute Igbooro,07,N.U.D. Pry Sch. Orobiyi,006,27/04/07/006,Ogun West,Egbado North/Imeko-Afon
Ogun,27,Egbado North,04,Ebute Igbooro,07,Ita Abisekan Ebute Igbooro,007,27/04/07/007,Ogun West,Egbado North/Imeko-Afon
Ogun,27,Egbado North,04,Ebute Igbooro,07,Ita Simeon Apetu Oja Odan,008,27/04/07/008,Ogun West,Egbado North/Imeko-Afon
Ogun,27,Egbado North,04,Ebute Igbooro,07,Ita Apakose Oja Odan,009,27/04/07/009,Ogun West,Egbado North/Imeko-Afon
Ogun,27,Egbado North,04,Ebute Igbooro,07,Yewa School Ologiri,010,27/04/07/010,Ogun West,Egbado North/Imeko-Afon
Ogun,27,Egbado North,04,Ebute Igbooro,07,C.F. School Akeru,011,27/04/07/011,Ogun West,Egbado North/Imeko-Afon
Ogun,27,Egbado North,04,Ebute Igbooro,07,Ita Laditan,012,27/04/07/012,Ogun West,Egbado North/Imeko-Afon
Ogun,27,Egbado North,04,Ebute Igbooro,07,Ita Faleru,013,27/04/07/013,Ogun West,Egbado North/Imeko-Afon
Ogun,27,Egbado North,04,Ebute Igbooro,07,Y.N.L.G. School  Ii Oja-Odan,014,27/04/07/014,Ogun West,Egbado North/Imeko-Afon
Ogun,27,Egbado North,04,Ebute Igbooro,07,"Ita Molete, Ebufte-Igbooro",015,27/04/07/015,Ogun West,Egbado North/Imeko-Afon
Ogun,27,Egbado North,04,Ebute Igbooro,07,Ita Baale Ikotun,016,27/04/07/016,Ogun West,Egbado North/Imeko-Afon
Ogun,27,Egbado North,04,Ebute Igbooro,07,Y.N.L.G. School Gbogo,017,27/04/07/017,Ogun West,Egbado North/Imeko-Afon
Ogun,27,Egbado North,04,Ebute Igbooro,07,Owode Balogun,018,27/04/07/018,Ogun West,Egbado North/Imeko-Afon
Ogun,27,Egbado North,04,Ebute Igbooro,07,"St John Ang. Pry  School, Ebute Igbooro",019,27/04/07/019,Ogun West,Egbado North/Imeko-Afon
Ogun,27,Egbado North,04,Ebute Igbooro,07,Open Space Near Ita Alase Oja Odan,020,27/04/07/020,Ogun West,Egbado North/Imeko-Afon
Ogun,27,Egbado North,04,Ebute Igbooro,07,"Open Space Kikiogo  Junction, Igbo Ogbe",021,27/04/07/021,Ogun West,Egbado North/Imeko-Afon
Ogun,27,Egbado North,04,Ebute Igbooro,07,"Near Christ Gospel Church, Ebute Igbooro",022,27/04/07/022,Ogun West,Egbado North/Imeko-Afon
Ogun,27,Egbado North,04,Ebute Igbooro,07,"A.U.D Pry School, Oja Odan",023,27/04/07/023,Ogun West,Egbado North/Imeko-Afon
Ogun,27,Egbado North,04,Ebute Igbooro,07,"Near Ladipo Block, Oja Odan",024,27/04/07/024,Ogun West,Egbado North/Imeko-Afon
Ogun,27,Egbado North,04,Ebute Igbooro,07,"Community High School, Ebute Igbooro",025,27/04/07/025,Ogun West,Egbado North/Imeko-Afon
Ogun,27,Egbado North,04,Ebute Igbooro,07,"Near Alebiosu Mosque, Ita Adifala",026,27/04/07/026,Ogun West,Egbado North/Imeko-Afon
Ogun,27,Egbado North,04,Ebute Igbooro,07,Near Ita Ale Papa Olosun Oja Odan,027,27/04/07/027,Ogun West,Egbado North/Imeko-Afon
Ogun,27,Egbado North,04,Ebute Igbooro,07,"Community Pry School, Aranfe, Oja Odan",028,27/04/07/028,Ogun West,Egbado North/Imeko-Afon
Ogun,27,Egbado North,04,Ohunbe,08,Y.N.L.G. School Igbeme,001,27/04/08/001,Ogun West,Egbado North/Imeko-Afon
Ogun,27,Egbado North,04,Ohunbe,08,Comm. Pry. School Kobejo,002,27/04/08/002,Ogun West,Egbado North/Imeko-Afon
Ogun,27,Egbado North,04,Ohunbe,08,Comm. Pry. School Ibayun,003,27/04/08/003,Ogun West,Egbado North/Imeko-Afon
Ogun,27,Egbado North,04,Ohunbe,08,Baptist School Abule Idi,004,27/04/08/004,Ogun West,Egbado North/Imeko-Afon
Ogun,27,Egbado North,04,Ohunbe,08,Y.N.L.G. School Gbokoto,005,27/04/08/005,Ogun West,Egbado North/Imeko-Afon
Ogun,27,Egbado North,04,Ohunbe,08,Comm. Pry. School Iyana Meta,006,27/04/08/006,Ogun West,Egbado North/Imeko-Afon
Ogun,27,Egbado North,04,Ohunbe,08,Ita Oba Iselu,007,27/04/08/007,Ogun West,Egbado North/Imeko-Afon
Ogun,27,Egbado North,04,Ohunbe,08,Comm. Pry School Agbon Ojodu,008,27/04/08/008,Ogun West,Egbado North/Imeko-Afon
Ogun,27,Egbado North,04,Ohunbe,08,Y.N.L.G. School Ibeku,009,27/04/08/009,Ogun West,Egbado North/Imeko-Afon
Ogun,27,Egbado North,04,Ohunbe,08,Y.N.L.G. School Asa,010,27/04/08/010,Ogun West,Egbado North/Imeko-Afon
Ogun,27,Egbado North,04,Ohunbe,08,Y.N.L.G. School Kodera,011,27/04/08/011,Ogun West,Egbado North/Imeko-Afon
Ogun,27,Egbado North,04,Ohunbe,08,Y.N.L.G. School Ohunbe,012,27/04/08/012,Ogun West,Egbado North/Imeko-Afon
Ogun,27,Egbado North,04,Ohunbe,08,Ita Baale Obele,013,27/04/08/013,Ogun West,Egbado North/Imeko-Afon
Ogun,27,Egbado North,04,Ohunbe,08,A/C School Orile Igbooro,014,27/04/08/014,Ogun West,Egbado North/Imeko-Afon
Ogun,27,Egbado North,04,Ohunbe,08,Y.N.L.G. School Isuku,015,27/04/08/015,Ogun West,Egbado North/Imeko-Afon
Ogun,27,Egbado North,04,Ohunbe,08,Ita Baale Isale Agbon,016,27/04/08/016,Ogun West,Egbado North/Imeko-Afon
Ogun,27,Egbado North,04,Ohunbe,08,Ita Baale Moro,017,27/04/08/017,Ogun West,Egbado North/Imeko-Afon
Ogun,27,Egbado North,04,Ohunbe,08,Ita Baale Agbon-Ojodu Ii,018,27/04/08/018,Ogun West,Egbado North/Imeko-Afon
Ogun,27,Egbado North,04,Ohunbe,08,Ibayun Square,019,27/04/08/019,Ogun West,Egbado North/Imeko-Afon
Ogun,27,Egbado North,04,Ohunbe,08,Near Baale Pedepo,020,27/04/08/020,Ogun West,Egbado North/Imeko-Afon
Ogun,27,Egbado North,04,Ohunbe,08,"Near Central Mosque, Ajelende",021,27/04/08/021,Ogun West,Egbado North/Imeko-Afon
Ogun,27,Egbado North,04,Ohunbe,08,"Area Community High School, Ibeku",022,27/04/08/022,Ogun West,Egbado North/Imeko-Afon
Ogun,27,Egbado North,04,Ohunbe,08,"Community High School, Ohunbe",023,27/04/08/023,Ogun West,Egbado North/Imeko-Afon
Ogun,27,Egbado North,04,Ohunbe,08,"Pry Health Care , Ohunbe",024,27/04/08/024,Ogun West,Egbado North/Imeko-Afon
Ogun,27,Egbado North,04,Igua,09,"Near Central Mosque, Igua",001,27/04/09/001,Ogun West,Egbado North/Imeko-Afon
Ogun,27,Egbado North,04,Igua,09,Court Hall - Igua,002,27/04/09/002,Ogun West,Egbado North/Imeko-Afon
Ogun,27,Egbado North,04,Igua,09,Comm. Pry. School Igbo - Iju,003,27/04/09/003,Ogun West,Egbado North/Imeko-Afon
Ogun,27,Egbado North,04,Igua,09,Y.N.L.G. School - Sagbon,004,27/04/09/004,Ogun West,Egbado North/Imeko-Afon
Ogun,27,Egbado North,04,Igua,09,Oja Age,005,27/04/09/005,Ogun West,Egbado North/Imeko-Afon
Ogun,27,Egbado North,04,Igua,09,"Ketu College, Iganalade",006,27/04/09/006,Ogun West,Egbado North/Imeko-Afon
Ogun,27,Egbado North,04,Igua,09,"Ang. Pry Sch, Lasilo I",007,27/04/09/007,Ogun West,Egbado North/Imeko-Afon
Ogun,27,Egbado North,04,Igua,09,"Ang. Pry Sch, Lasilo Ii",008,27/04/09/008,Ogun West,Egbado North/Imeko-Afon
Ogun,27,Egbado North,04,Igua,09,Y.N.L.G. School Owode Ketu,009,27/04/09/009,Ogun West,Egbado North/Imeko-Afon
Ogun,27,Egbado North,04,Igua,09,Ita Fabuyi Owode Ketu,010,27/04/09/010,Ogun West,Egbado North/Imeko-Afon
Ogun,27,Egbado North,04,Igua,09,United Ang. School Tata,011,27/04/09/011,Ogun West,Egbado North/Imeko-Afon
Ogun,27,Egbado North,04,Igua,09,Ita Elegbede Imoto,012,27/04/09/012,Ogun West,Egbado North/Imeko-Afon
Ogun,27,Egbado North,04,Igua,09,Comm. Pry. School Igboota,013,27/04/09/013,Ogun West,Egbado North/Imeko-Afon
Ogun,27,Egbado North,04,Igua,09,C.M.S. Church Eleja,014,27/04/09/014,Ogun West,Egbado North/Imeko-Afon
Ogun,27,Egbado North,04,Igua,09,Market Square Tata,015,27/04/09/015,Ogun West,Egbado North/Imeko-Afon
Ogun,27,Egbado North,04,Igua,09,Ita Baale Aina Asipa,016,27/04/09/016,Ogun West,Egbado North/Imeko-Afon
Ogun,27,Egbado North,04,Igua,09,Ita Baale Oladoke Imoto,017,27/04/09/017,Ogun West,Egbado North/Imeko-Afon
Ogun,27,Egbado North,04,Igua,09,Mokota Owode Ketu,018,27/04/09/018,Ogun West,Egbado North/Imeko-Afon
Ogun,27,Egbado North,04,Igua,09,Ita Otutu Igua,019,27/04/09/019,Ogun West,Egbado North/Imeko-Afon
Ogun,27,Egbado North,04,Igua,09,"Idi Ose Area, Igan Alade",020,27/04/09/020,Ogun West,Egbado North/Imeko-Afon
Ogun,27,Egbado North,04,Igua,09,"Yewa Central School, Igan Alade",021,27/04/09/021,Ogun West,Egbado North/Imeko-Afon
Ogun,27,Egbado North,04,Igua,09,Idi-Ori Village,022,27/04/09/022,Ogun West,Egbado North/Imeko-Afon
Ogun,27,Egbado North,04,Igua,09,"Ita Baale, Ika Orile",023,27/04/09/023,Ogun West,Egbado North/Imeko-Afon
Ogun,27,Egbado North,04,Igua,09,Iranji Motor Park,024,27/04/09/024,Ogun West,Egbado North/Imeko-Afon
Ogun,27,Egbado North,04,Igua,09,Kabiri Village Square,025,27/04/09/025,Ogun West,Egbado North/Imeko-Afon
Ogun,27,Egbado North,04,Igua,09,Odan Iga,026,27/04/09/026,Ogun West,Egbado North/Imeko-Afon
Ogun,27,Egbado North,04,Ijoun,10,"Market Area, Ijoun",001,27/04/10/001,Ogun West,Egbado North/Imeko-Afon
Ogun,27,Egbado North,04,Ijoun,10,Ita Otun Isenjoun,002,27/04/10/002,Ogun West,Egbado North/Imeko-Afon
Ogun,27,Egbado North,04,Ijoun,10,"Ita Boromu, Ile Ijoun  I",003,27/04/10/003,Ogun West,Egbado North/Imeko-Afon
Ogun,27,Egbado North,04,Ijoun,10,"Ita Boromu, Ile Ijoun  Ii",004,27/04/10/004,Ogun West,Egbado North/Imeko-Afon
Ogun,27,Egbado North,04,Ijoun,10,Y.N.L.G. School Ijale Ketu,005,27/04/10/005,Ogun West,Egbado North/Imeko-Afon
Ogun,27,Egbado North,04,Ijoun,10,Y.N.L.G. School Aworo,006,27/04/10/006,Ogun West,Egbado North/Imeko-Afon
Ogun,27,Egbado North,04,Ijoun,10,Cooperative Hall Tobolo,007,27/04/10/007,Ogun West,Egbado North/Imeko-Afon
Ogun,27,Egbado North,04,Ijoun,10,Ita Julius Ayetoro Oguba,008,27/04/10/008,Ogun West,Egbado North/Imeko-Afon
Ogun,27,Egbado North,04,Ijoun,10,Ita Baale Gbokofin,009,27/04/10/009,Ogun West,Egbado North/Imeko-Afon
Ogun,27,Egbado North,04,Ijoun,10,"Y.N.L.G. School, Idigbo",010,27/04/10/010,Ogun West,Egbado North/Imeko-Afon
Ogun,27,Egbado North,04,Ijoun,10,"Bapt. Day School, Oke Ola",011,27/04/10/011,Ogun West,Egbado North/Imeko-Afon
Ogun,27,Egbado North,04,Ijoun,10,"Y.N.L.G. School, Igbonla",012,27/04/10/012,Ogun West,Egbado North/Imeko-Afon
Ogun,27,Egbado North,04,Ijoun,10,C.P.S. Ipinle  I,013,27/04/10/013,Ogun West,Egbado North/Imeko-Afon
Ogun,27,Egbado North,04,Ijoun,10,C.P.S. Ipinle  Ii,014,27/04/10/014,Ogun West,Egbado North/Imeko-Afon
Ogun,27,Egbado North,04,Ijoun,10,Ita Asoju Igbore Oke,015,27/04/10/015,Ogun West,Egbado North/Imeko-Afon
Ogun,27,Egbado North,04,Ijoun,10,"Y.N.L.G. School, Ijoun",016,27/04/10/016,Ogun West,Egbado North/Imeko-Afon
Ogun,27,Egbado North,04,Ijoun,10,Ita Baale Bangidangi,017,27/04/10/017,Ogun West,Egbado North/Imeko-Afon
Ogun,27,Egbado North,04,Ijoun,10,Mokoya Olalotan,018,27/04/10/018,Ogun West,Egbado North/Imeko-Afon
Ogun,27,Egbado North,04,Ijoun,10,Ita Baale Asaga,019,27/04/10/019,Ogun West,Egbado North/Imeko-Afon
Ogun,27,Egbado North,04,Ijoun,10,Ita Baale Oke Odo Tobolo,020,27/04/10/020,Ogun West,Egbado North/Imeko-Afon
Ogun,27,Egbado North,04,Ijoun,10,E.A.C. Premises Ibiyan,021,27/04/10/021,Ogun West,Egbado North/Imeko-Afon
Ogun,27,Egbado North,04,Ijoun,10,Market Area Ii,022,27/04/10/022,Ogun West,Egbado North/Imeko-Afon
Ogun,27,Egbado North,04,Ijoun,10,"Market Area, Akalagba",023,27/04/10/023,Ogun West,Egbado North/Imeko-Afon
Ogun,27,Egbado North,04,Ijoun,10,"Sopa Square, Ijoun",024,27/04/10/024,Ogun West,Egbado North/Imeko-Afon
Ogun,27,Egbado North,04,Ijoun,10,"Pry Health Centre, Oke Ibatamu",025,27/04/10/025,Ogun West,Egbado North/Imeko-Afon
Ogun,27,Egbado North,04,Ijoun,10,"Community Pry School, Okuta Gogoro",026,27/04/10/026,Ogun West,Egbado North/Imeko-Afon
Ogun,27,Egbado North,04,Ijoun,10,Near Palace Ijale Ketu,027,27/04/10/027,Ogun West,Egbado North/Imeko-Afon
Ogun,27,Egbado North,04,Ijoun,10,"Community Pry Schhol, Iyana Agbede",028,27/04/10/028,Ogun West,Egbado North/Imeko-Afon
Ogun,27,Egbado North,04,Ijoun,10,Near Ita Otun Tobolo,029,27/04/10/029,Ogun West,Egbado North/Imeko-Afon
Ogun,27,Egbado North,04,Ijoun,10,"A.U.D Pry School, Ijoun",030,27/04/10/030,Ogun West,Egbado North/Imeko-Afon
Ogun,27,Egbado North,04,Ijoun,10,Near Ita Isa Papa Ijoun,031,27/04/10/031,Ogun West,Egbado North/Imeko-Afon
Ogun,27,Egbado North,04,Ibese,11,Comm. Pry. School - Agido,001,27/04/11/001,Ogun West,Egbado North/Imeko-Afon
Ogun,27,Egbado North,04,Ibese,11,Bapt. Day School Igbogila,002,27/04/11/002,Ogun West,Egbado North/Imeko-Afon
Ogun,27,Egbado North,04,Ibese,11,Ita Oladoke,003,27/04/11/003,Ogun West,Egbado North/Imeko-Afon
Ogun,27,Egbado North,04,Ibese,11,Near Central Mosque,004,27/04/11/004,Ogun West,Egbado North/Imeko-Afon
Ogun,27,Egbado North,04,Ibese,11,Ita Oladehin,005,27/04/11/005,Ogun West,Egbado North/Imeko-Afon
Ogun,27,Egbado North,04,Ibese,11,Ita Dopemu,006,27/04/11/006,Ogun West,Egbado North/Imeko-Afon
Ogun,27,Egbado North,04,Ibese,11,Water Works,007,27/04/11/007,Ogun West,Egbado North/Imeko-Afon
Ogun,27,Egbado North,04,Ibese,11,Ita Kumolu,008,27/04/11/008,Ogun West,Egbado North/Imeko-Afon
Ogun,27,Egbado North,04,Ibese,11,Ita Omolegbe,009,27/04/11/009,Ogun West,Egbado North/Imeko-Afon
Ogun,27,Egbado North,04,Ibese,11,U.N.A. School Balogun,010,27/04/11/010,Ogun West,Egbado North/Imeko-Afon
Ogun,27,Egbado North,04,Ibese,11,St. John Ang. School Wasimi Imasai,011,27/04/11/011,Ogun West,Egbado North/Imeko-Afon
Ogun,27,Egbado North,04,Ibese,11,Ang. School Abule Oke,012,27/04/11/012,Ogun West,Egbado North/Imeko-Afon
Ogun,27,Egbado North,04,Ibese,11,U.A.M.C. School Ibese,013,27/04/11/013,Ogun West,Egbado North/Imeko-Afon
Ogun,27,Egbado North,04,Ibese,11,Y.N.L.G. School Orita,014,27/04/11/014,Ogun West,Egbado North/Imeko-Afon
Ogun,27,Egbado North,04,Ibese,11,Y.N.L.G. School - Komi Oba,015,27/04/11/015,Ogun West,Egbado North/Imeko-Afon
Ogun,27,Egbado North,04,Ibese,11,Library Premises Ibese,016,27/04/11/016,Ogun West,Egbado North/Imeko-Afon
Ogun,27,Egbado North,04,Ibese,11,Ita Baale Ilewo Araromi,017,27/04/11/017,Ogun West,Egbado North/Imeko-Afon
Ogun,27,Egbado North,04,Ibese,11,Oja Osan Igbogila,018,27/04/11/018,Ogun West,Egbado North/Imeko-Afon
Ogun,27,Egbado North,04,Ibese,11,Ita Bada Igbogila,019,27/04/11/019,Ogun West,Egbado North/Imeko-Afon
Ogun,27,Egbado North,04,Ibese,11,Omilende Village Square,020,27/04/11/020,Ogun West,Egbado North/Imeko-Afon
Ogun,27,Egbado North,04,Ibese,11,"Open Space Isale Iju Junction, Lafenwa",021,27/04/11/021,Ogun West,Egbado North/Imeko-Afon
Ogun,27,Egbado North,04,Ibese,11,"Maternity Centre, Igbogila",022,27/04/11/022,Ogun West,Egbado North/Imeko-Afon
Ogun,27,Egbado North,04,Ibese,11,"F.A.M.C, Oke Odo, Igbogila",023,27/04/11/023,Ogun West,Egbado North/Imeko-Afon
Ogun,27,Egbado North,04,Ibese,11,"Near Jehovah Witness, Orita Road, Igbogila",024,27/04/11/024,Ogun West,Egbado North/Imeko-Afon
Ogun,27,Egbado North,04,Ibese,11,"Ibese Maternity Center, Ibese",025,27/04/11/025,Ogun West,Egbado North/Imeko-Afon
Ogun,27,Egbado North,04,Ibese,11,"Near Anomo Water, Oke Oko Iya",026,27/04/11/026,Ogun West,Egbado North/Imeko-Afon
Ogun,27,Egbado North,04,Ibese,11,"Ayedarade Junction, Oko Ope, Igbogila",027,27/04/11/027,Ogun West,Egbado North/Imeko-Afon
Ogun,27,Egbado South,05,Ilaro I,01,State Hospital,001,27/05/01/001,Ogun West,Egbado South/Ipokia
Ogun,27,Egbado South,05,Ilaro I,01,Opp. Soyinka'S House  I,002,27/05/01/002,Ogun West,Egbado South/Ipokia
Ogun,27,Egbado South,05,Ilaro I,01,Opp. Soyinka'S House  Ii,003,27/05/01/003,Ogun West,Egbado South/Ipokia
Ogun,27,Egbado South,05,Ilaro I,01,Near Idowu'S House/Otegbeye Street  I,004,27/05/01/004,Ogun West,Egbado South/Ipokia
Ogun,27,Egbado South,05,Ilaro I,01,Near Idowu'S House/Otegbeye Street  Ii,005,27/05/01/005,Ogun West,Egbado South/Ipokia
Ogun,27,Egbado South,05,Ilaro I,01,Oba Fasina Close Juncton I,006,27/05/01/006,Ogun West,Egbado South/Ipokia
Ogun,27,Egbado South,05,Ilaro I,01,Oba Fasina Close Juncton Ii Gbokolo,007,27/05/01/007,Ogun West,Egbado South/Ipokia
Ogun,27,Egbado South,05,Ilaro I,01,Egbo Alaparun,008,27/05/01/008,Ogun West,Egbado South/Ipokia
Ogun,27,Egbado South,05,Ilaro I,01,U.A.M.C. School Pahayi,009,27/05/01/009,Ogun West,Egbado South/Ipokia
Ogun,27,Egbado South,05,Ilaro I,01,Orita Kajola  I,010,27/05/01/010,Ogun West,Egbado South/Ipokia
Ogun,27,Egbado South,05,Ilaro I,01,Orita Kajola  Ii,011,27/05/01/011,Ogun West,Egbado South/Ipokia
Ogun,27,Egbado South,05,Ilaro I,01,E.S.L.G. School Ijanna,012,27/05/01/012,Ogun West,Egbado South/Ipokia
Ogun,27,Egbado South,05,Ilaro I,01,Ita Iyalode,013,27/05/01/013,Ogun West,Egbado South/Ipokia
Ogun,27,Egbado South,05,Ilaro I,01,Oke-Ola - Area,014,27/05/01/014,Ogun West,Egbado South/Ipokia
Ogun,27,Egbado South,05,Ilaro I,01,Poly. Gate,015,27/05/01/015,Ogun West,Egbado South/Ipokia
Ogun,27,Egbado South,05,Ilaro I,01,Library / Rural Health Centre,016,27/05/01/016,Ogun West,Egbado South/Ipokia
Ogun,27,Egbado South,05,Ilaro I,01,Orisun Iran /Ilodo,017,27/05/01/017,Ogun West,Egbado South/Ipokia
Ogun,27,Egbado South,05,Ilaro I,01,Yewa Egbado College,018,27/05/01/018,Ogun West,Egbado South/Ipokia
Ogun,27,Egbado South,05,Ilaro I,01,Eslg Iyana Ijano,019,27/05/01/019,Ogun West,Egbado South/Ipokia
Ogun,27,Egbado South,05,Ilaro I,01,Open Space At Mechanic Workshop Opp Axial Project,020,27/05/01/020,Ogun West,Egbado South/Ipokia
Ogun,27,Egbado South,05,Ilaro I,01,Open Space At Otegbeye'S Street Ipari-Oda,021,27/05/01/021,Ogun West,Egbado South/Ipokia
Ogun,27,Egbado South,05,Ilaro I,01,Open Space Beside El-Tahir Comprehensive Sch. Orita Pahayi,022,27/05/01/022,Ogun West,Egbado South/Ipokia
Ogun,27,Egbado South,05,Ilaro I,01,Open Space At Iyana Ijado Street,023,27/05/01/023,Ogun West,Egbado South/Ipokia
Ogun,27,Egbado South,05,Ilaro I,01,Open Space At Adeleye Junction Pahayi,024,27/05/01/024,Ogun West,Egbado South/Ipokia
Ogun,27,Egbado South,05,Ilaro I,01,Open Space At Aeroplane House Beside Transformer,025,27/05/01/025,Ogun West,Egbado South/Ipokia
Ogun,27,Egbado South,05,Ilaro I,01,Open Space At Salami Street,026,27/05/01/026,Ogun West,Egbado South/Ipokia
Ogun,27,Egbado South,05,Ilaro I,01,Open Space At Oke Odo,027,27/05/01/027,Ogun West,Egbado South/Ipokia
Ogun,27,Egbado South,05,Ilaro I,01,Open Space At Rural Project Dosumu Ipari-Oda.,028,27/05/01/028,Ogun West,Egbado South/Ipokia
Ogun,27,Egbado South,05,Ilaro I,01,Yslg School Eleja,029,27/05/01/029,Ogun West,Egbado South/Ipokia
Ogun,27,Egbado South,05,Ilaro I,01,Open Space At Fayegbami Atoyo Road,030,27/05/01/030,Ogun West,Egbado South/Ipokia
Ogun,27,Egbado South,05,Ilaro I,01,Open Space At Oduwobi St. Beside Ikosi Transformer,031,27/05/01/031,Ogun West,Egbado South/Ipokia
Ogun,27,Egbado South,05,Ilaro I,01,Ire Ayo Cda Junction Ona Egbon Oke-Ola,032,27/05/01/032,Ogun West,Egbado South/Ipokia
Ogun,27,Egbado South,05,Ilaro I,01,Open Space At Boluwatife Cda Isale Agbalumo,033,27/05/01/033,Ogun West,Egbado South/Ipokia
Ogun,27,Egbado South,05,Ilaro I,01,Poly 2Nd Gate,034,27/05/01/034,Ogun West,Egbado South/Ipokia
Ogun,27,Egbado South,05,Ilaro I,01,Open Space At Irewolede Cda Tranformer,035,27/05/01/035,Ogun West,Egbado South/Ipokia
Ogun,27,Egbado South,05,Ilaro I,01,Open Space At Ijado Rd Along Express Rd.,036,27/05/01/036,Ogun West,Egbado South/Ipokia
Ogun,27,Egbado South,05,Ilaro Ii,02,Christ Apostolic Church (Cac) School Ilaro,001,27/05/02/001,Ogun West,Egbado South/Ipokia
Ogun,27,Egbado South,05,Ilaro Ii,02,Open Space Beside Apostolic (Christ Apostolic Church Ilaro),002,27/05/02/002,Ogun West,Egbado South/Ipokia
Ogun,27,Egbado South,05,Ilaro Ii,02,"Oju-Iyewa Square, Ilaro I",003,27/05/02/003,Ogun West,Egbado South/Ipokia
Ogun,27,Egbado South,05,Ilaro Ii,02,"Oju-Iyewa Square, Ilaro Ii",004,27/05/02/004,Ogun West,Egbado South/Ipokia
Ogun,27,Egbado South,05,Ilaro Ii,02,E.S.L.G. School Ilaro,005,27/05/02/005,Ogun West,Egbado South/Ipokia
Ogun,27,Egbado South,05,Ilaro Ii,02,Handicapped School Ilaro I,006,27/05/02/006,Ogun West,Egbado South/Ipokia
Ogun,27,Egbado South,05,Ilaro Ii,02,Hardicapped School Ilaro   Ii,007,27/05/02/007,Ogun West,Egbado South/Ipokia
Ogun,27,Egbado South,05,Ilaro Ii,02,U.A.M. School Ilaro  I,008,27/05/02/008,Ogun West,Egbado South/Ipokia
Ogun,27,Egbado South,05,Ilaro Ii,02,U.A.M. School Ilaro  I,009,27/05/02/009,Ogun West,Egbado South/Ipokia
Ogun,27,Egbado South,05,Ilaro Ii,02,Oronna High School,010,27/05/02/010,Ogun West,Egbado South/Ipokia
Ogun,27,Egbado South,05,Ilaro Ii,02,Ago Isaga Square Ilaro I,011,27/05/02/011,Ogun West,Egbado South/Ipokia
Ogun,27,Egbado South,05,Ilaro Ii,02,Ago Isaga Square Ilaro Ii,012,27/05/02/012,Ogun West,Egbado South/Ipokia
Ogun,27,Egbado South,05,Ilaro Ii,02,Open Space At Oduntan'S Area,013,27/05/02/013,Ogun West,Egbado South/Ipokia
Ogun,27,Egbado South,05,Ilaro Ii,02,Booth At Iganmu,014,27/05/02/014,Ogun West,Egbado South/Ipokia
Ogun,27,Egbado South,05,Ilaro Ii,02,Opp. Co-Op Bank Ilaro,015,27/05/02/015,Ogun West,Egbado South/Ipokia
Ogun,27,Egbado South,05,Ilaro Ii,02,Sayedero Garage,016,27/05/02/016,Ogun West,Egbado South/Ipokia
Ogun,27,Egbado South,05,Ilaro Ii,02,Open Space At Oke-Odo Osun,017,27/05/02/017,Ogun West,Egbado South/Ipokia
Ogun,27,Egbado South,05,Ilaro Ii,02,Open Space At Elite Estate Junction Corner Afolabi Oke-Ela,018,27/05/02/018,Ogun West,Egbado South/Ipokia
Ogun,27,Egbado South,05,Ilaro Ii,02,Open Space At Ipari Odo Beside Transformer,019,27/05/02/019,Ogun West,Egbado South/Ipokia
Ogun,27,Egbado South,05,Ilaro Ii,02,Cac Pry School Oke-Ela,020,27/05/02/020,Ogun West,Egbado South/Ipokia
Ogun,27,Egbado South,05,Ilaro Ii,02,"Open Space, Valley View Cda",021,27/05/02/021,Ogun West,Egbado South/Ipokia
Ogun,27,Egbado South,05,Ilaro Ii,02,Open Space At Irede Community Junction Blue Roof Oke-Ela,022,27/05/02/022,Ogun West,Egbado South/Ipokia
Ogun,27,Egbado South,05,Ilaro Ii,02,Open Space At Ibese Quarters Back Of Jubilee,023,27/05/02/023,Ogun West,Egbado South/Ipokia
Ogun,27,Egbado South,05,Ilaro Iii,03,Christ Church School Ilaro,001,27/05/03/001,Ogun West,Egbado South/Ipokia
Ogun,27,Egbado South,05,Ilaro Iii,03,Oronna Town Hall  I,002,27/05/03/002,Ogun West,Egbado South/Ipokia
Ogun,27,Egbado South,05,Ilaro Iii,03,Oronna Town Hall  Ii,003,27/05/03/003,Ogun West,Egbado South/Ipokia
Ogun,27,Egbado South,05,Ilaro Iii,03,Baptist Day School Ilaro,004,27/05/03/004,Ogun West,Egbado South/Ipokia
Ogun,27,Egbado South,05,Ilaro Iii,03,A.U.D. School Ilaro I,005,27/05/03/005,Ogun West,Egbado South/Ipokia
Ogun,27,Egbado South,05,Ilaro Iii,03,A.U.D. School Ilaro Ii,006,27/05/03/006,Ogun West,Egbado South/Ipokia
Ogun,27,Egbado South,05,Ilaro Iii,03,Ahmadiya Nursery& Pry. Sch. Ilaro I,007,27/05/03/007,Ogun West,Egbado South/Ipokia
Ogun,27,Egbado South,05,Ilaro Iii,03,Ahmadiya Nursery & Pry. Sch. Ilaro Ii,008,27/05/03/008,Ogun West,Egbado South/Ipokia
Ogun,27,Egbado South,05,Ilaro Iii,03,N.U.D. School Ilaro  I,009,27/05/03/009,Ogun West,Egbado South/Ipokia
Ogun,27,Egbado South,05,Ilaro Iii,03,N.U.D. School Ilaro  Ii,010,27/05/03/010,Ogun West,Egbado South/Ipokia
Ogun,27,Egbado South,05,Ilaro Iii,03,Kumoye Street Ilaro  I,011,27/05/03/011,Ogun West,Egbado South/Ipokia
Ogun,27,Egbado South,05,Ilaro Iii,03,Kumoye Street Ilaro  Ii,012,27/05/03/012,Ogun West,Egbado South/Ipokia
Ogun,27,Egbado South,05,Ilaro Iii,03,Methodist School Gbogidi I,013,27/05/03/013,Ogun West,Egbado South/Ipokia
Ogun,27,Egbado South,05,Ilaro Iii,03,Methodist School Gbogidi Ii,014,27/05/03/014,Ogun West,Egbado South/Ipokia
Ogun,27,Egbado South,05,Ilaro Iii,03,E.S.G. School Ii Modeolu I,015,27/05/03/015,Ogun West,Egbado South/Ipokia
Ogun,27,Egbado South,05,Ilaro Iii,03,E.S.G. School Ii Modeolu Ii,016,27/05/03/016,Ogun West,Egbado South/Ipokia
Ogun,27,Egbado South,05,Ilaro Iii,03,R.C.M. School Ilaro  I,017,27/05/03/017,Ogun West,Egbado South/Ipokia
Ogun,27,Egbado South,05,Ilaro Iii,03,R.C.M. School Ilaro  Ii,018,27/05/03/018,Ogun West,Egbado South/Ipokia
Ogun,27,Egbado South,05,Ilaro Iii,03,Ileba Quarters Ilaro,019,27/05/03/019,Ogun West,Egbado South/Ipokia
Ogun,27,Egbado South,05,Ilaro Iii,03,Rocky Nite Club  I,020,27/05/03/020,Ogun West,Egbado South/Ipokia
Ogun,27,Egbado South,05,Ilaro Iii,03,Rocky Nite Club  Ii,021,27/05/03/021,Ogun West,Egbado South/Ipokia
Ogun,27,Egbado South,05,Ilaro Iii,03,E.A.C. School Ilaro,022,27/05/03/022,Ogun West,Egbado South/Ipokia
Ogun,27,Egbado South,05,Ilaro Iii,03,Open Space Near Baptist Area,023,27/05/03/023,Ogun West,Egbado South/Ipokia
Ogun,27,Egbado South,05,Ilaro Iii,03,Open Space At Olorunsogo,024,27/05/03/024,Ogun West,Egbado South/Ipokia
Ogun,27,Egbado South,05,Ilaro Iii,03,Oke Okuta Area,025,27/05/03/025,Ogun West,Egbado South/Ipokia
Ogun,27,Egbado South,05,Ilaro Iii,03,Open Space At Telecommunication Mast,026,27/05/03/026,Ogun West,Egbado South/Ipokia
Ogun,27,Egbado South,05,Ilaro Iii,03,Open Space At Alaraba Junction,027,27/05/03/027,Ogun West,Egbado South/Ipokia
Ogun,27,Egbado South,05,Ilaro Iii,03,Itolu High School Ilaro,028,27/05/03/028,Ogun West,Egbado South/Ipokia
Ogun,27,Egbado South,05,Ilaro Iii,03,Comm. Pry. School Ileba,029,27/05/03/029,Ogun West,Egbado South/Ipokia
Ogun,27,Egbado South,05,Ilaro Iii,03,Emmanuel Commercial High School,030,27/05/03/030,Ogun West,Egbado South/Ipokia
Ogun,27,Egbado South,05,Iwoye,04,A/C School Iwoye,001,27/05/04/001,Ogun West,Egbado South/Ipokia
Ogun,27,Egbado South,05,Iwoye,04,Baptist Day School Ipake,002,27/05/04/002,Ogun West,Egbado South/Ipokia
Ogun,27,Egbado South,05,Iwoye,04,E.S.L.G. School Iweke,003,27/05/04/003,Ogun West,Egbado South/Ipokia
Ogun,27,Egbado South,05,Iwoye,04,Comm. Square Isaga Amosun,004,27/05/04/004,Ogun West,Egbado South/Ipokia
Ogun,27,Egbado South,05,Iwoye,04,Yewa-Mata Village Square,005,27/05/04/005,Ogun West,Egbado South/Ipokia
Ogun,27,Egbado South,05,Iwoye,04,St. Peters School Ijado,006,27/05/04/006,Ogun West,Egbado South/Ipokia
Ogun,27,Egbado South,05,Iwoye,04,Olorulekan Village I,007,27/05/04/007,Ogun West,Egbado South/Ipokia
Ogun,27,Egbado South,05,Iwoye,04,Olorulekan Village Ii,008,27/05/04/008,Ogun West,Egbado South/Ipokia
Ogun,27,Egbado South,05,Iwoye,04,U.A.M.C. School Olorunda,009,27/05/04/009,Ogun West,Egbado South/Ipokia
Ogun,27,Egbado South,05,Iwoye,04,E.S.L.G. School Asato,010,27/05/04/010,Ogun West,Egbado South/Ipokia
Ogun,27,Egbado South,05,Iwoye,04,Jaja Village,011,27/05/04/011,Ogun West,Egbado South/Ipokia
Ogun,27,Egbado South,05,Iwoye,04,"Opp. Comm High School, Iwoye",012,27/05/04/012,Ogun West,Egbado South/Ipokia
Ogun,27,Egbado South,05,Iwoye,04,Ajo Village  I,013,27/05/04/013,Ogun West,Egbado South/Ipokia
Ogun,27,Egbado South,05,Iwoye,04,Ajo Village  Ii,014,27/05/04/014,Ogun West,Egbado South/Ipokia
Ogun,27,Egbado South,05,Iwoye,04,Irogun Akere,015,27/05/04/015,Ogun West,Egbado South/Ipokia
Ogun,27,Egbado South,05,Iwoye,04,Sodinro/Adewale Village,016,27/05/04/016,Ogun West,Egbado South/Ipokia
Ogun,27,Egbado South,05,Iwoye,04,Great Light Community School Iwogia Iwoye,017,27/05/04/017,Ogun West,Egbado South/Ipokia
Ogun,27,Egbado South,05,Iwoye,04,Open Space At Olorulekan Water Project Ilaro,018,27/05/04/018,Ogun West,Egbado South/Ipokia
Ogun,27,Egbado South,05,Iwoye,04,Open Space Beside Transformer Support Alagbede Village Along Oja-Oda Road,019,27/05/04/019,Ogun West,Egbado South/Ipokia
Ogun,27,Egbado South,05,Iwoye,04,African Nur And Pry School Gbokoto,020,27/05/04/020,Ogun West,Egbado South/Ipokia
Ogun,27,Egbado South,05,Idogo,05,African Church School Idogo,001,27/05/05/001,Ogun West,Egbado South/Ipokia
Ogun,27,Egbado South,05,Idogo,05,Methodist School Idogo,002,27/05/05/002,Ogun West,Egbado South/Ipokia
Ogun,27,Egbado South,05,Idogo,05,U.A.M.C. School Olute,003,27/05/05/003,Ogun West,Egbado South/Ipokia
Ogun,27,Egbado South,05,Idogo,05,Methodist School Igbeji,004,27/05/05/004,Ogun West,Egbado South/Ipokia
Ogun,27,Egbado South,05,Idogo,05,U.N.A. School Ipaja,005,27/05/05/005,Ogun West,Egbado South/Ipokia
Ogun,27,Egbado South,05,Idogo,05,Methodist School Fagbohun,006,27/05/05/006,Ogun West,Egbado South/Ipokia
Ogun,27,Egbado South,05,Idogo,05,African School Olokuta,007,27/05/05/007,Ogun West,Egbado South/Ipokia
Ogun,27,Egbado South,05,Idogo,05,All Saints School Itoro,008,27/05/05/008,Ogun West,Egbado South/Ipokia
Ogun,27,Egbado South,05,Idogo,05,"E.S.L.G. School, Idologun",009,27/05/05/009,Ogun West,Egbado South/Ipokia
Ogun,27,Egbado South,05,Idogo,05,Booth At Abule - Onile,010,27/05/05/010,Ogun West,Egbado South/Ipokia
Ogun,27,Egbado South,05,Idogo,05,E.S.L.G. School Kakanfo,011,27/05/05/011,Ogun West,Egbado South/Ipokia
Ogun,27,Egbado South,05,Idogo,05,Abule Olopa,012,27/05/05/012,Ogun West,Egbado South/Ipokia
Ogun,27,Egbado South,05,Idogo,05,Iga -Otun Olokunta,013,27/05/05/013,Ogun West,Egbado South/Ipokia
Ogun,27,Egbado South,05,Idogo,05,Rcm Sch Idogo,014,27/05/05/014,Ogun West,Egbado South/Ipokia
Ogun,27,Egbado South,05,Idogo,05,Olokuta Village Ii,015,27/05/05/015,Ogun West,Egbado South/Ipokia
Ogun,27,Egbado South,05,Idogo,05,Ojete Omilende Village,016,27/05/05/016,Ogun West,Egbado South/Ipokia
Ogun,27,Egbado South,05,Idogo,05,Open Space At Odan/Bola Junction,017,27/05/05/017,Ogun West,Egbado South/Ipokia
Ogun,27,Egbado South,05,Idogo,05,Open Space At Araromi Olokuta Square,018,27/05/05/018,Ogun West,Egbado South/Ipokia
Ogun,27,Egbado South,05,Oke Odan,06,St. James School Oke-Odan I,001,27/05/06/001,Ogun West,Egbado South/Ipokia
Ogun,27,Egbado South,05,Oke Odan,06,St. James School Oke-Odan  Ii,002,27/05/06/002,Ogun West,Egbado South/Ipokia
Ogun,27,Egbado South,05,Oke Odan,06,A/C School Oke-Odan,003,27/05/06/003,Ogun West,Egbado South/Ipokia
Ogun,27,Egbado South,05,Oke Odan,06,Baptist Day School Oke-Odan I,004,27/05/06/004,Ogun West,Egbado South/Ipokia
Ogun,27,Egbado South,05,Oke Odan,06,Baptist Day School Oke-Odan Ii,005,27/05/06/005,Ogun West,Egbado South/Ipokia
Ogun,27,Egbado South,05,Oke Odan,06,E.S.L.G. School Eyekanse,006,27/05/06/006,Ogun West,Egbado South/Ipokia
Ogun,27,Egbado South,05,Oke Odan,06,Methodist School Owo  I,007,27/05/06/007,Ogun West,Egbado South/Ipokia
Ogun,27,Egbado South,05,Oke Odan,06,Methodist School Owo  Ii,008,27/05/06/008,Ogun West,Egbado South/Ipokia
Ogun,27,Egbado South,05,Oke Odan,06,E.S.L.G. School Ajise,009,27/05/06/009,Ogun West,Egbado South/Ipokia
Ogun,27,Egbado South,05,Oke Odan,06,R.C.M. School Isagbo Ere  I,010,27/05/06/010,Ogun West,Egbado South/Ipokia
Ogun,27,Egbado South,05,Oke Odan,06,R.C.M. School Isagbo Ere Ii,011,27/05/06/011,Ogun West,Egbado South/Ipokia
Ogun,27,Egbado South,05,Oke Odan,06,St. James School R.M. Ii Oke-Odan I,012,27/05/06/012,Ogun West,Egbado South/Ipokia
Ogun,27,Egbado South,05,Oke Odan,06,St. James School R.M. Ii Oke Odan Ii,013,27/05/06/013,Ogun West,Egbado South/Ipokia
Ogun,27,Egbado South,05,Oke Odan,06,A/C School R.M. Ii Oke Odan I,014,27/05/06/014,Ogun West,Egbado South/Ipokia
Ogun,27,Egbado South,05,Oke Odan,06,A/C School R.M. Ii Oke-Odan Ii,015,27/05/06/015,Ogun West,Egbado South/Ipokia
Ogun,27,Egbado South,05,Oke Odan,06,Open Space At Oke-Odan I,016,27/05/06/016,Ogun West,Egbado South/Ipokia
Ogun,27,Egbado South,05,Oke Odan,06,K & S Church Oke-Odan Ii,017,27/05/06/017,Ogun West,Egbado South/Ipokia
Ogun,27,Egbado South,05,Oke Odan,06,R.C.M. School Ijako,018,27/05/06/018,Ogun West,Egbado South/Ipokia
Ogun,27,Egbado South,05,Oke Odan,06,R.C.M. School Owo  I,019,27/05/06/019,Ogun West,Egbado South/Ipokia
Ogun,27,Egbado South,05,Oke Odan,06,R.C.M. School Owo  Ii,020,27/05/06/020,Ogun West,Egbado South/Ipokia
Ogun,27,Egbado South,05,Oke Odan,06,Methodist School Rm Ii Owo,021,27/05/06/021,Ogun West,Egbado South/Ipokia
Ogun,27,Egbado South,05,Oke Odan,06,Orisada-Eyo Village Square,022,27/05/06/022,Ogun West,Egbado South/Ipokia
Ogun,27,Egbado South,05,Oke Odan,06,Old Market Square,023,27/05/06/023,Ogun West,Egbado South/Ipokia
Ogun,27,Egbado South,05,Oke Odan,06,Agosi Village,024,27/05/06/024,Ogun West,Egbado South/Ipokia
Ogun,27,Egbado South,05,Oke Odan,06,Open Space At Ogun Osun Rd Beside Proposed Transformer See The Lord Church,025,27/05/06/025,Ogun West,Egbado South/Ipokia
Ogun,27,Egbado South,05,Oke Odan,06,C&S Ago Ilaro Oke-Odan,026,27/05/06/026,Ogun West,Egbado South/Ipokia
Ogun,27,Egbado South,05,Oke Odan,06,Ifesowapo Cda Water Project Oke-Odan,027,27/05/06/027,Ogun West,Egbado South/Ipokia
Ogun,27,Egbado South,05,Oke Odan,06,Muslim Progressive High School Oke-Odan,028,27/05/06/028,Ogun West,Egbado South/Ipokia
Ogun,27,Egbado South,05,Owode I,07,Booth Near Alapara Mosque Owode  I,001,27/05/07/001,Ogun West,Egbado South/Ipokia
Ogun,27,Egbado South,05,Owode I,07,Booth Near Alapara Mosque Owode Ii,002,27/05/07/002,Ogun West,Egbado South/Ipokia
Ogun,27,Egbado South,05,Owode I,07,Booth Near C.A.C. Church I,003,27/05/07/003,Ogun West,Egbado South/Ipokia
Ogun,27,Egbado South,05,Owode I,07,Booth Near C.A.C. Church Ii,004,27/05/07/004,Ogun West,Egbado South/Ipokia
Ogun,27,Egbado South,05,Owode I,07,Near Church Of The Lord Aladura I,005,27/05/07/005,Ogun West,Egbado South/Ipokia
Ogun,27,Egbado South,05,Owode I,07,Near Church Of The Lord Aladura Ii,006,27/05/07/006,Ogun West,Egbado South/Ipokia
Ogun,27,Egbado South,05,Owode I,07,"Comm. Town Hall, Owode I",007,27/05/07/007,Ogun West,Egbado South/Ipokia
Ogun,27,Egbado South,05,Owode I,07,"Comm. Town Hall, Owod Ii",008,27/05/07/008,Ogun West,Egbado South/Ipokia
Ogun,27,Egbado South,05,Owode I,07,Near Ahmadiyya Mosque Owode I,009,27/05/07/009,Ogun West,Egbado South/Ipokia
Ogun,27,Egbado South,05,Owode I,07,Near Ahmadiyya Mosque Owode Ii,010,27/05/07/010,Ogun West,Egbado South/Ipokia
Ogun,27,Egbado South,05,Owode I,07,"Opp. He-Goat Market, Owode I",011,27/05/07/011,Ogun West,Egbado South/Ipokia
Ogun,27,Egbado South,05,Owode I,07,"Opp. He-Goat Market, Owode Ii",012,27/05/07/012,Ogun West,Egbado South/Ipokia
Ogun,27,Egbado South,05,Owode I,07,Owode Near Market,013,27/05/07/013,Ogun West,Egbado South/Ipokia
Ogun,27,Egbado South,05,Owode I,07,Army Children School Owode I,014,27/05/07/014,Ogun West,Egbado South/Ipokia
Ogun,27,Egbado South,05,Owode I,07,Army Children School Owode Ii,015,27/05/07/015,Ogun West,Egbado South/Ipokia
Ogun,27,Egbado South,05,Owode I,07,Old Slaughter'S Slab,016,27/05/07/016,Ogun West,Egbado South/Ipokia
Ogun,27,Egbado South,05,Owode I,07,Booth At Irepodun Square,017,27/05/07/017,Ogun West,Egbado South/Ipokia
Ogun,27,Egbado South,05,Owode I,07,Army Children School Iii,018,27/05/07/018,Ogun West,Egbado South/Ipokia
Ogun,27,Egbado South,05,Owode I,07,Moricas Arabic Sch Ago-Egun (Opp),019,27/05/07/019,Ogun West,Egbado South/Ipokia
Ogun,27,Egbado South,05,Owode I,07,Front Of Seye'S Bakery,020,27/05/07/020,Ogun West,Egbado South/Ipokia
Ogun,27,Egbado South,05,Owode I,07,Open Space Under The Coconut Tree Beside Transformer At Folasade Oke-Ogbon Str. Owode,021,27/05/07/021,Ogun West,Egbado South/Ipokia
Ogun,27,Egbado South,05,Owode I,07,Open Space At Power Line Bamgbopa Line,022,27/05/07/022,Ogun West,Egbado South/Ipokia
Ogun,27,Egbado South,05,Owode I,07,Under Pear Tree Alao Lateef House Alapara Owode,023,27/05/07/023,Ogun West,Egbado South/Ipokia
Ogun,27,Egbado South,05,Owode I,07,Almajir Islamic Children School Isaga,024,27/05/07/024,Ogun West,Egbado South/Ipokia
Ogun,27,Egbado South,05,Owode I,07,Isaga Bustop Along Ilaro Rd,025,27/05/07/025,Ogun West,Egbado South/Ipokia
Ogun,27,Egbado South,05,Owode I,07,Odubiyi Folasade Junction,026,27/05/07/026,Ogun West,Egbado South/Ipokia
Ogun,27,Egbado South,05,Owode I,07,Isale Oro Junction Along Sunday Idiroko Road,027,27/05/07/027,Ogun West,Egbado South/Ipokia
Ogun,27,Egbado South,05,Owode I,07,Tipper Garage Along Ilaro Road,028,27/05/07/028,Ogun West,Egbado South/Ipokia
Ogun,27,Egbado South,05,Owode I,07,Open Space At Water Project Back Of Owode Market,029,27/05/07/029,Ogun West,Egbado South/Ipokia
Ogun,27,Egbado South,05,Owode I,07,Junction Igbowo Community Beside Akewu Kanwo Cenral Mosque,030,27/05/07/030,Ogun West,Egbado South/Ipokia
Ogun,27,Egbado South,05,Owode I,07,Open Space At Federal  Step Down,031,27/05/07/031,Ogun West,Egbado South/Ipokia
Ogun,27,Egbado South,05,Owode I,07,Open Space At Irepodun Irewolede Araromi,032,27/05/07/032,Ogun West,Egbado South/Ipokia
Ogun,27,Egbado South,05,Owode I,07,Open Space At Moricas Ii Owode,033,27/05/07/033,Ogun West,Egbado South/Ipokia
Ogun,27,Egbado South,05,Owode Ii,08,Booth At Amule-Kangbo Square,001,27/05/08/001,Ogun West,Egbado South/Ipokia
Ogun,27,Egbado South,05,Owode Ii,08,Booth At Amule-Kangbo Square,002,27/05/08/002,Ogun West,Egbado South/Ipokia
Ogun,27,Egbado South,05,Owode Ii,08,Booth At Post Office Owode I,003,27/05/08/003,Ogun West,Egbado South/Ipokia
Ogun,27,Egbado South,05,Owode Ii,08,Booth At Post Office Owode  Ii,004,27/05/08/004,Ogun West,Egbado South/Ipokia
Ogun,27,Egbado South,05,Owode Ii,08,"Open Space Near Methodist I, Sabo",005,27/05/08/005,Ogun West,Egbado South/Ipokia
Ogun,27,Egbado South,05,Owode Ii,08,"Open Space Near Methodist Ii, Sabo",006,27/05/08/006,Ogun West,Egbado South/Ipokia
Ogun,27,Egbado South,05,Owode Ii,08,E.S.L.G. School Owode,007,27/05/08/007,Ogun West,Egbado South/Ipokia
Ogun,27,Egbado South,05,Owode Ii,08,Open Space At Apostolic 4-Corner Area I,008,27/05/08/008,Ogun West,Egbado South/Ipokia
Ogun,27,Egbado South,05,Owode Ii,08,Open Space At Apostolic 4-Corner Area Ii,009,27/05/08/009,Ogun West,Egbado South/Ipokia
Ogun,27,Egbado South,05,Owode Ii,08,Comm. Pry School Owode I,010,27/05/08/010,Ogun West,Egbado South/Ipokia
Ogun,27,Egbado South,05,Owode Ii,08,Comm. Pry School Owode Ii,011,27/05/08/011,Ogun West,Egbado South/Ipokia
Ogun,27,Egbado South,05,Owode Ii,08,Area Comm. High School Owode  I,012,27/05/08/012,Ogun West,Egbado South/Ipokia
Ogun,27,Egbado South,05,Owode Ii,08,Area Comm. High School Owode Ii,013,27/05/08/013,Ogun West,Egbado South/Ipokia
Ogun,27,Egbado South,05,Owode Ii,08,Yidi Str. Temidire Mosque,014,27/05/08/014,Ogun West,Egbado South/Ipokia
Ogun,27,Egbado South,05,Owode Ii,08,Old Sabo Market Owode  I,015,27/05/08/015,Ogun West,Egbado South/Ipokia
Ogun,27,Egbado South,05,Owode Ii,08,Old Sabo Market Owode Ii,016,27/05/08/016,Ogun West,Egbado South/Ipokia
Ogun,27,Egbado South,05,Owode Ii,08,Booth At Old R.C.C. Ado-Odo Road,017,27/05/08/017,Ogun West,Egbado South/Ipokia
Ogun,27,Egbado South,05,Owode Ii,08,Primary Health Clinic Isaga Owode,018,27/05/08/018,Ogun West,Egbado South/Ipokia
Ogun,27,Egbado South,05,Owode Ii,08,St. Paul Ang. Sch. Owode,019,27/05/08/019,Ogun West,Egbado South/Ipokia
Ogun,27,Egbado South,05,Owode Ii,08,Sango Garage Along Sango Idiroko Rd.,020,27/05/08/020,Ogun West,Egbado South/Ipokia
Ogun,27,Egbado South,05,Owode Ii,08,"Eslg School Oke-Ola, Owode",021,27/05/08/021,Ogun West,Egbado South/Ipokia
Ogun,27,Egbado South,05,Owode Ii,08,Open Space At Tewure Pepe Owode,022,27/05/08/022,Ogun West,Egbado South/Ipokia
Ogun,27,Egbado South,05,Owode Ii,08,"Open Space Beside Transformer At Ogboye Akanbi Junction Sabo, Owode",023,27/05/08/023,Ogun West,Egbado South/Ipokia
Ogun,27,Egbado South,05,Owode Ii,08,Open Space At Oluwakorede Comm. Square Isaga,024,27/05/08/024,Ogun West,Egbado South/Ipokia
Ogun,27,Egbado South,05,Owode Ii,08,Open Space At Igandimu Junction Owode,025,27/05/08/025,Ogun West,Egbado South/Ipokia
Ogun,27,Egbado South,05,Ilobi/Erinja,09,Dispensary Oke-Erinja,001,27/05/09/001,Ogun West,Egbado South/Ipokia
Ogun,27,Egbado South,05,Ilobi/Erinja,09,Open Space At Erinja-Ile,002,27/05/09/002,Ogun West,Egbado South/Ipokia
Ogun,27,Egbado South,05,Ilobi/Erinja,09,E.S.L.G. School - Ilobi,003,27/05/09/003,Ogun West,Egbado South/Ipokia
Ogun,27,Egbado South,05,Ilobi/Erinja,09,C.A.C. School Oko-Baba,004,27/05/09/004,Ogun West,Egbado South/Ipokia
Ogun,27,Egbado South,05,Ilobi/Erinja,09,E.S.L.G. School Alagbon  I,005,27/05/09/005,Ogun West,Egbado South/Ipokia
Ogun,27,Egbado South,05,Ilobi/Erinja,09,E.S.L.G. School Alagbon  Ii,006,27/05/09/006,Ogun West,Egbado South/Ipokia
Ogun,27,Egbado South,05,Ilobi/Erinja,09,E.S.L.G. School Alagbon Iii,007,27/05/09/007,Ogun West,Egbado South/Ipokia
Ogun,27,Egbado South,05,Ilobi/Erinja,09,"Customary Court Hall, Ilobi",008,27/05/09/008,Ogun West,Egbado South/Ipokia
Ogun,27,Egbado South,05,Ilobi/Erinja,09,Opp. Market Garage,009,27/05/09/009,Ogun West,Egbado South/Ipokia
Ogun,27,Egbado South,05,Ilobi/Erinja,09,E.S.L.G. School Erinja Orile,010,27/05/09/010,Ogun West,Egbado South/Ipokia
Ogun,27,Egbado South,05,Ilobi/Erinja,09,Yslg Oke-Erinja,011,27/05/09/011,Ogun West,Egbado South/Ipokia
Ogun,27,Egbado South,05,Ilobi/Erinja,09,"Open Space At Surulere Street, Oke-Erinja",012,27/05/09/012,Ogun West,Egbado South/Ipokia
Ogun,27,Egbado South,05,Ilobi/Erinja,09,Open Space At Oruwa Erinja Community Water Project,013,27/05/09/013,Ogun West,Egbado South/Ipokia
Ogun,27,Egbado South,05,Ilobi/Erinja,09,Eburogun Village,014,27/05/09/014,Ogun West,Egbado South/Ipokia
Ogun,27,Egbado South,05,Ilobi/Erinja,09,Open Space At Iyano Anisere,015,27/05/09/015,Ogun West,Egbado South/Ipokia
Ogun,27,Egbado South,05,Ilobi/Erinja,09,Open Space At Ago Panu Beside Transformer Alagbon,016,27/05/09/016,Ogun West,Egbado South/Ipokia
Ogun,27,Egbado South,05,Ilobi/Erinja,09,Open Space Beside Transformer Opp Bible College,017,27/05/09/017,Ogun West,Egbado South/Ipokia
Ogun,27,Egbado South,05,Ilobi/Erinja,09,Open Space Beside Transformer Opp. Alaseyori Central Mosque,018,27/05/09/018,Ogun West,Egbado South/Ipokia
Ogun,27,Egbado South,05,Ilobi/Erinja,09,Open Space Beside Transformer Opp Yslg Alagbon,019,27/05/09/019,Ogun West,Egbado South/Ipokia
Ogun,27,Egbado South,05,Ilobi/Erinja,09,Open Space Under Kolanut Tree Infront Of Baale House,020,27/05/09/020,Ogun West,Egbado South/Ipokia
Ogun,27,Egbado South,05,Ilobi/Erinja,09,Ilobi Town Hall,021,27/05/09/021,Ogun West,Egbado South/Ipokia
Ogun,27,Egbado South,05,Ajilete,10,Customary Court Hall Ajilete  I,001,27/05/10/001,Ogun West,Egbado South/Ipokia
Ogun,27,Egbado South,05,Ajilete,10,Customary Court Hall Ajilete Ii,002,27/05/10/002,Ogun West,Egbado South/Ipokia
Ogun,27,Egbado South,05,Ajilete,10,A.U.D. School Ajilete  I,003,27/05/10/003,Ogun West,Egbado South/Ipokia
Ogun,27,Egbado South,05,Ajilete,10,A.U.D. School Ajilete  Ii,004,27/05/10/004,Ogun West,Egbado South/Ipokia
Ogun,27,Egbado South,05,Ajilete,10,St. John'S School Ajilete I,005,27/05/10/005,Ogun West,Egbado South/Ipokia
Ogun,27,Egbado South,05,Ajilete,10,Yewa High School Ajilete  I,006,27/05/10/006,Ogun West,Egbado South/Ipokia
Ogun,27,Egbado South,05,Ajilete,10,Yewa High School Ajilete Ii,007,27/05/10/007,Ogun West,Egbado South/Ipokia
Ogun,27,Egbado South,05,Ajilete,10,Eslg School Â€“ Kajola (Apostolic Church 4-Corner Area I),008,27/05/10/008,Ogun West,Egbado South/Ipokia
Ogun,27,Egbado South,05,Ajilete,10,A.U.D. School Yidi Alagba (Apostolic Church 4-Corner Area Ii),009,27/05/10/009,Ogun West,Egbado South/Ipokia
Ogun,27,Egbado South,05,Ajilete,10,E.S.L.G. School Kajola,010,27/05/10/010,Ogun West,Egbado South/Ipokia
Ogun,27,Egbado South,05,Ajilete,10,Booth At Oju-Ota Square,011,27/05/10/011,Ogun West,Egbado South/Ipokia
Ogun,27,Egbado South,05,Ajilete,10,Comm. Pry School Ibio,012,27/05/10/012,Ogun West,Egbado South/Ipokia
Ogun,27,Egbado South,05,Ajilete,10,Dispensary Eredo,013,27/05/10/013,Ogun West,Egbado South/Ipokia
Ogun,27,Egbado South,05,Ajilete,10,Booth Beside A/C Ajilete,014,27/05/10/014,Ogun West,Egbado South/Ipokia
Ogun,27,Egbado South,05,Ajilete,10,Beside Ago-Eyo Mosque I,015,27/05/10/015,Ogun West,Egbado South/Ipokia
Ogun,27,Egbado South,05,Ajilete,10,Beside Ago-Eyo Mosque Ii,016,27/05/10/016,Ogun West,Egbado South/Ipokia
Ogun,27,Egbado South,05,Ajilete,10,Ori-Okuta Square Ilaro Quarters,017,27/05/10/017,Ogun West,Egbado South/Ipokia
Ogun,27,Egbado South,05,Ajilete,10,St. John'S School Block Ii,018,27/05/10/018,Ogun West,Egbado South/Ipokia
Ogun,27,Egbado South,05,Ajilete,10,Araromi Market,019,27/05/10/019,Ogun West,Egbado South/Ipokia
Ogun,27,Egbado South,05,Ajilete,10,Open Space At Ajegunle Square Ajilete,020,27/05/10/020,Ogun West,Egbado South/Ipokia
Ogun,27,Egbado South,05,Ajilete,10,Open Space At Akorede Community Beside Transformer,021,27/05/10/021,Ogun West,Egbado South/Ipokia
Ogun,27,Egbado South,05,Ajilete,10,Ido Olubo Village Square,022,27/05/10/022,Ogun West,Egbado South/Ipokia
Ogun,27,Egbado South,05,Ajilete,10,Ifelodun Cda Town Hall,023,27/05/10/023,Ogun West,Egbado South/Ipokia
Ogun,27,Ewekoro,06,Abalabi,01,Community Hall Abalabi  I,001,27/06/01/001,Ogun Central,Ifo/Ewekoro
Ogun,27,Ewekoro,06,Abalabi,01,Community Hall Abalabi  Ii,002,27/06/01/002,Ogun Central,Ifo/Ewekoro
Ogun,27,Ewekoro,06,Abalabi,01,School Prem Sojuolu I,003,27/06/01/003,Ogun Central,Ifo/Ewekoro
Ogun,27,Ewekoro,06,Abalabi,01,School Prem Sojuolu Ii,004,27/06/01/004,Ogun Central,Ifo/Ewekoro
Ogun,27,Ewekoro,06,Abalabi,01,St. Paul Ang. Sch. Sojuolu I,005,27/06/01/005,Ogun Central,Ifo/Ewekoro
Ogun,27,Ewekoro,06,Abalabi,01,St. Paul Ang. Sch. Sojuolu Ii,006,27/06/01/006,Ogun Central,Ifo/Ewekoro
Ogun,27,Ewekoro,06,Abalabi,01,United School Olorunda Station,007,27/06/01/007,Ogun Central,Ifo/Ewekoro
Ogun,27,Ewekoro,06,Abalabi,01,Town Hall Olorunda I,008,27/06/01/008,Ogun Central,Ifo/Ewekoro
Ogun,27,Ewekoro,06,Abalabi,01,Town Hall Olorunda Ii,009,27/06/01/009,Ogun Central,Ifo/Ewekoro
Ogun,27,Ewekoro,06,Abalabi,01,L.G. School Opeyaka I,010,27/06/01/010,Ogun Central,Ifo/Ewekoro
Ogun,27,Ewekoro,06,Abalabi,01,L.G. School Opeyaka Ii,011,27/06/01/011,Ogun Central,Ifo/Ewekoro
Ogun,27,Ewekoro,06,Abalabi,01,Bapt Sch. Idi Aga,012,27/06/01/012,Ogun Central,Ifo/Ewekoro
Ogun,27,Ewekoro,06,Abalabi,01,African Church Sch. Ajegunle I,013,27/06/01/013,Ogun Central,Ifo/Ewekoro
Ogun,27,Ewekoro,06,Abalabi,01,African Church Sch.Ajeguunle Ii,014,27/06/01/014,Ogun Central,Ifo/Ewekoro
Ogun,27,Ewekoro,06,Abalabi,01,African Church Sch.Ajegunle Iii,015,27/06/01/015,Ogun Central,Ifo/Ewekoro
Ogun,27,Ewekoro,06,Abalabi,01,"Open Space Near Town Hall, Abalabi",016,27/06/01/016,Ogun Central,Ifo/Ewekoro
Ogun,27,Ewekoro,06,Abalabi,01,Open Space At Gbokolu Village,017,27/06/01/017,Ogun Central,Ifo/Ewekoro
Ogun,27,Ewekoro,06,Abalabi,01,"Open Space At Igbo-Aje  Village,Olokuta",018,27/06/01/018,Ogun Central,Ifo/Ewekoro
Ogun,27,Ewekoro,06,Abalabi,01,Sch Premises Oteyi Alagbede,019,27/06/01/019,Ogun Central,Ifo/Ewekoro
Ogun,27,Ewekoro,06,Abalabi,01,Abalabi Village Square,020,27/06/01/020,Ogun Central,Ifo/Ewekoro
Ogun,27,Ewekoro,06,Abalabi,01,Araromi Town Hall,021,27/06/01/021,Ogun Central,Ifo/Ewekoro
Ogun,27,Ewekoro,06,Abalabi,01,Open Space Front Of Health Centre Ajegunle,022,27/06/01/022,Ogun Central,Ifo/Ewekoro
Ogun,27,Ewekoro,06,Asa/Yobo,02,A/C School Agodo,001,27/06/02/001,Ogun Central,Ifo/Ewekoro
Ogun,27,Ewekoro,06,Asa/Yobo,02,A/C School Yobo,002,27/06/02/002,Ogun Central,Ifo/Ewekoro
Ogun,27,Ewekoro,06,Asa/Yobo,02,Open Space At Asa Tepede,003,27/06/02/003,Ogun Central,Ifo/Ewekoro
Ogun,27,Ewekoro,06,Asa/Yobo,02,School Premises Asa Obintin,004,27/06/02/004,Ogun Central,Ifo/Ewekoro
Ogun,27,Ewekoro,06,Asa/Yobo,02,Lala Town Hall,005,27/06/02/005,Ogun Central,Ifo/Ewekoro
Ogun,27,Ewekoro,06,Asa/Yobo,02,Asa Olowo,006,27/06/02/006,Ogun Central,Ifo/Ewekoro
Ogun,27,Ewekoro,06,Asa/Yobo,02,Near School Prem Yobo,007,27/06/02/007,Ogun Central,Ifo/Ewekoro
Ogun,27,Ewekoro,06,Asa/Yobo,02,Asa-Apalolo,008,27/06/02/008,Ogun Central,Ifo/Ewekoro
Ogun,27,Ewekoro,06,Asa/Yobo,02,Open Space At Isale Egba Agodo Town,009,27/06/02/009,Ogun Central,Ifo/Ewekoro
Ogun,27,Ewekoro,06,Asa/Yobo,02,Open Space At Abale Adafune Agodo,010,27/06/02/010,Ogun Central,Ifo/Ewekoro
Ogun,27,Ewekoro,06,Asa/Yobo,02,Open Space At Kajola Village,011,27/06/02/011,Ogun Central,Ifo/Ewekoro
Ogun,27,Ewekoro,06,Asa/Yobo,02,Open Space  Front Of Yobo Health Centre,012,27/06/02/012,Ogun Central,Ifo/Ewekoro
Ogun,27,Ewekoro,06,Arigbajo,03,U.D.C. School Arigbajo  I,001,27/06/03/001,Ogun Central,Ifo/Ewekoro
Ogun,27,Ewekoro,06,Arigbajo,03,U.D.C. School Arigbajo  Ii,002,27/06/03/002,Ogun Central,Ifo/Ewekoro
Ogun,27,Ewekoro,06,Arigbajo,03,Oko Kogbodoku,003,27/06/03/003,Ogun Central,Ifo/Ewekoro
Ogun,27,Ewekoro,06,Arigbajo,03,L.G. School Ejio,004,27/06/03/004,Ogun Central,Ifo/Ewekoro
Ogun,27,Ewekoro,06,Arigbajo,03,Open Space At Soderu,005,27/06/03/005,Ogun Central,Ifo/Ewekoro
Ogun,27,Ewekoro,06,Arigbajo,03,Open Space At Apomu,006,27/06/03/006,Ogun Central,Ifo/Ewekoro
Ogun,27,Ewekoro,06,Arigbajo,03,Methodist School Abese,007,27/06/03/007,Ogun Central,Ifo/Ewekoro
Ogun,27,Ewekoro,06,Arigbajo,03,Open Space At Elebute Village Square,008,27/06/03/008,Ogun Central,Ifo/Ewekoro
Ogun,27,Ewekoro,06,Arigbajo,03,Open Space Adjacent Aina Street Beside Transformer,009,27/06/03/009,Ogun Central,Ifo/Ewekoro
Ogun,27,Ewekoro,06,Arigbajo,03,"Open Space  Beside Transformer,Egunnla",010,27/06/03/010,Ogun Central,Ifo/Ewekoro
Ogun,27,Ewekoro,06,Arigbajo,03,"Open Space Along Railway Line, Abata",011,27/06/03/011,Ogun Central,Ifo/Ewekoro
Ogun,27,Ewekoro,06,Arigbajo,03,Egunnla Annex,012,27/06/03/012,Ogun Central,Ifo/Ewekoro
Ogun,27,Ewekoro,06,Arigbajo,03,Open Space Besides Transformer Imode,013,27/06/03/013,Ogun Central,Ifo/Ewekoro
Ogun,27,Ewekoro,06,Arigbajo,03,Open Space Beside Berger Transformer Ejio,014,27/06/03/014,Ogun Central,Ifo/Ewekoro
Ogun,27,Ewekoro,06,Arigbajo,03,"Old Maternity Centre, Ejio",015,27/06/03/015,Ogun Central,Ifo/Ewekoro
Ogun,27,Ewekoro,06,Arigbajo,03,Beside Transformer Deborah'S Court Junction,016,27/06/03/016,Ogun Central,Ifo/Ewekoro
Ogun,27,Ewekoro,06,Arigbajo,03,"Open Space Beside Public Water Tank, Arogunjo",017,27/06/03/017,Ogun Central,Ifo/Ewekoro
Ogun,27,Ewekoro,06,Itori,04,Market Square Itori I,001,27/06/04/001,Ogun Central,Ifo/Ewekoro
Ogun,27,Ewekoro,06,Itori,04,Market Square Itori Ii,002,27/06/04/002,Ogun Central,Ifo/Ewekoro
Ogun,27,Ewekoro,06,Itori,04,Iyana Station  I,003,27/06/04/003,Ogun Central,Ifo/Ewekoro
Ogun,27,Ewekoro,06,Itori,04,Iyana Station  Ii,004,27/06/04/004,Ogun Central,Ifo/Ewekoro
Ogun,27,Ewekoro,06,Itori,04,Opp. Meternity Centre Itori  I,005,27/06/04/005,Ogun Central,Ifo/Ewekoro
Ogun,27,Ewekoro,06,Itori,04,Opp. Maternity Centre Itori Ii,006,27/06/04/006,Ogun Central,Ifo/Ewekoro
Ogun,27,Ewekoro,06,Itori,04,Open Space At U.N.A. Lapeleke,007,27/06/04/007,Ogun Central,Ifo/Ewekoro
Ogun,27,Ewekoro,06,Itori,04,Open Space At Oke Oko Hall Square,008,27/06/04/008,Ogun Central,Ifo/Ewekoro
Ogun,27,Ewekoro,06,Itori,04,A/C School Olujobi,009,27/06/04/009,Ogun Central,Ifo/Ewekoro
Ogun,27,Ewekoro,06,Itori,04,A/C School Onikoko,010,27/06/04/010,Ogun Central,Ifo/Ewekoro
Ogun,27,Ewekoro,06,Itori,04,Health Centre Sowunmi,011,27/06/04/011,Ogun Central,Ifo/Ewekoro
Ogun,27,Ewekoro,06,Itori,04,A/C School Elegbata,012,27/06/04/012,Ogun Central,Ifo/Ewekoro
Ogun,27,Ewekoro,06,Itori,04,School Prem. Elefon  I,013,27/06/04/013,Ogun Central,Ifo/Ewekoro
Ogun,27,Ewekoro,06,Itori,04,School Prem. Elefon,014,27/06/04/014,Ogun Central,Ifo/Ewekoro
Ogun,27,Ewekoro,06,Itori,04,School Prem. Afowowa-Gbelu Ii,015,27/06/04/015,Ogun Central,Ifo/Ewekoro
Ogun,27,Ewekoro,06,Itori,04,Bapt.Day School Eruku,016,27/06/04/016,Ogun Central,Ifo/Ewekoro
Ogun,27,Ewekoro,06,Itori,04,Ikereku Olodo,017,27/06/04/017,Ogun Central,Ifo/Ewekoro
Ogun,27,Ewekoro,06,Itori,04,A/C School Obanlado,018,27/06/04/018,Ogun Central,Ifo/Ewekoro
Ogun,27,Ewekoro,06,Itori,04,A/C School Oluke [Wasimi Abule Vill],019,27/06/04/019,Ogun Central,Ifo/Ewekoro
Ogun,27,Ewekoro,06,Itori,04,Open Space At Bolowosere Village,020,27/06/04/020,Ogun Central,Ifo/Ewekoro
Ogun,27,Ewekoro,06,Itori,04,Open Space At Adumbu Village,021,27/06/04/021,Ogun Central,Ifo/Ewekoro
Ogun,27,Ewekoro,06,Itori,04,Open Space At Lemo Village,022,27/06/04/022,Ogun Central,Ifo/Ewekoro
Ogun,27,Ewekoro,06,Itori,04,Open Space At Telu Village,023,27/06/04/023,Ogun Central,Ifo/Ewekoro
Ogun,27,Ewekoro,06,Itori,04,Jaguna Village Square,024,27/06/04/024,Ogun Central,Ifo/Ewekoro
Ogun,27,Ewekoro,06,Itori,04,Open Space At Oluke Village,025,27/06/04/025,Ogun Central,Ifo/Ewekoro
Ogun,27,Ewekoro,06,Itori,04,Open Space At Keulagbe Village,026,27/06/04/026,Ogun Central,Ifo/Ewekoro
Ogun,27,Ewekoro,06,Itori,04,All Saint Pry School Itori,027,27/06/04/027,Ogun Central,Ifo/Ewekoro
Ogun,27,Ewekoro,06,Itori,04,Ago Owu Junction Itori,028,27/06/04/028,Ogun Central,Ifo/Ewekoro
Ogun,27,Ewekoro,06,Itori,04,Open Space At Land Of Peace Afowowa Sogade,029,27/06/04/029,Ogun Central,Ifo/Ewekoro
Ogun,27,Ewekoro,06,Itori,04,"Open Space Front Of Magistrate Court, Itori",030,27/06/04/030,Ogun Central,Ifo/Ewekoro
Ogun,27,Ewekoro,06,Itori,04,Open Space At Omosebi  Junction Itori,031,27/06/04/031,Ogun Central,Ifo/Ewekoro
Ogun,27,Ewekoro,06,Itori,04,Open Space Beside Railway Line Ifatedo Itori,032,27/06/04/032,Ogun Central,Ifo/Ewekoro
Ogun,27,Ewekoro,06,Itori,04,Open Space In Front Of Publi Water Tank Oremeji Junction Itori,033,27/06/04/033,Ogun Central,Ifo/Ewekoro
Ogun,27,Ewekoro,06,Itori,04,Open Space Bside Top Most Block Industry Onikoko,034,27/06/04/034,Ogun Central,Ifo/Ewekoro
Ogun,27,Ewekoro,06,Itori,04,"Open Space Beside Church, Alatika Itori",035,27/06/04/035,Ogun Central,Ifo/Ewekoro
Ogun,27,Ewekoro,06,Itori,04,"Open Space Town Hall, Eruku Itori",036,27/06/04/036,Ogun Central,Ifo/Ewekoro
Ogun,27,Ewekoro,06,Itori,04,Opn Space Lufodo Playing Ground Itori,037,27/06/04/037,Ogun Central,Ifo/Ewekoro
Ogun,27,Ewekoro,06,Itori,04,"Community Pry School, Afowowa, Sogade",038,27/06/04/038,Ogun Central,Ifo/Ewekoro
Ogun,27,Ewekoro,06,Itori,04,"Open Space Opp.Mtn Mast , Surulere Itori",039,27/06/04/039,Ogun Central,Ifo/Ewekoro
Ogun,27,Ewekoro,06,Itori,04,"Open Space  Beside Police Station , Itori",040,27/06/04/040,Ogun Central,Ifo/Ewekoro
Ogun,27,Ewekoro,06,Itori,04,Bodmas Junction Opp. Transformer Itori,041,27/06/04/041,Ogun Central,Ifo/Ewekoro
Ogun,27,Ewekoro,06,Itori,04,"Open Space Nut Cooperative Complex , Jaguna, Itori",042,27/06/04/042,Ogun Central,Ifo/Ewekoro
Ogun,27,Ewekoro,06,Itori,04,"Playing Ground Behind S/A Filling  Station,Jaguna,Itori",043,27/06/04/043,Ogun Central,Ifo/Ewekoro
Ogun,27,Ewekoro,06,Itori,04,"L.G Nursery/Pry School, Gasline,Itori",044,27/06/04/044,Ogun Central,Ifo/Ewekoro
Ogun,27,Ewekoro,06,Itori,04,"St Paul Nursery/ Pry  School, Lapeleke",045,27/06/04/045,Ogun Central,Ifo/Ewekoro
Ogun,27,Ewekoro,06,Itori,04,"Open Space Lapeleke Junction, Itori",046,27/06/04/046,Ogun Central,Ifo/Ewekoro
Ogun,27,Ewekoro,06,Elere/Onigbedu,05,Open Space At Koboro (Near Nepa Transformer),001,27/06/05/001,Ogun Central,Ifo/Ewekoro
Ogun,27,Ewekoro,06,Elere/Onigbedu,05,St. Simeon School Elere/Abuletitun I,002,27/06/05/002,Ogun Central,Ifo/Ewekoro
Ogun,27,Ewekoro,06,Elere/Onigbedu,05,St. Simeon School Elere/Abule Titun Ii,003,27/06/05/003,Ogun Central,Ifo/Ewekoro
Ogun,27,Ewekoro,06,Elere/Onigbedu,05,Open Space At Ajipatutu,004,27/06/05/004,Ogun Central,Ifo/Ewekoro
Ogun,27,Ewekoro,06,Elere/Onigbedu,05,A/C School Onigbedu  I,005,27/06/05/005,Ogun Central,Ifo/Ewekoro
Ogun,27,Ewekoro,06,Elere/Onigbedu,05,A/C School Onigbedu  Ii,006,27/06/05/006,Ogun Central,Ifo/Ewekoro
Ogun,27,Ewekoro,06,Elere/Onigbedu,05,A/C School Babalawo,007,27/06/05/007,Ogun Central,Ifo/Ewekoro
Ogun,27,Ewekoro,06,Elere/Onigbedu,05,A/C School Aga - Olowo,008,27/06/05/008,Ogun Central,Ifo/Ewekoro
Ogun,27,Ewekoro,06,Elere/Onigbedu,05,A/C School Atola,009,27/06/05/009,Ogun Central,Ifo/Ewekoro
Ogun,27,Ewekoro,06,Elere/Onigbedu,05,Occhs Field,010,27/06/05/010,Ogun Central,Ifo/Ewekoro
Ogun,27,Ewekoro,06,Elere/Onigbedu,05,Infront Of Baale'S House Elere Adubi,011,27/06/05/011,Ogun Central,Ifo/Ewekoro
Ogun,27,Ewekoro,06,Elere/Onigbedu,05,Open Space At Morekete/Ilefun,012,27/06/05/012,Ogun Central,Ifo/Ewekoro
Ogun,27,Ewekoro,06,Elere/Onigbedu,05,"Open Space Beside Ewekoro Lg Health Centre,Onigbedu",013,27/06/05/013,Ogun Central,Ifo/Ewekoro
Ogun,27,Ewekoro,06,Elere/Onigbedu,05,Open Space At Onijokun Junction,014,27/06/05/014,Ogun Central,Ifo/Ewekoro
Ogun,27,Ewekoro,06,Elere/Onigbedu,05,"Open Space  Beside Ogun Rural Water Project, Morekete",015,27/06/05/015,Ogun Central,Ifo/Ewekoro
Ogun,27,Ewekoro,06,Papalanto,06,Papalanto High School  I,001,27/06/06/001,Ogun Central,Ifo/Ewekoro
Ogun,27,Ewekoro,06,Papalanto,06,Papalanto High School Ii,002,27/06/06/002,Ogun Central,Ifo/Ewekoro
Ogun,27,Ewekoro,06,Papalanto,06,United Central School Isofin,003,27/06/06/003,Ogun Central,Ifo/Ewekoro
Ogun,27,Ewekoro,06,Papalanto,06,L.G. School Ayepe,004,27/06/06/004,Ogun Central,Ifo/Ewekoro
Ogun,27,Ewekoro,06,Papalanto,06,A/C School Wasimi Alafia  I,005,27/06/06/005,Ogun Central,Ifo/Ewekoro
Ogun,27,Ewekoro,06,Papalanto,06,A/C School Wasimi Alafia  Ii,006,27/06/06/006,Ogun Central,Ifo/Ewekoro
Ogun,27,Ewekoro,06,Papalanto,06,Town Hall Abule Odo,007,27/06/06/007,Ogun Central,Ifo/Ewekoro
Ogun,27,Ewekoro,06,Papalanto,06,Open Space At Ewekoro Village  I,008,27/06/06/008,Ogun Central,Ifo/Ewekoro
Ogun,27,Ewekoro,06,Papalanto,06,Open Space At Ewekoro Village  Ii,009,27/06/06/009,Ogun Central,Ifo/Ewekoro
Ogun,27,Ewekoro,06,Papalanto,06,Bapt. School Ewekoro,010,27/06/06/010,Ogun Central,Ifo/Ewekoro
Ogun,27,Ewekoro,06,Papalanto,06,Open Space At Oko Lemo,011,27/06/06/011,Ogun Central,Ifo/Ewekoro
Ogun,27,Ewekoro,06,Papalanto,06,Araromi Area Village Square,012,27/06/06/012,Ogun Central,Ifo/Ewekoro
Ogun,27,Ewekoro,06,Papalanto,06,Open Space At Akinbo Village,013,27/06/06/013,Ogun Central,Ifo/Ewekoro
Ogun,27,Ewekoro,06,Papalanto,06,Open Space At Ajegunle Egbado,014,27/06/06/014,Ogun Central,Ifo/Ewekoro
Ogun,27,Ewekoro,06,Papalanto,06,Open Space At Abule Otun,015,27/06/06/015,Ogun Central,Ifo/Ewekoro
Ogun,27,Ewekoro,06,Papalanto,06,"Community Hall, Ishofin",016,27/06/06/016,Ogun Central,Ifo/Ewekoro
Ogun,27,Ewekoro,06,Papalanto,06,"Cda Town Hall, Ayepe",017,27/06/06/017,Ogun Central,Ifo/Ewekoro
Ogun,27,Ewekoro,06,Papalanto,06,"Community Hall, Surulere Estate, Gudugba",018,27/06/06/018,Ogun Central,Ifo/Ewekoro
Ogun,27,Ewekoro,06,Papalanto,06,"Community Hall, Oriogbo",019,27/06/06/019,Ogun Central,Ifo/Ewekoro
Ogun,27,Ewekoro,06,Papalanto,06,"Open Space Beside Nepa Switch Room,Elebute,Araromi",020,27/06/06/020,Ogun Central,Ifo/Ewekoro
Ogun,27,Ewekoro,06,Papalanto,06,"Open Space Beside Police Post, Ewekoro",021,27/06/06/021,Ogun Central,Ifo/Ewekoro
Ogun,27,Ewekoro,06,Papalanto,06,"Community Health Centre,Ajegunle,Egbado",022,27/06/06/022,Ogun Central,Ifo/Ewekoro
Ogun,27,Ewekoro,06,Papalanto,06,"Town Hall, Ajayi Community,Papalanto",023,27/06/06/023,Ogun Central,Ifo/Ewekoro
Ogun,27,Ewekoro,06,Papalanto,06,Open Space At Emiloju Junction Papalanto,024,27/06/06/024,Ogun Central,Ifo/Ewekoro
Ogun,27,Ewekoro,06,Papalanto,06,"Open Space Beside Public Water Tank,Araromi Quarters",025,27/06/06/025,Ogun Central,Ifo/Ewekoro
Ogun,27,Ewekoro,06,Papalanto,06,Ifelodun Community Town Hall Ishofin,026,27/06/06/026,Ogun Central,Ifo/Ewekoro
Ogun,27,Ewekoro,06,Papalanto,06,Open Space Adjacent Akinbo Transformer Akinbo,027,27/06/06/027,Ogun Central,Ifo/Ewekoro
Ogun,27,Ewekoro,06,Papalanto,06,Open Space Beside Railway Station Ajegunle Egbado,028,27/06/06/028,Ogun Central,Ifo/Ewekoro
Ogun,27,Ewekoro,06,Wasimi,07,Town Hall Wasimi  I,001,27/06/07/001,Ogun Central,Ifo/Ewekoro
Ogun,27,Ewekoro,06,Wasimi,07,Town Hall Wasimi  Ii,002,27/06/07/002,Ogun Central,Ifo/Ewekoro
Ogun,27,Ewekoro,06,Wasimi,07,St. Micheal School Wasimi,003,27/06/07/003,Ogun Central,Ifo/Ewekoro
Ogun,27,Ewekoro,06,Wasimi,07,A/C School Baiye,004,27/06/07/004,Ogun Central,Ifo/Ewekoro
Ogun,27,Ewekoro,06,Wasimi,07,A/C School Awado,005,27/06/07/005,Ogun Central,Ifo/Ewekoro
Ogun,27,Ewekoro,06,Wasimi,07,Open Space At Tepona Village,006,27/06/07/006,Ogun Central,Ifo/Ewekoro
Ogun,27,Ewekoro,06,Wasimi,07,Open Space At Otugade,007,27/06/07/007,Ogun Central,Ifo/Ewekoro
Ogun,27,Ewekoro,06,Wasimi,07,Pry. School Ogbere,008,27/06/07/008,Ogun Central,Ifo/Ewekoro
Ogun,27,Ewekoro,06,Wasimi,07,A/C School Loti,009,27/06/07/009,Ogun Central,Ifo/Ewekoro
Ogun,27,Ewekoro,06,Wasimi,07,Lemo Village [Formerly Under Itori,010,27/06/07/010,Ogun Central,Ifo/Ewekoro
Ogun,27,Ewekoro,06,Wasimi,07,"Baptist Central Nursery/ Pry School, Wasimi",011,27/06/07/011,Ogun Central,Ifo/Ewekoro
Ogun,27,Ewekoro,06,Wasimi,07,"Open Space Beside Public Water Tank, Boluferin/Elekuro",012,27/06/07/012,Ogun Central,Ifo/Ewekoro
Ogun,27,Ewekoro,06,Mosan,08,Open Space At Ade-Agba Village Square,001,27/06/08/001,Ogun Central,Ifo/Ewekoro
Ogun,27,Ewekoro,06,Mosan,08,Open Space At Osupori Village Square,002,27/06/08/002,Ogun Central,Ifo/Ewekoro
Ogun,27,Ewekoro,06,Mosan,08,Pry. School Mosan,003,27/06/08/003,Ogun Central,Ifo/Ewekoro
Ogun,27,Ewekoro,06,Mosan,08,Pry. School Oteyi Olokuta,004,27/06/08/004,Ogun Central,Ifo/Ewekoro
Ogun,27,Ewekoro,06,Mosan,08,Pry. School Sigo Opalola,005,27/06/08/005,Ogun Central,Ifo/Ewekoro
Ogun,27,Ewekoro,06,Mosan,08,Wasimi Orile,006,27/06/08/006,Ogun Central,Ifo/Ewekoro
Ogun,27,Ewekoro,06,Mosan,08,Isale Station  I,007,27/06/08/007,Ogun Central,Ifo/Ewekoro
Ogun,27,Ewekoro,06,Mosan,08,Isale Station  Ii,008,27/06/08/008,Ogun Central,Ifo/Ewekoro
Ogun,27,Ewekoro,06,Mosan,08,Pry. School Igbin Ojo,009,27/06/08/009,Ogun Central,Ifo/Ewekoro
Ogun,27,Ewekoro,06,Mosan,08,Teemu Village,010,27/06/08/010,Ogun Central,Ifo/Ewekoro
Ogun,27,Ewekoro,06,Mosan,08,Igbin Arowosegbe Village,011,27/06/08/011,Ogun Central,Ifo/Ewekoro
Ogun,27,Ewekoro,06,Owowo,09,Bapt. School Akinale,001,27/06/09/001,Ogun Central,Ifo/Ewekoro
Ogun,27,Ewekoro,06,Owowo,09,A/C School Owowo,002,27/06/09/002,Ogun Central,Ifo/Ewekoro
Ogun,27,Ewekoro,06,Owowo,09,Pry. School Ijumo-Ologboni,003,27/06/09/003,Ogun Central,Ifo/Ewekoro
Ogun,27,Ewekoro,06,Owowo,09,A.U.D. School Eleyele,004,27/06/09/004,Ogun Central,Ifo/Ewekoro
Ogun,27,Ewekoro,06,Owowo,09,A/C School Akinbiye,005,27/06/09/005,Ogun Central,Ifo/Ewekoro
Ogun,27,Ewekoro,06,Owowo,09,Owowo High School,006,27/06/09/006,Ogun Central,Ifo/Ewekoro
Ogun,27,Ewekoro,06,Owowo,09,Akinjole Village Square,007,27/06/09/007,Ogun Central,Ifo/Ewekoro
Ogun,27,Ewekoro,06,Owowo,09,"Health Centre, Owowo",008,27/06/09/008,Ogun Central,Ifo/Ewekoro
Ogun,27,Ewekoro,06,Obada-Oko,10,St. John School Ayedere,001,27/06/10/001,Ogun Central,Ifo/Ewekoro
Ogun,27,Ewekoro,06,Obada-Oko,10,Iwokun Village,002,27/06/10/002,Ogun Central,Ifo/Ewekoro
Ogun,27,Ewekoro,06,Obada-Oko,10,Pakudi,003,27/06/10/003,Ogun Central,Ifo/Ewekoro
Ogun,27,Ewekoro,06,Obada-Oko,10,Town Hall Obada-Oko,004,27/06/10/004,Ogun Central,Ifo/Ewekoro
Ogun,27,Ewekoro,06,Obada-Oko,10,Ogunsolu,005,27/06/10/005,Ogun Central,Ifo/Ewekoro
Ogun,27,Ewekoro,06,Obada-Oko,10,Iyana Ikereku,006,27/06/10/006,Ogun Central,Ifo/Ewekoro
Ogun,27,Ewekoro,06,Obada-Oko,10,Market Area Obada-Oko,007,27/06/10/007,Ogun Central,Ifo/Ewekoro
Ogun,27,Ewekoro,06,Obada-Oko,10,Asipa Village,008,27/06/10/008,Ogun Central,Ifo/Ewekoro
Ogun,27,Ewekoro,06,Obada-Oko,10,Banjoko,009,27/06/10/009,Ogun Central,Ifo/Ewekoro
Ogun,27,Ewekoro,06,Obada-Oko,10,"Community Nursery / Pry School, Igbore,Obada Oko",010,27/06/10/010,Ogun Central,Ifo/Ewekoro
Ogun,27,Ewekoro,06,Obada-Oko,10,"Owiwi Nursery/Pry School, Obada Oko",011,27/06/10/011,Ogun Central,Ifo/Ewekoro
Ogun,27,Ewekoro,06,Obada-Oko,10,"Open Space Beside Town Hall, Abule Ake,Obada Oko",012,27/06/10/012,Ogun Central,Ifo/Ewekoro
Ogun,27,Ewekoro,06,Obada-Oko,10,"Olumo Nursery/ Pry School, Ayeloja",013,27/06/10/013,Ogun Central,Ifo/Ewekoro
Ogun,27,Ewekoro,06,Obada-Oko,10,In Front Of Mtn Mast Kondo Eleja Village,014,27/06/10/014,Ogun Central,Ifo/Ewekoro
Ogun,27,Ewekoro,06,Obada-Oko,10,Open Space Adjacent O-Square Hotel Obada Oko,015,27/06/10/015,Ogun Central,Ifo/Ewekoro
Ogun,27,Ewekoro,06,Obada-Oko,10,"L.G Pry Health Centre, Obada Oko",016,27/06/10/016,Ogun Central,Ifo/Ewekoro
Ogun,27,Ewekoro,06,Obada-Oko,10,"L.G Health Centre, Banjoko",017,27/06/10/017,Ogun Central,Ifo/Ewekoro
Ogun,27,Ifo,07,Ifo I,01,Isopako  I,001,27/07/01/001,Ogun Central,Ifo/Ewekoro
Ogun,27,Ifo,07,Ifo I,01,Isopako  Ii,002,27/07/01/002,Ogun Central,Ifo/Ewekoro
Ogun,27,Ifo,07,Ifo I,01,Front Of Mosque  I,003,27/07/01/003,Ogun Central,Ifo/Ewekoro
Ogun,27,Ifo,07,Ifo I,01,Front Of Mosque  Ii,004,27/07/01/004,Ogun Central,Ifo/Ewekoro
Ogun,27,Ifo,07,Ifo I,01,Front Of Mosque  Iii,005,27/07/01/005,Ogun Central,Ifo/Ewekoro
Ogun,27,Ifo,07,Ifo I,01,Adenrele Pry. School  I,006,27/07/01/006,Ogun Central,Ifo/Ewekoro
Ogun,27,Ifo,07,Ifo I,01,Adenrele Pry. School  Ii,007,27/07/01/007,Ogun Central,Ifo/Ewekoro
Ogun,27,Ifo,07,Ifo I,01,Olose Pry. School  I,008,27/07/01/008,Ogun Central,Ifo/Ewekoro
Ogun,27,Ifo,07,Ifo I,01,Olose Pry. School  Ii,009,27/07/01/009,Ogun Central,Ifo/Ewekoro
Ogun,27,Ifo,07,Ifo I,01,Agric. Phase  I,010,27/07/01/010,Ogun Central,Ifo/Ewekoro
Ogun,27,Ifo,07,Ifo I,01,Agric. Phase  Ii,011,27/07/01/011,Ogun Central,Ifo/Ewekoro
Ogun,27,Ifo,07,Ifo I,01,Agric. Phase  Iii,012,27/07/01/012,Ogun Central,Ifo/Ewekoro
Ogun,27,Ifo,07,Ifo I,01,Open Space Ifelodun Community Isopako,013,27/07/01/013,Ogun Central,Ifo/Ewekoro
Ogun,27,Ifo,07,Ifo I,01,T. Junction Olohunda Community Isopako,014,27/07/01/014,Ogun Central,Ifo/Ewekoro
Ogun,27,Ifo,07,Ifo I,01,"Agbeloba/Akorede Junction Vespa, Ifo",015,27/07/01/015,Ogun Central,Ifo/Ewekoro
Ogun,27,Ifo,07,Ifo I,01,"Open Space Back Of Access,Ike Anobi Junction Iso Pako",016,27/07/01/016,Ogun Central,Ifo/Ewekoro
Ogun,27,Ifo,07,Ifo I,01,"Community Pry Sch Abata Bungalow, Ifo",017,27/07/01/017,Ogun Central,Ifo/Ewekoro
Ogun,27,Ifo,07,Ifo I,01,"Open Space Ilupeju Community, Vespa, Ifo",018,27/07/01/018,Ogun Central,Ifo/Ewekoro
Ogun,27,Ifo,07,Ifo I,01,"Open Space Ifelodun Junction Iso Fufu, Ifo",019,27/07/01/019,Ogun Central,Ifo/Ewekoro
Ogun,27,Ifo,07,Ifo I,01,"Open Space Near Transformer, Abata Tuntun, Eyin Ope, Ifo",020,27/07/01/020,Ogun Central,Ifo/Ewekoro
Ogun,27,Ifo,07,Ifo I,01,"Open Space Under Water Tank Oke-Ola, Ifo",021,27/07/01/021,Ogun Central,Ifo/Ewekoro
Ogun,27,Ifo,07,Ifo I,01,Open Space Rex-Age Adenrele Ifo,022,27/07/01/022,Ogun Central,Ifo/Ewekoro
Ogun,27,Ifo,07,Ifo I,01,"Open Space Mikel Gas Abata Junction, Ifo",023,27/07/01/023,Ogun Central,Ifo/Ewekoro
Ogun,27,Ifo,07,Ifo I,01,"N.U.D Pry School Olose, Ifo",024,27/07/01/024,Ogun Central,Ifo/Ewekoro
Ogun,27,Ifo,07,Ifo I,01,Open Space Tolu Olajide/Alfa Saka Isopako,025,27/07/01/025,Ogun Central,Ifo/Ewekoro
Ogun,27,Ifo,07,Ifo I,01,"T.Junction Opeyemi Isopako, Ifo",026,27/07/01/026,Ogun Central,Ifo/Ewekoro
Ogun,27,Ifo,07,Ifo Ii,02,R.C.M. School  I,001,27/07/02/001,Ogun Central,Ifo/Ewekoro
Ogun,27,Ifo,07,Ifo Ii,02,R.C.M. School  Ii,002,27/07/02/002,Ogun Central,Ifo/Ewekoro
Ogun,27,Ifo,07,Ifo Ii,02,R.C.M. School  Iii,003,27/07/02/003,Ogun Central,Ifo/Ewekoro
Ogun,27,Ifo,07,Ifo Ii,02,Okenla Road  I,004,27/07/02/004,Ogun Central,Ifo/Ewekoro
Ogun,27,Ifo,07,Ifo Ii,02,Okenla Road  Ii,005,27/07/02/005,Ogun Central,Ifo/Ewekoro
Ogun,27,Ifo,07,Ifo Ii,02,Front Of Emmanuel Church I,006,27/07/02/006,Ogun Central,Ifo/Ewekoro
Ogun,27,Ifo,07,Ifo Ii,02,Front Of Emmanuel Churech Ii,007,27/07/02/007,Ogun Central,Ifo/Ewekoro
Ogun,27,Ifo,07,Ifo Ii,02,Hausa Quarters  I,008,27/07/02/008,Ogun Central,Ifo/Ewekoro
Ogun,27,Ifo,07,Ifo Ii,02,Hausa Quarters  Ii,009,27/07/02/009,Ogun Central,Ifo/Ewekoro
Ogun,27,Ifo,07,Ifo Ii,02,Coker Road Junction  I,010,27/07/02/010,Ogun Central,Ifo/Ewekoro
Ogun,27,Ifo,07,Ifo Ii,02,Coker Road Junction  Ii,011,27/07/02/011,Ogun Central,Ifo/Ewekoro
Ogun,27,Ifo,07,Ifo Ii,02,Craig Lane Ilupeju  I,012,27/07/02/012,Ogun Central,Ifo/Ewekoro
Ogun,27,Ifo,07,Ifo Ii,02,Craig Lane Ilupeju  Ii,013,27/07/02/013,Ogun Central,Ifo/Ewekoro
Ogun,27,Ifo,07,Ifo Ii,02,"Ikorita Meje Junction, Ifo",014,27/07/02/014,Ogun Central,Ifo/Ewekoro
Ogun,27,Ifo,07,Ifo Ii,02,"Okenla Pry. School Okenla, Ifo",015,27/07/02/015,Ogun Central,Ifo/Ewekoro
Ogun,27,Ifo,07,Ifo Ii,02,"Anglican Grammar School, Ifo",016,27/07/02/016,Ogun Central,Ifo/Ewekoro
Ogun,27,Ifo,07,Ifo Ii,02,"Open Space, Temidire Junction Oke Nla, Ifo",017,27/07/02/017,Ogun Central,Ifo/Ewekoro
Ogun,27,Ifo,07,Ifo Ii,02,"Junction Oko Ireke Community Ayedaade, Ifo",018,27/07/02/018,Ogun Central,Ifo/Ewekoro
Ogun,27,Ifo,07,Ifo Ii,02,"Global Junction Galilee Oke Nla, Ifo",019,27/07/02/019,Ogun Central,Ifo/Ewekoro
Ogun,27,Ifo,07,Ifo Ii,02,"Opposite Post Office Nitel Road, Ifo",020,27/07/02/020,Ogun Central,Ifo/Ewekoro
Ogun,27,Ifo,07,Ifo Ii,02,"Ifo High School, Ifo",021,27/07/02/021,Ogun Central,Ifo/Ewekoro
Ogun,27,Ifo,07,Ifo Ii,02,"Open Space, Akinhanmi Junction I. Market Area, Ifo",022,27/07/02/022,Ogun Central,Ifo/Ewekoro
Ogun,27,Ifo,07,Ifo Ii,02,"Open Space, Akinhanmi Junction. Ii Market Area, Ifo",023,27/07/02/023,Ogun Central,Ifo/Ewekoro
Ogun,27,Ifo,07,Ifo Ii,02,"Orisunmibare By Alafia Junction, Orisunmibare, Ifo",024,27/07/02/024,Ogun Central,Ifo/Ewekoro
Ogun,27,Ifo,07,Ifo Ii,02,"Oluwaloseyi, Abc Road, Okenla Extension, Ifo",025,27/07/02/025,Ogun Central,Ifo/Ewekoro
Ogun,27,Ifo,07,Ifo Ii,02,"Fadarori Community, Ilupeju Ifo",026,27/07/02/026,Ogun Central,Ifo/Ewekoro
Ogun,27,Ifo,07,Ifo Iii,03,Oluomo-Road,001,27/07/03/001,Ogun Central,Ifo/Ewekoro
Ogun,27,Ifo,07,Ifo Iii,03,Williams House  I,002,27/07/03/002,Ogun Central,Ifo/Ewekoro
Ogun,27,Ifo,07,Ifo Iii,03,Williams House  Ii,003,27/07/03/003,Ogun Central,Ifo/Ewekoro
Ogun,27,Ifo,07,Ifo Iii,03,Orile Ifo  Ii,004,27/07/03/004,Ogun Central,Ifo/Ewekoro
Ogun,27,Ifo,07,Ifo Iii,03,Orile Ifo (Opp. Apata Mosque),005,27/07/03/005,Ogun Central,Ifo/Ewekoro
Ogun,27,Ifo,07,Ifo Iii,03,Alfa Salisu/Yidi  I,006,27/07/03/006,Ogun Central,Ifo/Ewekoro
Ogun,27,Ifo,07,Ifo Iii,03,Alfa Salisu/Yidi  Ii,007,27/07/03/007,Ogun Central,Ifo/Ewekoro
Ogun,27,Ifo,07,Ifo Iii,03,Alfa Salisu/Yidi  Iii,008,27/07/03/008,Ogun Central,Ifo/Ewekoro
Ogun,27,Ifo,07,Ifo Iii,03,Front Of Seriki House I,009,27/07/03/009,Ogun Central,Ifo/Ewekoro
Ogun,27,Ifo,07,Ifo Iii,03,Front Of Seriki House Ii,010,27/07/03/010,Ogun Central,Ifo/Ewekoro
Ogun,27,Ifo,07,Ifo Iii,03,Agosi Estate  I,011,27/07/03/011,Ogun Central,Ifo/Ewekoro
Ogun,27,Ifo,07,Ifo Iii,03,Agosi Estate  Ii,012,27/07/03/012,Ogun Central,Ifo/Ewekoro
Ogun,27,Ifo,07,Ifo Iii,03,Agosi Estate  Iii,013,27/07/03/013,Ogun Central,Ifo/Ewekoro
Ogun,27,Ifo,07,Ifo Iii,03,Near Idere Bakery  I,014,27/07/03/014,Ogun Central,Ifo/Ewekoro
Ogun,27,Ifo,07,Ifo Iii,03,Near Idere Bakery  Ii,015,27/07/03/015,Ogun Central,Ifo/Ewekoro
Ogun,27,Ifo,07,Ifo Iii,03,Abekoko Right  I,016,27/07/03/016,Ogun Central,Ifo/Ewekoro
Ogun,27,Ifo,07,Ifo Iii,03,Abekoko Right  Ii,017,27/07/03/017,Ogun Central,Ifo/Ewekoro
Ogun,27,Ifo,07,Ifo Iii,03,Abekoko Right  Iii,018,27/07/03/018,Ogun Central,Ifo/Ewekoro
Ogun,27,Ifo,07,Ifo Iii,03,Oluomo'S Quarters  I,019,27/07/03/019,Ogun Central,Ifo/Ewekoro
Ogun,27,Ifo,07,Ifo Iii,03,Oluomo'S Quarters  Ii,020,27/07/03/020,Ogun Central,Ifo/Ewekoro
Ogun,27,Ifo,07,Ifo Iii,03,Local Govt. Sch. Abekoko I,021,27/07/03/021,Ogun Central,Ifo/Ewekoro
Ogun,27,Ifo,07,Ifo Iii,03,Local Govt. Sch. Abekoko Ii,022,27/07/03/022,Ogun Central,Ifo/Ewekoro
Ogun,27,Ifo,07,Ifo Iii,03,Local Govt. Sch. Abekoko Iii,023,27/07/03/023,Ogun Central,Ifo/Ewekoro
Ogun,27,Ifo,07,Ifo Iii,03,Olu-Omo Road Ii,024,27/07/03/024,Ogun Central,Ifo/Ewekoro
Ogun,27,Ifo,07,Ifo Iii,03,"Open Space Ifelodun Araromi Quarters, Ifo",025,27/07/03/025,Ogun Central,Ifo/Ewekoro
Ogun,27,Ifo,07,Ifo Iii,03,Community Nur.Pry.Sch. Orile Ifo,026,27/07/03/026,Ogun Central,Ifo/Ewekoro
Ogun,27,Ifo,07,Ifo Iii,03,"Open Space Alamuku Sojuolu , Ifo(Lateco Junction)",027,27/07/03/027,Ogun Central,Ifo/Ewekoro
Ogun,27,Ifo,07,Ifo Iii,03,Open Space So-Safe Corp Ground Sojuolu Road Ifo,028,27/07/03/028,Ogun Central,Ifo/Ewekoro
Ogun,27,Ifo,07,Ifo Iii,03,"Open Space Omotayo Junction, Ifo",029,27/07/03/029,Ogun Central,Ifo/Ewekoro
Ogun,27,Ifo,07,Ifo Iii,03,"Open Space Back Of Railline Seriki, Ifo",030,27/07/03/030,Ogun Central,Ifo/Ewekoro
Ogun,27,Ifo,07,Ifo Iii,03,"Open Space Ojerinde Junction Old Bank, Ifo",031,27/07/03/031,Ogun Central,Ifo/Ewekoro
Ogun,27,Ifo,07,Ifo Iii,03,"Open Space At Agosi Primary Health Center, Ifo",032,27/07/03/032,Ogun Central,Ifo/Ewekoro
Ogun,27,Ifo,07,Ifo Iii,03,"Community Primary School Olomu Agosi, Ifo",033,27/07/03/033,Ogun Central,Ifo/Ewekoro
Ogun,27,Ifo,07,Ifo Iii,03,"Open Space At Power Line Agosi, Ifo",034,27/07/03/034,Ogun Central,Ifo/Ewekoro
Ogun,27,Ifo,07,Ifo Iii,03,"Open Space,Oreofe Junction Ajowa, Ifo",035,27/07/03/035,Ogun Central,Ifo/Ewekoro
Ogun,27,Ifo,07,Ifo Iii,03,"Emily Community Primary School Emily Ajowa, Ifo",036,27/07/03/036,Ogun Central,Ifo/Ewekoro
Ogun,27,Ifo,07,Ifo Iii,03,"Open Space, Adebote Street Ajowa Abekoko, Ifo",037,27/07/03/037,Ogun Central,Ifo/Ewekoro
Ogun,27,Ifo,07,Ifo Iii,03,"Adebowale Junction Bokuru Temidire Town, Ifo",038,27/07/03/038,Ogun Central,Ifo/Ewekoro
Ogun,27,Ifo,07,Ifo Iii,03,"Open Space At Mercy Land Junction Vital Link, Ifo",039,27/07/03/039,Ogun Central,Ifo/Ewekoro
Ogun,27,Ifo,07,Ifo Iii,03,"Open Space Darul-Mumeen Avenue Junction Alamuku, Ifo",040,27/07/03/040,Ogun Central,Ifo/Ewekoro
Ogun,27,Ifo,07,Agbado,04,N.U.D. School  I,001,27/07/04/001,Ogun Central,Ifo/Ewekoro
Ogun,27,Ifo,07,Agbado,04,N.U.D. School  Ii,002,27/07/04/002,Ogun Central,Ifo/Ewekoro
Ogun,27,Ifo,07,Agbado,04,N.U.D. School  Iii,003,27/07/04/003,Ogun Central,Ifo/Ewekoro
Ogun,27,Ifo,07,Agbado,04,Court Junction  I,004,27/07/04/004,Ogun Central,Ifo/Ewekoro
Ogun,27,Ifo,07,Agbado,04,Court Junction  Ii,005,27/07/04/005,Ogun Central,Ifo/Ewekoro
Ogun,27,Ifo,07,Agbado,04,Court Junction  Iii,006,27/07/04/006,Ogun Central,Ifo/Ewekoro
Ogun,27,Ifo,07,Agbado,04,"A.C. School, Agbado  I",007,27/07/04/007,Ogun Central,Ifo/Ewekoro
Ogun,27,Ifo,07,Agbado,04,"A.C. School, Agbado  Ii",008,27/07/04/008,Ogun Central,Ifo/Ewekoro
Ogun,27,Ifo,07,Agbado,04,"A.C. School, Agbado  Iii",009,27/07/04/009,Ogun Central,Ifo/Ewekoro
Ogun,27,Ifo,07,Agbado,04,Akera  I,010,27/07/04/010,Ogun Central,Ifo/Ewekoro
Ogun,27,Ifo,07,Agbado,04,Akera  Ii,011,27/07/04/011,Ogun Central,Ifo/Ewekoro
Ogun,27,Ifo,07,Agbado,04,L.G.A. Office  I,012,27/07/04/012,Ogun Central,Ifo/Ewekoro
Ogun,27,Ifo,07,Agbado,04,L.G.A. Office  Ii,013,27/07/04/013,Ogun Central,Ifo/Ewekoro
Ogun,27,Ifo,07,Agbado,04,Market  I,014,27/07/04/014,Ogun Central,Ifo/Ewekoro
Ogun,27,Ifo,07,Agbado,04,Market  Ii,015,27/07/04/015,Ogun Central,Ifo/Ewekoro
Ogun,27,Ifo,07,Agbado,04,Market  Iii,016,27/07/04/016,Ogun Central,Ifo/Ewekoro
Ogun,27,Ifo,07,Agbado,04,Isaga Abosule  I,017,27/07/04/017,Ogun Central,Ifo/Ewekoro
Ogun,27,Ifo,07,Agbado,04,Isaga Abosule  Ii,018,27/07/04/018,Ogun Central,Ifo/Ewekoro
Ogun,27,Ifo,07,Agbado,04,Isaga Abosule  Iii,019,27/07/04/019,Ogun Central,Ifo/Ewekoro
Ogun,27,Ifo,07,Agbado,04,Power Line  I,020,27/07/04/020,Ogun Central,Ifo/Ewekoro
Ogun,27,Ifo,07,Agbado,04,Power Line  Ii,021,27/07/04/021,Ogun Central,Ifo/Ewekoro
Ogun,27,Ifo,07,Agbado,04,Adubuleja  I,022,27/07/04/022,Ogun Central,Ifo/Ewekoro
Ogun,27,Ifo,07,Agbado,04,Adubuleja  Ii,023,27/07/04/023,Ogun Central,Ifo/Ewekoro
Ogun,27,Ifo,07,Agbado,04,Railway Crossing  I,024,27/07/04/024,Ogun Central,Ifo/Ewekoro
Ogun,27,Ifo,07,Agbado,04,Railway Crossing  Ii,025,27/07/04/025,Ogun Central,Ifo/Ewekoro
Ogun,27,Ifo,07,Agbado,04,Aboro Area  I,026,27/07/04/026,Ogun Central,Ifo/Ewekoro
Ogun,27,Ifo,07,Agbado,04,Aboro Area  Ii,027,27/07/04/027,Ogun Central,Ifo/Ewekoro
Ogun,27,Ifo,07,Agbado,04,Aboro Area  Iii,028,27/07/04/028,Ogun Central,Ifo/Ewekoro
Ogun,27,Ifo,07,Agbado,04,Jesu Oseun (Akara)  I,029,27/07/04/029,Ogun Central,Ifo/Ewekoro
Ogun,27,Ifo,07,Agbado,04,Jesu Oseun (Akara)  Ii,030,27/07/04/030,Ogun Central,Ifo/Ewekoro
Ogun,27,Ifo,07,Agbado,04,C.D.C. Office (Oremerin) I,031,27/07/04/031,Ogun Central,Ifo/Ewekoro
Ogun,27,Ifo,07,Agbado,04,C.D.C. Office (Oremerin) Ii,032,27/07/04/032,Ogun Central,Ifo/Ewekoro
Ogun,27,Ifo,07,Agbado,04,Open Space Ifelodun Junction Agbado,033,27/07/04/033,Ogun Central,Ifo/Ewekoro
Ogun,27,Ifo,07,Agbado,04,Open Space Odo Oba Str. Agbado,034,27/07/04/034,Ogun Central,Ifo/Ewekoro
Ogun,27,Ifo,07,Agbado,04,Open Space Unity Avenue Agbado,035,27/07/04/035,Ogun Central,Ifo/Ewekoro
Ogun,27,Ifo,07,Agbado,04,"Open Space Elefonde Junction, Agbado",036,27/07/04/036,Ogun Central,Ifo/Ewekoro
Ogun,27,Ifo,07,Agbado,04,Open Space Alfa Nla Junction Owonikoko Agbado,037,27/07/04/037,Ogun Central,Ifo/Ewekoro
Ogun,27,Ifo,07,Agbado,04,"Owonikoko Community Hall, Agbado",038,27/07/04/038,Ogun Central,Ifo/Ewekoro
Ogun,27,Ifo,07,Agbado,04,Open Space Iyaniwura Juction Owonikoko Agbado,039,27/07/04/039,Ogun Central,Ifo/Ewekoro
Ogun,27,Ifo,07,Agbado,04,Open Space Taiwo Ojikutu Agbado,040,27/07/04/040,Ogun Central,Ifo/Ewekoro
Ogun,27,Ifo,07,Agbado,04,Open Space Babs Adetoro Junction Aboro,041,27/07/04/041,Ogun Central,Ifo/Ewekoro
Ogun,27,Ifo,07,Agbado,04,Open Space Onikeku Junction Aboro,042,27/07/04/042,Ogun Central,Ifo/Ewekoro
Ogun,27,Ifo,07,Agbado,04,Open Space Idowu Junction Akera I,043,27/07/04/043,Ogun Central,Ifo/Ewekoro
Ogun,27,Ifo,07,Agbado,04,Open Space Akindele Junction Akera,044,27/07/04/044,Ogun Central,Ifo/Ewekoro
Ogun,27,Ifo,07,Agbado,04,Open Space Shonde Junction Off Agbado,045,27/07/04/045,Ogun Central,Ifo/Ewekoro
Ogun,27,Ifo,07,Agbado,04,Open Space Orelope  Junction Mapara,046,27/07/04/046,Ogun Central,Ifo/Ewekoro
Ogun,27,Ifo,07,Agbado,04,Open Space At Power Line Water Supply Agbado,047,27/07/04/047,Ogun Central,Ifo/Ewekoro
Ogun,27,Ifo,07,Agbado,04,Open Space Ile Ise Junction Agbado,048,27/07/04/048,Ogun Central,Ifo/Ewekoro
Ogun,27,Ifo,07,Agbado,04,Open Space Sola Oyeleye Junction Abosule Isaga,049,27/07/04/049,Ogun Central,Ifo/Ewekoro
Ogun,27,Ifo,07,Agbado,04,Open Space Asunje Junction Agbado,050,27/07/04/050,Ogun Central,Ifo/Ewekoro
Ogun,27,Ifo,07,Agbado,04,Open Space Jubril Liasu Junction Agbado,051,27/07/04/051,Ogun Central,Ifo/Ewekoro
Ogun,27,Ifo,07,Agbado,04,Open Space Sawmill Adiyan,052,27/07/04/052,Ogun Central,Ifo/Ewekoro
Ogun,27,Ifo,07,Agbado,04,"Open Space Muri Abiola Ojuekun, Eid Ground",053,27/07/04/053,Ogun Central,Ifo/Ewekoro
Ogun,27,Ifo,07,Agbado,04,"Open Space Oyeyuwo, Oyewuwo",054,27/07/04/054,Ogun Central,Ifo/Ewekoro
Ogun,27,Ifo,07,Agbado,04,Open Space Surulere Abatan,055,27/07/04/055,Ogun Central,Ifo/Ewekoro
Ogun,27,Ifo,07,Agbado,04,Open Space Olaoluwa Junction Oremerin,056,27/07/04/056,Ogun Central,Ifo/Ewekoro
Ogun,27,Ifo,07,Agbado,04,"Open Space Falolu Junction By Market, Agbado",057,27/07/04/057,Ogun Central,Ifo/Ewekoro
Ogun,27,Ifo,07,Agbado,04,"Open Space Ago Alagbede, Ago Alagbede",058,27/07/04/058,Ogun Central,Ifo/Ewekoro
Ogun,27,Ifo,07,Agbado,04,"Open Space Idowu Akera Junction, Akera Ii",059,27/07/04/059,Ogun Central,Ifo/Ewekoro
Ogun,27,Ifo,07,Agbado,04,Open Space Niyi Adeniran Junction Akera,060,27/07/04/060,Ogun Central,Ifo/Ewekoro
Ogun,27,Ifo,07,Agbado,04,Open Space Aina Junction Adubuleja,061,27/07/04/061,Ogun Central,Ifo/Ewekoro
Ogun,27,Ifo,07,Agbado,04,Open Space Ogunbote Junction Adubuleja,062,27/07/04/062,Ogun Central,Ifo/Ewekoro
Ogun,27,Ifo,07,Agbado,04,"Open Space Adeyemi Junction, Adubuleja",063,27/07/04/063,Ogun Central,Ifo/Ewekoro
Ogun,27,Ifo,07,Agbado,04,"Open Space Fadipe Str, Adubuleja",064,27/07/04/064,Ogun Central,Ifo/Ewekoro
Ogun,27,Ifo,07,Agbado,04,Open Space Ramoni Amusa Junction Dalemo,065,27/07/04/065,Ogun Central,Ifo/Ewekoro
Ogun,27,Ifo,07,Agbado,04,Open Space Ayoola Edun Junction Abosule,066,27/07/04/066,Ogun Central,Ifo/Ewekoro
Ogun,27,Ifo,07,Agbado,04,Open Space Badmus Str. Eid  Off Oluwatosin,067,27/07/04/067,Ogun Central,Ifo/Ewekoro
Ogun,27,Ifo,07,Agbado,04,"Open Space Blue House Junction Memodu Street, Yidi",068,27/07/04/068,Ogun Central,Ifo/Ewekoro
Ogun,27,Ifo,07,Agbado,04,Open Space Alabi Mustapha Junction Banke Area,069,27/07/04/069,Ogun Central,Ifo/Ewekoro
Ogun,27,Ifo,07,Agbado,04,Open Space Fatai Nasiru Junction Isaga Abosule,070,27/07/04/070,Ogun Central,Ifo/Ewekoro
Ogun,27,Ifo,07,Agbado,04,"Open Space Aregbe Junction Near Govt. Bakery, Aregbe Ore Merin",071,27/07/04/071,Ogun Central,Ifo/Ewekoro
Ogun,27,Ifo,07,Iseri,05,"School Premises, Iseri  I",001,27/07/05/001,Ogun Central,Ifo/Ewekoro
Ogun,27,Ifo,07,Iseri,05,"School Premises, Iseri  Ii",002,27/07/05/002,Ogun Central,Ifo/Ewekoro
Ogun,27,Ifo,07,Iseri,05,Mawere,003,27/07/05/003,Ogun Central,Ifo/Ewekoro
Ogun,27,Ifo,07,Iseri,05,Iwo Juction  I,004,27/07/05/004,Ogun Central,Ifo/Ewekoro
Ogun,27,Ifo,07,Iseri,05,Iwo Juction  Ii,005,27/07/05/005,Ogun Central,Ifo/Ewekoro
Ogun,27,Ifo,07,Iseri,05,Iwo Juction  Iii,006,27/07/05/006,Ogun Central,Ifo/Ewekoro
Ogun,27,Ifo,07,Iseri,05,Kajola Junction  I,007,27/07/05/007,Ogun Central,Ifo/Ewekoro
Ogun,27,Ifo,07,Iseri,05,Kajola Junction  Ii,008,27/07/05/008,Ogun Central,Ifo/Ewekoro
Ogun,27,Ifo,07,Iseri,05,Yakoyo  I,009,27/07/05/009,Ogun Central,Ifo/Ewekoro
Ogun,27,Ifo,07,Iseri,05,Yakoyo  Ii,010,27/07/05/010,Ogun Central,Ifo/Ewekoro
Ogun,27,Ifo,07,Iseri,05,"School Premises, Ojodu  I",011,27/07/05/011,Ogun Central,Ifo/Ewekoro
Ogun,27,Ifo,07,Iseri,05,"School Premises, Ojodu  Ii",012,27/07/05/012,Ogun Central,Ifo/Ewekoro
Ogun,27,Ifo,07,Iseri,05,"School Premises, Ojodu  Iii",013,27/07/05/013,Ogun Central,Ifo/Ewekoro
Ogun,27,Ifo,07,Iseri,05,"School Premises, Ojodu  Iv",014,27/07/05/014,Ogun Central,Ifo/Ewekoro
Ogun,27,Ifo,07,Iseri,05,Wariwa/Baoku Village  I,015,27/07/05/015,Ogun Central,Ifo/Ewekoro
Ogun,27,Ifo,07,Iseri,05,Wariwa/Baoku Village  Ii,016,27/07/05/016,Ogun Central,Ifo/Ewekoro
Ogun,27,Ifo,07,Iseri,05,Igbehin Adun  I,017,27/07/05/017,Ogun Central,Ifo/Ewekoro
Ogun,27,Ifo,07,Iseri,05,Igbehin Adun  Ii,018,27/07/05/018,Ogun Central,Ifo/Ewekoro
Ogun,27,Ifo,07,Iseri,05,C.M.S. Ago-Ijaye,019,27/07/05/019,Ogun Central,Ifo/Ewekoro
Ogun,27,Ifo,07,Iseri,05,Open Space Madonna Estate,020,27/07/05/020,Ogun Central,Ifo/Ewekoro
Ogun,27,Ifo,07,Iseri,05,Baba Sule Junction Ojodu,021,27/07/05/021,Ogun Central,Ifo/Ewekoro
Ogun,27,Ifo,07,Iseri,05,Open Space Kings Avenue Ojodu,022,27/07/05/022,Ogun Central,Ifo/Ewekoro
Ogun,27,Ifo,07,Iseri,05,Open Space Food Union Kajola,023,27/07/05/023,Ogun Central,Ifo/Ewekoro
Ogun,27,Ifo,07,Iseri,05,Open Space Emakirun Junction Kajola,024,27/07/05/024,Ogun Central,Ifo/Ewekoro
Ogun,27,Ifo,07,Iseri,05,Open Space Adigboluja Street Iwo Junction,025,27/07/05/025,Ogun Central,Ifo/Ewekoro
Ogun,27,Ifo,07,Iseri,05,Open Space Islamic Junction By Omotola,026,27/07/05/026,Ogun Central,Ifo/Ewekoro
Ogun,27,Ifo,07,Iseri,05,Open Space Oladejo Junction Igbeyinadun,027,27/07/05/027,Ogun Central,Ifo/Ewekoro
Ogun,27,Ifo,07,Iseri,05,Open Space Agbedina Junction Yakoyo,028,27/07/05/028,Ogun Central,Ifo/Ewekoro
Ogun,27,Ifo,07,Iseri,05,Open Space Adebisi Adebambo Junction Yakoyo,029,27/07/05/029,Ogun Central,Ifo/Ewekoro
Ogun,27,Ifo,07,Iseri,05,Open Space Opp. Just Rite Ojodu,030,27/07/05/030,Ogun Central,Ifo/Ewekoro
Ogun,27,Ifo,07,Iseri,05,Open Space Isheri Entrance Isheri,031,27/07/05/031,Ogun Central,Ifo/Ewekoro
Ogun,27,Ifo,07,Iseri,05,"Kara Under Bridge, Isheri-Olofin",032,27/07/05/032,Ogun Central,Ifo/Ewekoro
Ogun,27,Ifo,07,Iseri,05,Open Space Opp. Channels Tv Isheri,033,27/07/05/033,Ogun Central,Ifo/Ewekoro
Ogun,27,Ifo,07,Iseri,05,"Open Space River View Estate Gate, Isheri",034,27/07/05/034,Ogun Central,Ifo/Ewekoro
Ogun,27,Ifo,07,Iseri,05,Model Pry Health Center Warewa,035,27/07/05/035,Ogun Central,Ifo/Ewekoro
Ogun,27,Ifo,07,Iseri,05,Open Space Mokore Junction Mawere,036,27/07/05/036,Ogun Central,Ifo/Ewekoro
Ogun,27,Ifo,07,Iseri,05,Open Space Ogunnaike/Iworoko,037,27/07/05/037,Ogun Central,Ifo/Ewekoro
Ogun,27,Ifo,07,Iseri,05,Oluwakemi Junction Ojodu,038,27/07/05/038,Ogun Central,Ifo/Ewekoro
Ogun,27,Ifo,07,Iseri,05,Peniefield Junction Ojodu,039,27/07/05/039,Ogun Central,Ifo/Ewekoro
Ogun,27,Ifo,07,Iseri,05,Oke-Alafia Junction Ojodu,040,27/07/05/040,Ogun Central,Ifo/Ewekoro
Ogun,27,Ifo,07,Iseri,05,"Community Hall, Ebo Field, Isheri",041,27/07/05/041,Ogun Central,Ifo/Ewekoro
Ogun,27,Ifo,07,Iseri,05,"Lakaro Gate By Odozie, Isheri",042,27/07/05/042,Ogun Central,Ifo/Ewekoro
Ogun,27,Ifo,07,Iseri,05,Open Space By Ccc Wilmer Isheri,043,27/07/05/043,Ogun Central,Ifo/Ewekoro
Ogun,27,Ifo,07,Iseri,05,Open Space Niyi Ayeye Junction By Channels Isheri,044,27/07/05/044,Ogun Central,Ifo/Ewekoro
Ogun,27,Ifo,07,Iseri,05,Open Space By Sparklight Estate Isheri,045,27/07/05/045,Ogun Central,Ifo/Ewekoro
Ogun,27,Ifo,07,Iseri,05,"Open Space Monday Oboze Str, Banku",046,27/07/05/046,Ogun Central,Ifo/Ewekoro
Ogun,27,Ifo,07,Ajuwon/Akute,06,School Premises Ajuwon  I,001,27/07/06/001,Ogun Central,Ifo/Ewekoro
Ogun,27,Ifo,07,Ajuwon/Akute,06,School Premises Ajuwon Ii,002,27/07/06/002,Ogun Central,Ifo/Ewekoro
Ogun,27,Ifo,07,Ajuwon/Akute,06,Ogunlowo  I,003,27/07/06/003,Ogun Central,Ifo/Ewekoro
Ogun,27,Ifo,07,Ajuwon/Akute,06,Ogunlowo  Ii,004,27/07/06/004,Ogun Central,Ifo/Ewekoro
Ogun,27,Ifo,07,Ajuwon/Akute,06,Ogunlowo  Iii,005,27/07/06/005,Ogun Central,Ifo/Ewekoro
Ogun,27,Ifo,07,Ajuwon/Akute,06,Ojo Sunmonu  I,006,27/07/06/006,Ogun Central,Ifo/Ewekoro
Ogun,27,Ifo,07,Ajuwon/Akute,06,Ojo Sunmonu  Ii,007,27/07/06/007,Ogun Central,Ifo/Ewekoro
Ogun,27,Ifo,07,Ajuwon/Akute,06,Sch. Prem. Akute/Fabolade  I,008,27/07/06/008,Ogun Central,Ifo/Ewekoro
Ogun,27,Ifo,07,Ajuwon/Akute,06,Sch. Prem. Akute/Fabolade  Ii,009,27/07/06/009,Ogun Central,Ifo/Ewekoro
Ogun,27,Ifo,07,Ajuwon/Akute,06,Sch. Prem. Akute/Fabolade  Iii,010,27/07/06/010,Ogun Central,Ifo/Ewekoro
Ogun,27,Ifo,07,Ajuwon/Akute,06,Isasi  I,011,27/07/06/011,Ogun Central,Ifo/Ewekoro
Ogun,27,Ifo,07,Ajuwon/Akute,06,Isasi  Ii,012,27/07/06/012,Ogun Central,Ifo/Ewekoro
Ogun,27,Ifo,07,Ajuwon/Akute,06,Araromi/Moricas  I,013,27/07/06/013,Ogun Central,Ifo/Ewekoro
Ogun,27,Ifo,07,Ajuwon/Akute,06,Araromi/Moricas  Ii,014,27/07/06/014,Ogun Central,Ifo/Ewekoro
Ogun,27,Ifo,07,Ajuwon/Akute,06,Araromi/Moricas  Iii,015,27/07/06/015,Ogun Central,Ifo/Ewekoro
Ogun,27,Ifo,07,Ajuwon/Akute,06,Z.I. School Ii Akute I,016,27/07/06/016,Ogun Central,Ifo/Ewekoro
Ogun,27,Ifo,07,Ajuwon/Akute,06,Z.I. School Ii Akute Ii,017,27/07/06/017,Ogun Central,Ifo/Ewekoro
Ogun,27,Ifo,07,Ajuwon/Akute,06,Taju Bello (Abekoko)  I,018,27/07/06/018,Ogun Central,Ifo/Ewekoro
Ogun,27,Ifo,07,Ajuwon/Akute,06,Taju Bello (Abekoko)  Ii,019,27/07/06/019,Ogun Central,Ifo/Ewekoro
Ogun,27,Ifo,07,Ajuwon/Akute,06,Baale Akinosi  I,020,27/07/06/020,Ogun Central,Ifo/Ewekoro
Ogun,27,Ifo,07,Ajuwon/Akute,06,Baale Akinosi  Ii,021,27/07/06/021,Ogun Central,Ifo/Ewekoro
Ogun,27,Ifo,07,Ajuwon/Akute,06,Baale Akinosi  Iii,022,27/07/06/022,Ogun Central,Ifo/Ewekoro
Ogun,27,Ifo,07,Ajuwon/Akute,06,Baale Akinosi  Iv,023,27/07/06/023,Ogun Central,Ifo/Ewekoro
Ogun,27,Ifo,07,Ajuwon/Akute,06,Baale Akinosi  V,024,27/07/06/024,Ogun Central,Ifo/Ewekoro
Ogun,27,Ifo,07,Ajuwon/Akute,06,Baale Akinosi  Vi,025,27/07/06/025,Ogun Central,Ifo/Ewekoro
Ogun,27,Ifo,07,Ajuwon/Akute,06,Iju Aga Market  I,026,27/07/06/026,Ogun Central,Ifo/Ewekoro
Ogun,27,Ifo,07,Ajuwon/Akute,06,Iju Aga Market  Ii,027,27/07/06/027,Ogun Central,Ifo/Ewekoro
Ogun,27,Ifo,07,Ajuwon/Akute,06,Iju Aga Market  Iii,028,27/07/06/028,Ogun Central,Ifo/Ewekoro
Ogun,27,Ifo,07,Ajuwon/Akute,06,Gaun  I,029,27/07/06/029,Ogun Central,Ifo/Ewekoro
Ogun,27,Ifo,07,Ajuwon/Akute,06,Gaun  Ii,030,27/07/06/030,Ogun Central,Ifo/Ewekoro
Ogun,27,Ifo,07,Ajuwon/Akute,06,Ajuwon Village  I,031,27/07/06/031,Ogun Central,Ifo/Ewekoro
Ogun,27,Ifo,07,Ajuwon/Akute,06,Ajuwon Village  Ii,032,27/07/06/032,Ogun Central,Ifo/Ewekoro
Ogun,27,Ifo,07,Ajuwon/Akute,06,Ajuwon Village  Iii,033,27/07/06/033,Ogun Central,Ifo/Ewekoro
Ogun,27,Ifo,07,Ajuwon/Akute,06,Ajuwon Juction  I,034,27/07/06/034,Ogun Central,Ifo/Ewekoro
Ogun,27,Ifo,07,Ajuwon/Akute,06,Ajuwon Juction  Ii,035,27/07/06/035,Ogun Central,Ifo/Ewekoro
Ogun,27,Ifo,07,Ajuwon/Akute,06,Egan Ado Area,036,27/07/06/036,Ogun Central,Ifo/Ewekoro
Ogun,27,Ifo,07,Ajuwon/Akute,06,Onibudo,037,27/07/06/037,Ogun Central,Ifo/Ewekoro
Ogun,27,Ifo,07,Ajuwon/Akute,06,Power Line,038,27/07/06/038,Ogun Central,Ifo/Ewekoro
Ogun,27,Ifo,07,Ajuwon/Akute,06,Open Space  Oyeyemi Junction Ajuwon,039,27/07/06/039,Ogun Central,Ifo/Ewekoro
Ogun,27,Ifo,07,Ajuwon/Akute,06,Open Space Ogunseye Str Oyeyemi Akute,040,27/07/06/040,Ogun Central,Ifo/Ewekoro
Ogun,27,Ifo,07,Ajuwon/Akute,06,Open Space Town Hall Alagbole Akute,041,27/07/06/041,Ogun Central,Ifo/Ewekoro
Ogun,27,Ifo,07,Ajuwon/Akute,06,Open Space Martin'S Junction Alagbole Akute,042,27/07/06/042,Ogun Central,Ifo/Ewekoro
Ogun,27,Ifo,07,Ajuwon/Akute,06,Village Square Esorun Akute,043,27/07/06/043,Ogun Central,Ifo/Ewekoro
Ogun,27,Ifo,07,Ajuwon/Akute,06,Open Space James Orebe Junction Iboko Akute,044,27/07/06/044,Ogun Central,Ifo/Ewekoro
Ogun,27,Ifo,07,Ajuwon/Akute,06,Open Space Kolaq Junction Y-Ajayi Ishasi,045,27/07/06/045,Ogun Central,Ifo/Ewekoro
Ogun,27,Ifo,07,Ajuwon/Akute,06,Open Space Alfatedo Junction Martin'S Akute,046,27/07/06/046,Ogun Central,Ifo/Ewekoro
Ogun,27,Ifo,07,Ajuwon/Akute,06,Town Hall Akute Odo Akute,047,27/07/06/047,Ogun Central,Ifo/Ewekoro
Ogun,27,Ifo,07,Ajuwon/Akute,06,Open Space Heritage Junction Water Pipeline Akute,048,27/07/06/048,Ogun Central,Ifo/Ewekoro
Ogun,27,Ifo,07,Ajuwon/Akute,06,Health Centre  Arifanla Akute,049,27/07/06/049,Ogun Central,Ifo/Ewekoro
Ogun,27,Ifo,07,Ajuwon/Akute,06,Open Space Kajola Market Onibudo Akute,050,27/07/06/050,Ogun Central,Ifo/Ewekoro
Ogun,27,Ifo,07,Ajuwon/Akute,06,Open Space Kuyaro Junction  Phase 2 Onibudo Akute,051,27/07/06/051,Ogun Central,Ifo/Ewekoro
Ogun,27,Ifo,07,Ajuwon/Akute,06,Open Space Playing Ground Akinbo,052,27/07/06/052,Ogun Central,Ifo/Ewekoro
Ogun,27,Ifo,07,Ajuwon/Akute,06,Open Space Ats Junction Akinbo,053,27/07/06/053,Ogun Central,Ifo/Ewekoro
Ogun,27,Ifo,07,Ajuwon/Akute,06,Open Space Market Square Osolo,054,27/07/06/054,Ogun Central,Ifo/Ewekoro
Ogun,27,Ifo,07,Ajuwon/Akute,06,Community Hall Osolo,055,27/07/06/055,Ogun Central,Ifo/Ewekoro
Ogun,27,Ifo,07,Ajuwon/Akute,06,Zion African Church  Pry Sch Otun,056,27/07/06/056,Ogun Central,Ifo/Ewekoro
Ogun,27,Ifo,07,Ajuwon/Akute,06,Open Space Adenle Junction Arifanla Akute,057,27/07/06/057,Ogun Central,Ifo/Ewekoro
Ogun,27,Ifo,07,Ajuwon/Akute,06,Village Square Akinlabi Akute,058,27/07/06/058,Ogun Central,Ifo/Ewekoro
Ogun,27,Ifo,07,Ajuwon/Akute,06,Open Space Asore Junction Akute,059,27/07/06/059,Ogun Central,Ifo/Ewekoro
Ogun,27,Ifo,07,Ajuwon/Akute,06,"Open Space At Anwo, Asore Akute",060,27/07/06/060,Ogun Central,Ifo/Ewekoro
Ogun,27,Ifo,07,Oke-Aro/Ibaragun/Robiyan,07,Okun Gbolu  I,001,27/07/07/001,Ogun Central,Ifo/Ewekoro
Ogun,27,Ifo,07,Oke-Aro/Ibaragun/Robiyan,07,Okun Gbolu  Ii,002,27/07/07/002,Ogun Central,Ifo/Ewekoro
Ogun,27,Ifo,07,Oke-Aro/Ibaragun/Robiyan,07,School Prem Matogun  I,003,27/07/07/003,Ogun Central,Ifo/Ewekoro
Ogun,27,Ifo,07,Oke-Aro/Ibaragun/Robiyan,07,School Prem Matogun  Ii,004,27/07/07/004,Ogun Central,Ifo/Ewekoro
Ogun,27,Ifo,07,Oke-Aro/Ibaragun/Robiyan,07,School Prem. Robiyan,005,27/07/07/005,Ogun Central,Ifo/Ewekoro
Ogun,27,Ifo,07,Oke-Aro/Ibaragun/Robiyan,07,Sch. Prem Ibaragun  I,006,27/07/07/006,Ogun Central,Ifo/Ewekoro
Ogun,27,Ifo,07,Oke-Aro/Ibaragun/Robiyan,07,Sch. Prem Ibaragun  Ii,007,27/07/07/007,Ogun Central,Ifo/Ewekoro
Ogun,27,Ifo,07,Oke-Aro/Ibaragun/Robiyan,07,Sch. Prem. Oke Aro  I,008,27/07/07/008,Ogun Central,Ifo/Ewekoro
Ogun,27,Ifo,07,Oke-Aro/Ibaragun/Robiyan,07,Sch. Prem. Oke Aro  Ii,009,27/07/07/009,Ogun Central,Ifo/Ewekoro
Ogun,27,Ifo,07,Oke-Aro/Ibaragun/Robiyan,07,Sch. Prem. Oke Aro  Iii,010,27/07/07/010,Ogun Central,Ifo/Ewekoro
Ogun,27,Ifo,07,Oke-Aro/Ibaragun/Robiyan,07,Sch. Prem. Oke Aro  Iv,011,27/07/07/011,Ogun Central,Ifo/Ewekoro
Ogun,27,Ifo,07,Oke-Aro/Ibaragun/Robiyan,07,Ope Ilu Idiroko  I,012,27/07/07/012,Ogun Central,Ifo/Ewekoro
Ogun,27,Ifo,07,Oke-Aro/Ibaragun/Robiyan,07,Ope Ilu Idiroko  Ii,013,27/07/07/013,Ogun Central,Ifo/Ewekoro
Ogun,27,Ifo,07,Oke-Aro/Ibaragun/Robiyan,07,Yewande  I,014,27/07/07/014,Ogun Central,Ifo/Ewekoro
Ogun,27,Ifo,07,Oke-Aro/Ibaragun/Robiyan,07,Yewande  Ii,015,27/07/07/015,Ogun Central,Ifo/Ewekoro
Ogun,27,Ifo,07,Oke-Aro/Ibaragun/Robiyan,07,Yewande  Iii,016,27/07/07/016,Ogun Central,Ifo/Ewekoro
Ogun,27,Ifo,07,Oke-Aro/Ibaragun/Robiyan,07,Yewande  Iv,017,27/07/07/017,Ogun Central,Ifo/Ewekoro
Ogun,27,Ifo,07,Oke-Aro/Ibaragun/Robiyan,07,Olambe  I,018,27/07/07/018,Ogun Central,Ifo/Ewekoro
Ogun,27,Ifo,07,Oke-Aro/Ibaragun/Robiyan,07,Olambe  Ii,019,27/07/07/019,Ogun Central,Ifo/Ewekoro
Ogun,27,Ifo,07,Oke-Aro/Ibaragun/Robiyan,07,Itoki  I,020,27/07/07/020,Ogun Central,Ifo/Ewekoro
Ogun,27,Ifo,07,Oke-Aro/Ibaragun/Robiyan,07,Itoki  Ii,021,27/07/07/021,Ogun Central,Ifo/Ewekoro
Ogun,27,Ifo,07,Oke-Aro/Ibaragun/Robiyan,07,Adiyan Ajegunle  I,022,27/07/07/022,Ogun Central,Ifo/Ewekoro
Ogun,27,Ifo,07,Oke-Aro/Ibaragun/Robiyan,07,Adiyan Ajegunle  Ii,023,27/07/07/023,Ogun Central,Ifo/Ewekoro
Ogun,27,Ifo,07,Oke-Aro/Ibaragun/Robiyan,07,Adiyan Ajegunle  Iii,024,27/07/07/024,Ogun Central,Ifo/Ewekoro
Ogun,27,Ifo,07,Oke-Aro/Ibaragun/Robiyan,07,Peter Village Junction  I,025,27/07/07/025,Ogun Central,Ifo/Ewekoro
Ogun,27,Ifo,07,Oke-Aro/Ibaragun/Robiyan,07,Peter Village Junction  Ii,026,27/07/07/026,Ogun Central,Ifo/Ewekoro
Ogun,27,Ifo,07,Oke-Aro/Ibaragun/Robiyan,07,Legun Village,027,27/07/07/027,Ogun Central,Ifo/Ewekoro
Ogun,27,Ifo,07,Oke-Aro/Ibaragun/Robiyan,07,Oluwo Jafa  I,028,27/07/07/028,Ogun Central,Ifo/Ewekoro
Ogun,27,Ifo,07,Oke-Aro/Ibaragun/Robiyan,07,Oluwo Jafa  Ii,029,27/07/07/029,Ogun Central,Ifo/Ewekoro
Ogun,27,Ifo,07,Oke-Aro/Ibaragun/Robiyan,07,Abule Ekun  I,030,27/07/07/030,Ogun Central,Ifo/Ewekoro
Ogun,27,Ifo,07,Oke-Aro/Ibaragun/Robiyan,07,Abule Ekun  Ii,031,27/07/07/031,Ogun Central,Ifo/Ewekoro
Ogun,27,Ifo,07,Oke-Aro/Ibaragun/Robiyan,07,Enilolobo Yewande,032,27/07/07/032,Ogun Central,Ifo/Ewekoro
Ogun,27,Ifo,07,Oke-Aro/Ibaragun/Robiyan,07,St John'S Community Pry Sch Lemode,033,27/07/07/033,Ogun Central,Ifo/Ewekoro
Ogun,27,Ifo,07,Oke-Aro/Ibaragun/Robiyan,07,Adeyemi/Adeyemo Junction Lemode,034,27/07/07/034,Ogun Central,Ifo/Ewekoro
Ogun,27,Ifo,07,Oke-Aro/Ibaragun/Robiyan,07,Lga Pry Sch. Orudu,035,27/07/07/035,Ogun Central,Ifo/Ewekoro
Ogun,27,Ifo,07,Oke-Aro/Ibaragun/Robiyan,07,Otemuyi Community Pry Sch. Matogun,036,27/07/07/036,Ogun Central,Ifo/Ewekoro
Ogun,27,Ifo,07,Oke-Aro/Ibaragun/Robiyan,07,"Ten-Ten Junction, Olambe",037,27/07/07/037,Ogun Central,Ifo/Ewekoro
Ogun,27,Ifo,07,Oke-Aro/Ibaragun/Robiyan,07,Open Space Olorunsogo Road Matogun,038,27/07/07/038,Ogun Central,Ifo/Ewekoro
Ogun,27,Ifo,07,Oke-Aro/Ibaragun/Robiyan,07,Mosafejo Village Junction Ibaragun,039,27/07/07/039,Ogun Central,Ifo/Ewekoro
Ogun,27,Ifo,07,Oke-Aro/Ibaragun/Robiyan,07,"Anuoluwapo Community High Sch, Oke-Aro",040,27/07/07/040,Ogun Central,Ifo/Ewekoro
Ogun,27,Ifo,07,Oke-Aro/Ibaragun/Robiyan,07,Community Primary Sch. Ijaola Lemode,041,27/07/07/041,Ogun Central,Ifo/Ewekoro
Ogun,27,Ifo,07,Oke-Aro/Ibaragun/Robiyan,07,"Orisunbare Junction, Animasaun Oke-Aro",042,27/07/07/042,Ogun Central,Ifo/Ewekoro
Ogun,27,Ifo,07,Oke-Aro/Ibaragun/Robiyan,07,Temidire Junction Adiyan Olomowewe,043,27/07/07/043,Ogun Central,Ifo/Ewekoro
Ogun,27,Ifo,07,Oke-Aro/Ibaragun/Robiyan,07,Odugbile Junction Ishaga Idi Osan,044,27/07/07/044,Ogun Central,Ifo/Ewekoro
Ogun,27,Ifo,07,Oke-Aro/Ibaragun/Robiyan,07,Health Centre Maidan,045,27/07/07/045,Ogun Central,Ifo/Ewekoro
Ogun,27,Ifo,07,Oke-Aro/Ibaragun/Robiyan,07,Oju Oluwa Junction Koye-Oke,046,27/07/07/046,Ogun Central,Ifo/Ewekoro
Ogun,27,Ifo,07,Oke-Aro/Ibaragun/Robiyan,07,Kampala Junction Olambe,047,27/07/07/047,Ogun Central,Ifo/Ewekoro
Ogun,27,Ifo,07,Oke-Aro/Ibaragun/Robiyan,07,Community Pry School Olambe,048,27/07/07/048,Ogun Central,Ifo/Ewekoro
Ogun,27,Ifo,07,Oke-Aro/Ibaragun/Robiyan,07,"Community Pry School, Temidire",049,27/07/07/049,Ogun Central,Ifo/Ewekoro
Ogun,27,Ifo,07,Oke-Aro/Ibaragun/Robiyan,07,Obanla Junction Enilolobo,050,27/07/07/050,Ogun Central,Ifo/Ewekoro
Ogun,27,Ifo,07,Oke-Aro/Ibaragun/Robiyan,07,Olowookere/Olatunbosun Junction Oke -Aro,051,27/07/07/051,Ogun Central,Ifo/Ewekoro
Ogun,27,Ifo,07,Oke-Aro/Ibaragun/Robiyan,07,Akinyale/Omo-Owo Junction Amubioya Oke-Aro,052,27/07/07/052,Ogun Central,Ifo/Ewekoro
Ogun,27,Ifo,07,Oke-Aro/Ibaragun/Robiyan,07,Tina Junction Okungbolu,053,27/07/07/053,Ogun Central,Ifo/Ewekoro
Ogun,27,Ifo,07,Oke-Aro/Ibaragun/Robiyan,07,"N.U.D Pry School, Odulagun Ntabo Junction",054,27/07/07/054,Ogun Central,Ifo/Ewekoro
Ogun,27,Ifo,07,Oke-Aro/Ibaragun/Robiyan,07,Open Space Orudu Agira Playing Ground Oke Aro,055,27/07/07/055,Ogun Central,Ifo/Ewekoro
Ogun,27,Ifo,07,Oke-Aro/Ibaragun/Robiyan,07,Community Health Centre Osere,056,27/07/07/056,Ogun Central,Ifo/Ewekoro
Ogun,27,Ifo,07,Oke-Aro/Ibaragun/Robiyan,07,Open Space David Camp. Ijoko Abule Road,057,27/07/07/057,Ogun Central,Ifo/Ewekoro
Ogun,27,Ifo,07,Oke-Aro/Ibaragun/Robiyan,07,Api Community Pry.Sch.Ajawo,058,27/07/07/058,Ogun Central,Ifo/Ewekoro
Ogun,27,Ifo,07,Ososun,08,Sch. Prem. Ososun,001,27/07/08/001,Ogun Central,Ifo/Ewekoro
Ogun,27,Ifo,07,Ososun,08,Baamu,002,27/07/08/002,Ogun Central,Ifo/Ewekoro
Ogun,27,Ifo,07,Ososun,08,Balogun Village,003,27/07/08/003,Ogun Central,Ifo/Ewekoro
Ogun,27,Ifo,07,Ososun,08,Sch. Prem. Olomu,004,27/07/08/004,Ogun Central,Ifo/Ewekoro
Ogun,27,Ifo,07,Ososun,08,Sch. Prem Seriki  I,005,27/07/08/005,Ogun Central,Ifo/Ewekoro
Ogun,27,Ifo,07,Ososun,08,Sch. Prem Seriki  Ii,006,27/07/08/006,Ogun Central,Ifo/Ewekoro
Ogun,27,Ifo,07,Ososun,08,Agbegise,007,27/07/08/007,Ogun Central,Ifo/Ewekoro
Ogun,27,Ifo,07,Ososun,08,Oyero Village,008,27/07/08/008,Ogun Central,Ifo/Ewekoro
Ogun,27,Ifo,07,Ososun,08,Sch. Prem Oluke,009,27/07/08/009,Ogun Central,Ifo/Ewekoro
Ogun,27,Ifo,07,Ososun,08,Rate Office Ijoko  I,010,27/07/08/010,Ogun Central,Ifo/Ewekoro
Ogun,27,Ifo,07,Ososun,08,Rate Office Ijoko  Ii,011,27/07/08/011,Ogun Central,Ifo/Ewekoro
Ogun,27,Ifo,07,Ososun,08,Olayemi Pry. School,012,27/07/08/012,Ogun Central,Ifo/Ewekoro
Ogun,27,Ifo,07,Ososun,08,Sch. Prem Alaja,013,27/07/08/013,Ogun Central,Ifo/Ewekoro
Ogun,27,Ifo,07,Ososun,08,Sch. Prem. Kajola,014,27/07/08/014,Ogun Central,Ifo/Ewekoro
Ogun,27,Ifo,07,Ososun,08,Lerin Village,015,27/07/08/015,Ogun Central,Ifo/Ewekoro
Ogun,27,Ifo,07,Ososun,08,Sonekan Village,016,27/07/08/016,Ogun Central,Ifo/Ewekoro
Ogun,27,Ifo,07,Ososun,08,Demokula,017,27/07/08/017,Ogun Central,Ifo/Ewekoro
Ogun,27,Ifo,07,Ososun,08,"Open Space Itesiwaju Junction, Ajayi Oyero",018,27/07/08/018,Ogun Central,Ifo/Ewekoro
Ogun,27,Ifo,07,Ososun,08,"Open Space Tee Junction Egan Community, Off Oyero Road",019,27/07/08/019,Ogun Central,Ifo/Ewekoro
Ogun,27,Ifo,07,Ososun,08,"Front Of Lisa Health Centre, Lisa Town",020,27/07/08/020,Ogun Central,Ifo/Ewekoro
Ogun,27,Ifo,07,Ososun,08,"Open Space Oluwalogbon Junction, Onipetesi Ijoko",021,27/07/08/021,Ogun Central,Ifo/Ewekoro
Ogun,27,Ifo,07,Ososun,08,"Open Space Agbagi, Off Gas-Line, Ososun",022,27/07/08/022,Ogun Central,Ifo/Ewekoro
Ogun,27,Ifo,07,Ososun,08,"Balogun Tuntun Market, Gas-Line",023,27/07/08/023,Ogun Central,Ifo/Ewekoro
Ogun,27,Ifo,07,Ososun,08,"Open Space Gas Line Junction, Yemco Blocks",024,27/07/08/024,Ogun Central,Ifo/Ewekoro
Ogun,27,Ifo,07,Ososun,08,Community Pry Sch Kajola Orile,025,27/07/08/025,Ogun Central,Ifo/Ewekoro
Ogun,27,Ifo,07,Ososun,08,"Fadama Market, Solu Town",026,27/07/08/026,Ogun Central,Ifo/Ewekoro
Ogun,27,Ifo,07,Ososun,08,"Open Space Shonde, Shonde Town Via Oluke",027,27/07/08/027,Ogun Central,Ifo/Ewekoro
Ogun,27,Ifo,07,Ososun,08,"Open Space Oloko Junction, Fadunsi Ijoko",028,27/07/08/028,Ogun Central,Ifo/Ewekoro
Ogun,27,Ifo,07,Ososun,08,"Papa Oko Junction, Okungbolu",029,27/07/08/029,Ogun Central,Ifo/Ewekoro
Ogun,27,Ifo,07,Ososun,08,Open Space Market Square Lisa,030,27/07/08/030,Ogun Central,Ifo/Ewekoro
Ogun,27,Ifo,07,Ososun,08,"Town Hall Ayegbe, Via Lisa",031,27/07/08/031,Ogun Central,Ifo/Ewekoro
Ogun,27,Ifo,07,Ososun,08,"Arugudu Community Town Hall, Arugudu Town",032,27/07/08/032,Ogun Central,Ifo/Ewekoro
Ogun,27,Ifo,07,Ososun,08,"Open Space Onireke Health Center, Onireke",033,27/07/08/033,Ogun Central,Ifo/Ewekoro
Ogun,27,Ifo,07,Ososun,08,"Arepo Community Pry School, Arepo Town",034,27/07/08/034,Ogun Central,Ifo/Ewekoro
Ogun,27,Ifo,07,Ososun,08,"Open Space Baba Monday Junction, Arepo Road",035,27/07/08/035,Ogun Central,Ifo/Ewekoro
Ogun,27,Ifo,07,Ososun,08,Olorunda Model Market Oyero,036,27/07/08/036,Ogun Central,Ifo/Ewekoro
Ogun,27,Ifo,07,Ososun,08,"Open Space Awure Town Hall, Awure",037,27/07/08/037,Ogun Central,Ifo/Ewekoro
Ogun,27,Ifo,07,Ososun,08,"Tofunmi Junction Daniel Estate, Ijoko Road",038,27/07/08/038,Ogun Central,Ifo/Ewekoro
Ogun,27,Ifo,07,Ososun,08,"Open Space Ojualale Road Near Yidi Playing Ground, Ojualale",039,27/07/08/039,Ogun Central,Ifo/Ewekoro
Ogun,27,Ifo,07,Ososun,08,Open Space Oke Alafia Junction Megi,040,27/07/08/040,Ogun Central,Ifo/Ewekoro
Ogun,27,Ifo,07,Ososun,08,Open Space Lajegun/Seriki Olorunda Junction,041,27/07/08/041,Ogun Central,Ifo/Ewekoro
Ogun,27,Ifo,07,Ososun,08,Open Space Akintoye Junction Oloparun,042,27/07/08/042,Ogun Central,Ifo/Ewekoro
Ogun,27,Ifo,07,Ososun,08,"Local Government Pry.Sch, Ifote",043,27/07/08/043,Ogun Central,Ifo/Ewekoro
Ogun,27,Ifo,07,Ososun,08,Open Space Near Transformer Igbo Elerin Town,044,27/07/08/044,Ogun Central,Ifo/Ewekoro
Ogun,27,Ifo,07,Ososun,08,"Open Space Antenna Junction Near Transformer, Oyero Town",045,27/07/08/045,Ogun Central,Ifo/Ewekoro
Ogun,27,Ifo,07,Ososun,08,"Open Space Shotande Junction, Ebiti Farowa Oke Ebiti",046,27/07/08/046,Ogun Central,Ifo/Ewekoro
Ogun,27,Ifo,07,Ososun,08,Open Space Olokemeji Sawmill,047,27/07/08/047,Ogun Central,Ifo/Ewekoro
Ogun,27,Ifo,07,Ososun,08,"Open Space Powerline Junction, Ososun",048,27/07/08/048,Ogun Central,Ifo/Ewekoro
Ogun,27,Ifo,07,Ososun,08,"Open Space Odo Babakudi Arifa Junction, Fadunsin",049,27/07/08/049,Ogun Central,Ifo/Ewekoro
Ogun,27,Ifo,07,Sunren,09,Ang. School Sunren,001,27/07/09/001,Ogun Central,Ifo/Ewekoro
Ogun,27,Ifo,07,Sunren,09,School Prem Apode,002,27/07/09/002,Ogun Central,Ifo/Ewekoro
Ogun,27,Ifo,07,Sunren,09,School Prem. Isola,003,27/07/09/003,Ogun Central,Ifo/Ewekoro
Ogun,27,Ifo,07,Sunren,09,School Prem. Oba Oke,004,27/07/09/004,Ogun Central,Ifo/Ewekoro
Ogun,27,Ifo,07,Sunren,09,Obasa Market,005,27/07/09/005,Ogun Central,Ifo/Ewekoro
Ogun,27,Ifo,07,Sunren,09,Loki Village,006,27/07/09/006,Ogun Central,Ifo/Ewekoro
Ogun,27,Ifo,07,Sunren,09,Yanbi Village,007,27/07/09/007,Ogun Central,Ifo/Ewekoro
Ogun,27,Ifo,07,Sunren,09,Olorunsogo,008,27/07/09/008,Ogun Central,Ifo/Ewekoro
Ogun,27,Ifo,07,Sunren,09,Community Pry Sch Olorunsogo,009,27/07/09/009,Ogun Central,Ifo/Ewekoro
Ogun,27,Ifo,07,Sunren,09,Open Space Lerin Junction Ikereku Lerin,010,27/07/09/010,Ogun Central,Ifo/Ewekoro
Ogun,27,Ifo,07,Sunren,09,Open Space Town Hall  Ijoko Lafun,011,27/07/09/011,Ogun Central,Ifo/Ewekoro
Ogun,27,Ifo,07,Coker,10,Oke Oji  I,001,27/07/10/001,Ogun Central,Ifo/Ewekoro
Ogun,27,Ifo,07,Coker,10,Oke Oji  Ii,002,27/07/10/002,Ogun Central,Ifo/Ewekoro
Ogun,27,Ifo,07,Coker,10,"Sch. Prem. Farm Settlement  I
Salu Army Coker",003,27/07/10/003,Ogun Central,Ifo/Ewekoro
Ogun,27,Ifo,07,Coker,10,Salu Army Coker,004,27/07/10/004,Ogun Central,Ifo/Ewekoro
Ogun,27,Ifo,07,Coker,10,Sch. Prem. Ilepa  I,005,27/07/10/005,Ogun Central,Ifo/Ewekoro
Ogun,27,Ifo,07,Coker,10,Sch. Prem. Ilepa  Ii,006,27/07/10/006,Ogun Central,Ifo/Ewekoro
Ogun,27,Ifo,07,Coker,10,Sch. Prem. Ilepa  Iii,007,27/07/10/007,Ogun Central,Ifo/Ewekoro
Ogun,27,Ifo,07,Coker,10,Odusango,008,27/07/10/008,Ogun Central,Ifo/Ewekoro
Ogun,27,Ifo,07,Coker,10,Abule Oke,009,27/07/10/009,Ogun Central,Ifo/Ewekoro
Ogun,27,Ifo,07,Coker,10,Olowo Village,010,27/07/10/010,Ogun Central,Ifo/Ewekoro
Ogun,27,Ifo,07,Coker,10,Farm Settlement,011,27/07/10/011,Ogun Central,Ifo/Ewekoro
Ogun,27,Ifo,07,Coker,10,Open Space Boluwatife Market Ilupeju Ifo,012,27/07/10/012,Ogun Central,Ifo/Ewekoro
Ogun,27,Ifo,07,Coker,10,"Igbusi Comprehensive High Sch , Igbusi, Ifo",013,27/07/10/013,Ogun Central,Ifo/Ewekoro
Ogun,27,Ifo,07,Coker,10,Fire Camp. Junction Ilepa,014,27/07/10/014,Ogun Central,Ifo/Ewekoro
Ogun,27,Ifo,07,Coker,10,Community Pry School Ogungbade,015,27/07/10/015,Ogun Central,Ifo/Ewekoro
Ogun,27,Ifo,07,Coker,10,Health Centre Fadama Ogungbade,016,27/07/10/016,Ogun Central,Ifo/Ewekoro
Ogun,27,Ifo,07,Coker,10,Open Space Human Right Onihale Ifo,017,27/07/10/017,Ogun Central,Ifo/Ewekoro
Ogun,27,Ifo,07,Coker,10,Open Space Sawmil Ilepa 2,018,27/07/10/018,Ogun Central,Ifo/Ewekoro
Ogun,27,Ifo,07,Coker,10,Community Pry. School Ayede Ifo,019,27/07/10/019,Ogun Central,Ifo/Ewekoro
Ogun,27,Ifo,07,Coker,10,Pakoto Pry. School Pakota Ifo,020,27/07/10/020,Ogun Central,Ifo/Ewekoro
Ogun,27,Ifo,07,Coker,10,Open Space Kasumu Ogunremi Junction Ojusango,021,27/07/10/021,Ogun Central,Ifo/Ewekoro
Ogun,27,Ifo,07,Coker,10,Ilepa Community Town Hall Ilepa,022,27/07/10/022,Ogun Central,Ifo/Ewekoro
Ogun,27,Ifo,07,Coker,10,High Court Junction Oko Ireke Ifo,023,27/07/10/023,Ogun Central,Ifo/Ewekoro
Ogun,27,Ifo,07,Coker,10,Open Space Coker Garage Coker,024,27/07/10/024,Ogun Central,Ifo/Ewekoro
Ogun,27,Ifo,07,Coker,10,Open Space Jambu Junction. Coker,025,27/07/10/025,Ogun Central,Ifo/Ewekoro
Ogun,27,Ifo,07,Coker,10,Open Space Babs Sorinola Mogboro,026,27/07/10/026,Ogun Central,Ifo/Ewekoro
Ogun,27,Ifo,07,Coker,10,United Anglican Pry.School Ogan Coker,027,27/07/10/027,Ogun Central,Ifo/Ewekoro
Ogun,27,Ifo,07,Coker,10,"Open Space Seven Days Adventist Junction, Pakoto",028,27/07/10/028,Ogun Central,Ifo/Ewekoro
Ogun,27,Ifo,07,Coker,10,Open Space Idi Kanga Junction Pakoto,029,27/07/10/029,Ogun Central,Ifo/Ewekoro
Ogun,27,Ifo,07,Coker,10,Open Space Orisunbare Junction Iyana Cele,030,27/07/10/030,Ogun Central,Ifo/Ewekoro
Ogun,27,Ifo,07,Coker,10,Open Space New World Estate Junction,031,27/07/10/031,Ogun Central,Ifo/Ewekoro
Ogun,27,Ifo,07,Coker,10,Open Space Akwa Junction Itesiwaju,032,27/07/10/032,Ogun Central,Ifo/Ewekoro
Ogun,27,Ifo,07,Coker,10,Open Space Lukmon Ayena Junction Opp. Ridwanullai Mosque Ayena,033,27/07/10/033,Ogun Central,Ifo/Ewekoro
Ogun,27,Ifo,07,Coker,10,Open Space Igbusi Eleshin Junction Igbusi,034,27/07/10/034,Ogun Central,Ifo/Ewekoro
Ogun,27,Ifo,07,Coker,10,Open Space Igbusi Abule Junction Igbusi,035,27/07/10/035,Ogun Central,Ifo/Ewekoro
Ogun,27,Ifo,07,Coker,10,Open Space Abule Igbusi Road Along Ilogbo,036,27/07/10/036,Ogun Central,Ifo/Ewekoro
Ogun,27,Ifo,07,Coker,10,Open Space Yah Lateef Junction Agoro,037,27/07/10/037,Ogun Central,Ifo/Ewekoro
Ogun,27,Ifo,07,Coker,10,Open Space Bosun Junction Bosun,038,27/07/10/038,Ogun Central,Ifo/Ewekoro
Ogun,27,Ifo,07,Coker,10,Open Space Imran Olainukan Junction Ogan Tuntun,039,27/07/10/039,Ogun Central,Ifo/Ewekoro
Ogun,27,Ifo,07,Coker,10,Open Space Ifeoluwa/Ansarul-Haq Junction Ogan Tuntun,040,27/07/10/040,Ogun Central,Ifo/Ewekoro
Ogun,27,Ifo,07,Coker,10,Onihale Community Pry.School Onihale,041,27/07/10/041,Ogun Central,Ifo/Ewekoro
Ogun,27,Ifo,07,Ibogun,11,Akinsinde  I,001,27/07/11/001,Ogun Central,Ifo/Ewekoro
Ogun,27,Ifo,07,Ibogun,11,Akinsinde  Ii,002,27/07/11/002,Ogun Central,Ifo/Ewekoro
Ogun,27,Ifo,07,Ibogun,11,St. Davis Sch. Sowunmi I,003,27/07/11/003,Ogun Central,Ifo/Ewekoro
Ogun,27,Ifo,07,Ibogun,11,St. Davis Sch. Sowunmi Ii,004,27/07/11/004,Ogun Central,Ifo/Ewekoro
Ogun,27,Ifo,07,Ibogun,11,Sch. Prem. Sowunmi  I,005,27/07/11/005,Ogun Central,Ifo/Ewekoro
Ogun,27,Ifo,07,Ibogun,11,Sch. Prem. Sowunmi  Ii,006,27/07/11/006,Ogun Central,Ifo/Ewekoro
Ogun,27,Ifo,07,Ibogun,11,A/C Sch. Oderinlo  I,007,27/07/11/007,Ogun Central,Ifo/Ewekoro
Ogun,27,Ifo,07,Ibogun,11,A/C Sch. Oderinlo  Ii,008,27/07/11/008,Ogun Central,Ifo/Ewekoro
Ogun,27,Ifo,07,Ibogun,11,Oloparun Village  I,009,27/07/11/009,Ogun Central,Ifo/Ewekoro
Ogun,27,Ifo,07,Ibogun,11,Oloparun Village  Ii,010,27/07/11/010,Ogun Central,Ifo/Ewekoro
Ogun,27,Ifo,07,Ibogun,11,Sogunje,011,27/07/11/011,Ogun Central,Ifo/Ewekoro
Ogun,27,Ifo,07,Ibogun,11,Alapako Oke,012,27/07/11/012,Ogun Central,Ifo/Ewekoro
Ogun,27,Ifo,07,Ibogun,11,Olaogun  I,013,27/07/11/013,Ogun Central,Ifo/Ewekoro
Ogun,27,Ifo,07,Ibogun,11,Olaogun  Ii,014,27/07/11/014,Ogun Central,Ifo/Ewekoro
Ogun,27,Ifo,07,Ibogun,11,Olaogun  Iii,015,27/07/11/015,Ogun Central,Ifo/Ewekoro
Ogun,27,Ifo,07,Ibogun,11,Emmanuel Anglican School Odejimi Ibogun,016,27/07/11/016,Ogun Central,Ifo/Ewekoro
Ogun,27,Ifo,07,Ibogun,11,Open Space Opp Balogun Palace Ibogun,017,27/07/11/017,Ogun Central,Ifo/Ewekoro
Ogun,27,Ifo,07,Ibogun,11,Open Space Opo Junction Ibogun,018,27/07/11/018,Ogun Central,Ifo/Ewekoro
Ogun,27,Ifo,07,Ibogun,11,Open Space Omitoro Ibogun,019,27/07/11/019,Ogun Central,Ifo/Ewekoro
Ogun,27,Ifo,07,Ibogun,11,Open Space Akiode Cassava Processor Ibogun,020,27/07/11/020,Ogun Central,Ifo/Ewekoro
Ogun,27,Ijebu East,08,Ijebu Mushin I,01,Odosegbonrin/Itamatun,001,27/08/01/001,Ogun East,Ijebu North/Ijebu East/Ogun Waterside
Ogun,27,Ijebu East,08,Ijebu Mushin I,01,Idona Central,002,27/08/01/002,Ogun East,Ijebu North/Ijebu East/Ogun Waterside
Ogun,27,Ijebu East,08,Ijebu Mushin I,01,St. Peters Clever Pry. Sch.,003,27/08/01/003,Ogun East,Ijebu North/Ijebu East/Ogun Waterside
Ogun,27,Ijebu East,08,Ijebu Mushin I,01,Ewuren Square,004,27/08/01/004,Ogun East,Ijebu North/Ijebu East/Ogun Waterside
Ogun,27,Ijebu East,08,Ijebu Mushin I,01,Local Govt. Pry. School,005,27/08/01/005,Ogun East,Ijebu North/Ijebu East/Ogun Waterside
Ogun,27,Ijebu East,08,Ijebu Mushin I,01,St. Andrews Sch. Imuwen  I,006,27/08/01/006,Ogun East,Ijebu North/Ijebu East/Ogun Waterside
Ogun,27,Ijebu East,08,Ijebu Mushin I,01,St. Andrews Sch. Imuwen  Ii,007,27/08/01/007,Ogun East,Ijebu North/Ijebu East/Ogun Waterside
Ogun,27,Ijebu East,08,Ijebu Mushin I,01,Federal Technical Ita Mogiri,008,27/08/01/008,Ogun East,Ijebu North/Ijebu East/Ogun Waterside
Ogun,27,Ijebu East,08,Ijebu Mushin I,01,Esure Junction,009,27/08/01/009,Ogun East,Ijebu North/Ijebu East/Ogun Waterside
Ogun,27,Ijebu East,08,Ijebu Mushin I,01,Ehinade Comm. Pry Sch. Idomodu,010,27/08/01/010,Ogun East,Ijebu North/Ijebu East/Ogun Waterside
Ogun,27,Ijebu East,08,Ijebu Mushin I,01,Open Space At S.T. Road Square,011,27/08/01/011,Ogun East,Ijebu North/Ijebu East/Ogun Waterside
Ogun,27,Ijebu East,08,Ijebu Mushin I,01,"Moslem Pry. Sch, Esure",012,27/08/01/012,Ogun East,Ijebu North/Ijebu East/Ogun Waterside
Ogun,27,Ijebu East,08,Ijebu Mushin Ii,02,Mushin Market Square,001,27/08/02/001,Ogun East,Ijebu North/Ijebu East/Ogun Waterside
Ogun,27,Ijebu East,08,Ijebu Mushin Ii,02,St. Mary'S Pry Okepo I,002,27/08/02/002,Ogun East,Ijebu North/Ijebu East/Ogun Waterside
Ogun,27,Ijebu East,08,Ijebu Mushin Ii,02,St. Mary'S Pry Okepo  Ii,003,27/08/02/003,Ogun East,Ijebu North/Ijebu East/Ogun Waterside
Ogun,27,Ijebu East,08,Ijebu Mushin Ii,02,"L.G. School, Kokunesere",004,27/08/02/004,Ogun East,Ijebu North/Ijebu East/Ogun Waterside
Ogun,27,Ijebu East,08,Ijebu Mushin Ii,02,Near Health Centre Ilodo,005,27/08/02/005,Ogun East,Ijebu North/Ijebu East/Ogun Waterside
Ogun,27,Ijebu East,08,Ijebu Mushin Ii,02,Ajebo United Pry. Sch. Ikala  -  006,006,27/08/02/006,Ogun East,Ijebu North/Ijebu East/Ogun Waterside
Ogun,27,Ijebu East,08,Ijebu Mushin Ii,02,Open Space Infornt Of Jejeniwa'S House,007,27/08/02/007,Ogun East,Ijebu North/Ijebu East/Ogun Waterside
Ogun,27,Ijebu East,08,Ijebu Mushin Ii,02,Tojoro Junction,008,27/08/02/008,Ogun East,Ijebu North/Ijebu East/Ogun Waterside
Ogun,27,Ijebu East,08,Ijebu Mushin Ii,02,St. Mary'S Sch. Extension,009,27/08/02/009,Ogun East,Ijebu North/Ijebu East/Ogun Waterside
Ogun,27,Ijebu East,08,Ijebu Mushin Ii,02,Idokunusi Centre,010,27/08/02/010,Ogun East,Ijebu North/Ijebu East/Ogun Waterside
Ogun,27,Ijebu East,08,Ijebu Mushin Ii,02,Frontage Of Adesanya'S House Ilagunjo,011,27/08/02/011,Ogun East,Ijebu North/Ijebu East/Ogun Waterside
Ogun,27,Ijebu East,08,Ijebu Mushin Ii,02,Imushin Health Center,012,27/08/02/012,Ogun East,Ijebu North/Ijebu East/Ogun Waterside
Ogun,27,Ijebu East,08,Ijebu Mushin Ii,02,Idokunusi Town Hall,013,27/08/02/013,Ogun East,Ijebu North/Ijebu East/Ogun Waterside
Ogun,27,Ijebu East,08,Ijebu Ife I,03,Itako Square,001,27/08/03/001,Ogun East,Ijebu North/Ijebu East/Ogun Waterside
Ogun,27,Ijebu East,08,Ijebu Ife I,03,"St. Louis Cath. Pry., Sch. Ife.",002,27/08/03/002,Ogun East,Ijebu North/Ijebu East/Ogun Waterside
Ogun,27,Ijebu East,08,Ijebu Ife I,03,Itunmodu Square,003,27/08/03/003,Ogun East,Ijebu North/Ijebu East/Ogun Waterside
Ogun,27,Ijebu East,08,Ijebu Ife I,03,Ang. Pry Sch. Ijebu-Ife,004,27/08/03/004,Ogun East,Ijebu North/Ijebu East/Ogun Waterside
Ogun,27,Ijebu East,08,Ijebu Ife I,03,Baptist School Ii Ijebu Ife,005,27/08/03/005,Ogun East,Ijebu North/Ijebu East/Ogun Waterside
Ogun,27,Ijebu East,08,Ijebu Ife I,03,Moborode,006,27/08/03/006,Ogun East,Ijebu North/Ijebu East/Ogun Waterside
Ogun,27,Ijebu East,08,Ijebu Ife I,03,Odoladalepo Square,007,27/08/03/007,Ogun East,Ijebu North/Ijebu East/Ogun Waterside
Ogun,27,Ijebu East,08,Ijebu Ife I,03,Irowo Square,008,27/08/03/008,Ogun East,Ijebu North/Ijebu East/Ogun Waterside
Ogun,27,Ijebu East,08,Ijebu Ife I,03,Itoro/Odata Square,009,27/08/03/009,Ogun East,Ijebu North/Ijebu East/Ogun Waterside
Ogun,27,Ijebu East,08,Ijebu Ife I,03,Igbodu,010,27/08/03/010,Ogun East,Ijebu North/Ijebu East/Ogun Waterside
Ogun,27,Ijebu East,08,Ijebu Ife I,03,Beside Obada Market,011,27/08/03/011,Ogun East,Ijebu North/Ijebu East/Ogun Waterside
Ogun,27,Ijebu East,08,Ijebu Ife I,03,Itako Oluweri Square,012,27/08/03/012,Ogun East,Ijebu North/Ijebu East/Ogun Waterside
Ogun,27,Ijebu East,08,Ijebu Ife I,03,Baptist School Ii Extension,013,27/08/03/013,Ogun East,Ijebu North/Ijebu East/Ogun Waterside
Ogun,27,Ijebu East,08,Ijebu Ife I,03,Moborode Square,014,27/08/03/014,Ogun East,Ijebu North/Ijebu East/Ogun Waterside
Ogun,27,Ijebu East,08,Ijebu Ife Ii,04,"Town Hall Ijebu, Ife  I",001,27/08/04/001,Ogun East,Ijebu North/Ijebu East/Ogun Waterside
Ogun,27,Ijebu East,08,Ijebu Ife Ii,04,"Town Hall Ijebu, Ife  Ii",002,27/08/04/002,Ogun East,Ijebu North/Ijebu East/Ogun Waterside
Ogun,27,Ijebu East,08,Ijebu Ife Ii,04,Court Hall,003,27/08/04/003,Ogun East,Ijebu North/Ijebu East/Ogun Waterside
Ogun,27,Ijebu East,08,Ijebu Ife Ii,04,Oduduwa Square,004,27/08/04/004,Ogun East,Ijebu North/Ijebu East/Ogun Waterside
Ogun,27,Ijebu East,08,Ijebu Ife Ii,04,Timorowo Square,005,27/08/04/005,Ogun East,Ijebu North/Ijebu East/Ogun Waterside
Ogun,27,Ijebu East,08,Ijebu Ife Ii,04,Moslem School  Ii,006,27/08/04/006,Ogun East,Ijebu North/Ijebu East/Ogun Waterside
Ogun,27,Ijebu East,08,Ijebu Ife Ii,04,Tirosogun Square,007,27/08/04/007,Ogun East,Ijebu North/Ijebu East/Ogun Waterside
Ogun,27,Ijebu East,08,Ijebu Ife Ii,04,Abidagba Village,008,27/08/04/008,Ogun East,Ijebu North/Ijebu East/Ogun Waterside
Ogun,27,Ijebu East,08,Ijebu Ife Ii,04,Ehinade Ilase,009,27/08/04/009,Ogun East,Ijebu North/Ijebu East/Ogun Waterside
Ogun,27,Ijebu East,08,Ijebu Ife Ii,04,Square Near Mosque,010,27/08/04/010,Ogun East,Ijebu North/Ijebu East/Ogun Waterside
Ogun,27,Ijebu East,08,Ijebu Ife Ii,04,Iwaya Road,011,27/08/04/011,Ogun East,Ijebu North/Ijebu East/Ogun Waterside
Ogun,27,Ijebu East,08,Ijebu Ife Ii,04,"Baptist Sch. I, Oke Ife",012,27/08/04/012,Ogun East,Ijebu North/Ijebu East/Ogun Waterside
Ogun,27,Ijebu East,08,Owu,05,Aglican Pry. School Owu I,001,27/08/05/001,Ogun East,Ijebu North/Ijebu East/Ogun Waterside
Ogun,27,Ijebu East,08,Owu,05,Aglican Pry. School Owu  Ii,002,27/08/05/002,Ogun East,Ijebu North/Ijebu East/Ogun Waterside
Ogun,27,Ijebu East,08,Owu,05,Community Pry. Sch. Onipetesi,003,27/08/05/003,Ogun East,Ijebu North/Ijebu East/Ogun Waterside
Ogun,27,Ijebu East,08,Owu,05,L.G. Sch. Egbeda,004,27/08/05/004,Ogun East,Ijebu North/Ijebu East/Ogun Waterside
Ogun,27,Ijebu East,08,Owu,05,Aba Okonzin Juction,005,27/08/05/005,Ogun East,Ijebu North/Ijebu East/Ogun Waterside
Ogun,27,Ijebu East,08,Owu,05,Ang. Pry. Sch. Ii Ago Owu,006,27/08/05/006,Ogun East,Ijebu North/Ijebu East/Ogun Waterside
Ogun,27,Ijebu East,08,Owu,05,Ajepodo,007,27/08/05/007,Ogun East,Ijebu North/Ijebu East/Ogun Waterside
Ogun,27,Ijebu East,08,Owu,05,Togunmaga,008,27/08/05/008,Ogun East,Ijebu North/Ijebu East/Ogun Waterside
Ogun,27,Ijebu East,08,Owu,05,Gbamugbamu,009,27/08/05/009,Ogun East,Ijebu North/Ijebu East/Ogun Waterside
Ogun,27,Ijebu East,08,Owu,05,Abu Soro,010,27/08/05/010,Ogun East,Ijebu North/Ijebu East/Ogun Waterside
Ogun,27,Ijebu East,08,Owu,05,"Town Hall, Iloro",011,27/08/05/011,Ogun East,Ijebu North/Ijebu East/Ogun Waterside
Ogun,27,Ijebu East,08,Owu,05,Agboro Square,012,27/08/05/012,Ogun East,Ijebu North/Ijebu East/Ogun Waterside
Ogun,27,Ijebu East,08,Owu,05,Aba-Eyo Market Square,013,27/08/05/013,Ogun East,Ijebu North/Ijebu East/Ogun Waterside
Ogun,27,Ijebu East,08,Owu,05,Isiba Square,014,27/08/05/014,Ogun East,Ijebu North/Ijebu East/Ogun Waterside
Ogun,27,Ijebu East,08,Owu,05,Erinwonran Market Square,015,27/08/05/015,Ogun East,Ijebu North/Ijebu East/Ogun Waterside
Ogun,27,Ijebu East,08,Owu,05,Olomikoko Square,016,27/08/05/016,Ogun East,Ijebu North/Ijebu East/Ogun Waterside
Ogun,27,Ijebu East,08,Ikija,06,Anglican Pry. Sch. Ikija,001,27/08/06/001,Ogun East,Ijebu North/Ijebu East/Ogun Waterside
Ogun,27,Ijebu East,08,Ikija,06,Igomu Square,002,27/08/06/002,Ogun East,Ijebu North/Ijebu East/Ogun Waterside
Ogun,27,Ijebu East,08,Ikija,06,L.G. School Isire,003,27/08/06/003,Ogun East,Ijebu North/Ijebu East/Ogun Waterside
Ogun,27,Ijebu East,08,Ikija,06,"Court Hall, Ikija",004,27/08/06/004,Ogun East,Ijebu North/Ijebu East/Ogun Waterside
Ogun,27,Ijebu East,08,Ikija,06,Anglican Pry. Sch. Igan Ipabi,005,27/08/06/005,Ogun East,Ijebu North/Ijebu East/Ogun Waterside
Ogun,27,Ijebu East,08,Ikija,06,Odomefi Square,006,27/08/06/006,Ogun East,Ijebu North/Ijebu East/Ogun Waterside
Ogun,27,Ijebu East,08,Ikija,06,Oloko Village Square,007,27/08/06/007,Ogun East,Ijebu North/Ijebu East/Ogun Waterside
Ogun,27,Ijebu East,08,Ikija,06,Imarere Square,008,27/08/06/008,Ogun East,Ijebu North/Ijebu East/Ogun Waterside
Ogun,27,Ijebu East,08,Itele,07,St. John'S Sch. Itele  I,001,27/08/07/001,Ogun East,Ijebu North/Ijebu East/Ogun Waterside
Ogun,27,Ijebu East,08,Itele,07,St. John'S Sch. Itele  Ii,002,27/08/07/002,Ogun East,Ijebu North/Ijebu East/Ogun Waterside
Ogun,27,Ijebu East,08,Itele,07,Cath. Pry. Sch. Itele,003,27/08/07/003,Ogun East,Ijebu North/Ijebu East/Ogun Waterside
Ogun,27,Ijebu East,08,Itele,07,Itele Motor Park,004,27/08/07/004,Ogun East,Ijebu North/Ijebu East/Ogun Waterside
Ogun,27,Ijebu East,08,Itele,07,St. James Sch. Atoyo,005,27/08/07/005,Ogun East,Ijebu North/Ijebu East/Ogun Waterside
Ogun,27,Ijebu East,08,Itele,07,St. Peters Sch. Oko-Eko,006,27/08/07/006,Ogun East,Ijebu North/Ijebu East/Ogun Waterside
Ogun,27,Ijebu East,08,Itele,07,St. John'S Sch. Lumafon,007,27/08/07/007,Ogun East,Ijebu North/Ijebu East/Ogun Waterside
Ogun,27,Ijebu East,08,Itele,07,Comm. Pry. Sch. Imegun,008,27/08/07/008,Ogun East,Ijebu North/Ijebu East/Ogun Waterside
Ogun,27,Ijebu East,08,Itele,07,Opp. Health Post Tigbori,009,27/08/07/009,Ogun East,Ijebu North/Ijebu East/Ogun Waterside
Ogun,27,Ijebu East,08,Itele,07,Comm. Square Awotunde,010,27/08/07/010,Ogun East,Ijebu North/Ijebu East/Ogun Waterside
Ogun,27,Ijebu East,08,Itele,07,Agerige,011,27/08/07/011,Ogun East,Ijebu North/Ijebu East/Ogun Waterside
Ogun,27,Ijebu East,08,Itele,07,Odomore Round About,012,27/08/07/012,Ogun East,Ijebu North/Ijebu East/Ogun Waterside
Ogun,27,Ijebu East,08,Itele,07,Dagunja Open Space Beside Louisville Girls High Sch.,013,27/08/07/013,Ogun East,Ijebu North/Ijebu East/Ogun Waterside
Ogun,27,Ijebu East,08,Itele,07,Itele Town Hall,014,27/08/07/014,Ogun East,Ijebu North/Ijebu East/Ogun Waterside
Ogun,27,Ijebu East,08,Itele,07,Itele Health Center,015,27/08/07/015,Ogun East,Ijebu North/Ijebu East/Ogun Waterside
Ogun,27,Ijebu East,08,Itele,07,Atoyo Maternity Center,016,27/08/07/016,Ogun East,Ijebu North/Ijebu East/Ogun Waterside
Ogun,27,Ijebu East,08,Itele,07,"Motor Park, Ogbere Junction Express Road.",017,27/08/07/017,Ogun East,Ijebu North/Ijebu East/Ogun Waterside
Ogun,27,Ijebu East,08,Ogbere,08,Palace Frontage,001,27/08/08/001,Ogun East,Ijebu North/Ijebu East/Ogun Waterside
Ogun,27,Ijebu East,08,Ogbere,08,Near Motor Park Ogbere,002,27/08/08/002,Ogun East,Ijebu North/Ijebu East/Ogun Waterside
Ogun,27,Ijebu East,08,Ogbere,08,St. Mary School Ogbere I,003,27/08/08/003,Ogun East,Ijebu North/Ijebu East/Ogun Waterside
Ogun,27,Ijebu East,08,Ogbere,08,St. Mary School Ogbere Ii,004,27/08/08/004,Ogun East,Ijebu North/Ijebu East/Ogun Waterside
Ogun,27,Ijebu East,08,Ogbere,08,Comm. Pry. School Kajola,005,27/08/08/005,Ogun East,Ijebu North/Ijebu East/Ogun Waterside
Ogun,27,Ijebu East,08,Ogbere,08,St. Pauls Sch. Uro,006,27/08/08/006,Ogun East,Ijebu North/Ijebu East/Ogun Waterside
Ogun,27,Ijebu East,08,Ogbere,08,St. Pauls Sch. Oguru,007,27/08/08/007,Ogun East,Ijebu North/Ijebu East/Ogun Waterside
Ogun,27,Ijebu East,08,Ogbere,08,Moborode Village,008,27/08/08/008,Ogun East,Ijebu North/Ijebu East/Ogun Waterside
Ogun,27,Ijebu East,08,Ogbere,08,J. 3,009,27/08/08/009,Ogun East,Ijebu North/Ijebu East/Ogun Waterside
Ogun,27,Ijebu East,08,Ogbere,08,St. John'S Sch. Korede,010,27/08/08/010,Ogun East,Ijebu North/Ijebu East/Ogun Waterside
Ogun,27,Ijebu East,08,Ogbere,08,Local Government Sch. Imayan,011,27/08/08/011,Ogun East,Ijebu North/Ijebu East/Ogun Waterside
Ogun,27,Ijebu East,08,Ogbere,08,Orita Imobi,012,27/08/08/012,Ogun East,Ijebu North/Ijebu East/Ogun Waterside
Ogun,27,Ijebu East,08,Ogbere,08,Trianga,013,27/08/08/013,Ogun East,Ijebu North/Ijebu East/Ogun Waterside
Ogun,27,Ijebu East,08,Ogbere,08,Open Space Beside Anglican Church,014,27/08/08/014,Ogun East,Ijebu North/Ijebu East/Ogun Waterside
Ogun,27,Ijebu East,08,Ogbere,08,Maternity Center Ogbere,015,27/08/08/015,Ogun East,Ijebu North/Ijebu East/Ogun Waterside
Ogun,27,Ijebu East,08,Ogbere,08,Ogbere Shopping Complex,016,27/08/08/016,Ogun East,Ijebu North/Ijebu East/Ogun Waterside
Ogun,27,Ijebu East,08,Ogbere,08,"St. Brendans Grammar Sch., Ogbere",017,27/08/08/017,Ogun East,Ijebu North/Ijebu East/Ogun Waterside
Ogun,27,Ijebu East,08,Ogbere,08,"Community Pry. Sch., Okemisha",018,27/08/08/018,Ogun East,Ijebu North/Ijebu East/Ogun Waterside
Ogun,27,Ijebu East,08,Ogbere,08,Open Space At Eregun Village,019,27/08/08/019,Ogun East,Ijebu North/Ijebu East/Ogun Waterside
Ogun,27,Ijebu East,08,Ogbere,08,Community Pry Sch. Ogungbo,020,27/08/08/020,Ogun East,Ijebu North/Ijebu East/Ogun Waterside
Ogun,27,Ijebu East,08,Ogbere,08,"Community Pry. Sch., Ajede",021,27/08/08/021,Ogun East,Ijebu North/Ijebu East/Ogun Waterside
Ogun,27,Ijebu East,08,Imobi I,09,St. Mary'S School Fowoseje  I,001,27/08/09/001,Ogun East,Ijebu North/Ijebu East/Ogun Waterside
Ogun,27,Ijebu East,08,Imobi I,09,St. Mary'S School Fowoseje Ii,002,27/08/09/002,Ogun East,Ijebu North/Ijebu East/Ogun Waterside
Ogun,27,Ijebu East,08,Imobi I,09,Cath. Pry. Sch. Potedo,003,27/08/09/003,Ogun East,Ijebu North/Ijebu East/Ogun Waterside
Ogun,27,Ijebu East,08,Imobi I,09,Denuren,004,27/08/09/004,Ogun East,Ijebu North/Ijebu East/Ogun Waterside
Ogun,27,Ijebu East,08,Imobi I,09,Moslem Pry. Sch. Ita Pampa,005,27/08/09/005,Ogun East,Ijebu North/Ijebu East/Ogun Waterside
Ogun,27,Ijebu East,08,Imobi I,09,Moslem Pry. Sch. Terelu,006,27/08/09/006,Ogun East,Ijebu North/Ijebu East/Ogun Waterside
Ogun,27,Ijebu East,08,Imobi I,09,Toliwo Oke-Imobi,007,27/08/09/007,Ogun East,Ijebu North/Ijebu East/Ogun Waterside
Ogun,27,Ijebu East,08,Imobi I,09,Mafowoku,008,27/08/09/008,Ogun East,Ijebu North/Ijebu East/Ogun Waterside
Ogun,27,Ijebu East,08,Imobi Ii,10,Cath. School Itasin,001,27/08/10/001,Ogun East,Ijebu North/Ijebu East/Ogun Waterside
Ogun,27,Ijebu East,08,Imobi Ii,10,Cath. School Ebute - Imobi,002,27/08/10/002,Ogun East,Ijebu North/Ijebu East/Ogun Waterside
Ogun,27,Ijebu East,08,Imobi Ii,10,Ang. Pry. Sch. Oki-Araromi,003,27/08/10/003,Ogun East,Ijebu North/Ijebu East/Ogun Waterside
Ogun,27,Ijebu East,08,Imobi Ii,10,Cath. Sch. Oki- Igbode  I,004,27/08/10/004,Ogun East,Ijebu North/Ijebu East/Ogun Waterside
Ogun,27,Ijebu East,08,Imobi Ii,10,Cath. Sch. Oki- Igbode  Ii,005,27/08/10/005,Ogun East,Ijebu North/Ijebu East/Ogun Waterside
Ogun,27,Ijebu East,08,Imobi Ii,10,St. Columbus Oke - Makun,006,27/08/10/006,Ogun East,Ijebu North/Ijebu East/Ogun Waterside
Ogun,27,Ijebu East,08,Imobi Ii,10,Tegun Silu Square,007,27/08/10/007,Ogun East,Ijebu North/Ijebu East/Ogun Waterside
Ogun,27,Ijebu East,08,Imobi Ii,10,Totunba,008,27/08/10/008,Ogun East,Ijebu North/Ijebu East/Ogun Waterside
Ogun,27,Ijebu East,08,Ajebandele,11,Community Pry. School Orita J 4,001,27/08/11/001,Ogun East,Ijebu North/Ijebu East/Ogun Waterside
Ogun,27,Ijebu East,08,Ajebandele,11,Ajegbende,002,27/08/11/002,Ogun East,Ijebu North/Ijebu East/Ogun Waterside
Ogun,27,Ijebu East,08,Ajebandele,11,Orisumbare,003,27/08/11/003,Ogun East,Ijebu North/Ijebu East/Ogun Waterside
Ogun,27,Ijebu East,08,Ajebandele,11,St. Saviour'S Sch. Ajebandele  I,004,27/08/11/004,Ogun East,Ijebu North/Ijebu East/Ogun Waterside
Ogun,27,Ijebu East,08,Ajebandele,11,St. Saviour'S Sch. Ajebandele  Ii,005,27/08/11/005,Ogun East,Ijebu North/Ijebu East/Ogun Waterside
Ogun,27,Ijebu East,08,Ajebandele,11,Comm. Pry. Sch. Oloji,006,27/08/11/006,Ogun East,Ijebu North/Ijebu East/Ogun Waterside
Ogun,27,Ijebu East,08,Ajebandele,11,Comm. Pry. Sch. Aberu,007,27/08/11/007,Ogun East,Ijebu North/Ijebu East/Ogun Waterside
Ogun,27,Ijebu East,08,Ajebandele,11,St. Peters Sch. Fowowa  J4,008,27/08/11/008,Ogun East,Ijebu North/Ijebu East/Ogun Waterside
Ogun,27,Ijebu East,08,Ajebandele,11,Open Space At Alafia Camp,009,27/08/11/009,Ogun East,Ijebu North/Ijebu East/Ogun Waterside
Ogun,27,Ijebu East,08,Ajebandele,11,Ajelanwa,010,27/08/11/010,Ogun East,Ijebu North/Ijebu East/Ogun Waterside
Ogun,27,Ijebu East,08,Ajebandele,11,Moyafoko Town Hall,011,27/08/11/011,Ogun East,Ijebu North/Ijebu East/Ogun Waterside
Ogun,27,Ijebu East,08,Ajebandele,11,Ago/Sule Town Hall,012,27/08/11/012,Ogun East,Ijebu North/Ijebu East/Ogun Waterside
Ogun,27,Ijebu East,08,Ajebandele,11,Bashiru Town Hall,013,27/08/11/013,Ogun East,Ijebu North/Ijebu East/Ogun Waterside
Ogun,27,Ijebu East,08,Ajebandele,11,Oloke Ali Town Hall,014,27/08/11/014,Ogun East,Ijebu North/Ijebu East/Ogun Waterside
Ogun,27,Ijebu East,08,Ajebandele,11,Owode Community Pry. Sch,015,27/08/11/015,Ogun East,Ijebu North/Ijebu East/Ogun Waterside
Ogun,27,Ijebu East,08,Ajebandele,11,Temidire Town Hall,016,27/08/11/016,Ogun East,Ijebu North/Ijebu East/Ogun Waterside
Ogun,27,Ijebu East,08,Ajebandele,11,Ajebo Town Hall,017,27/08/11/017,Ogun East,Ijebu North/Ijebu East/Ogun Waterside
Ogun,27,Ijebu East,08,Ajebandele,11,Lukosi Community Primary School,018,27/08/11/018,Ogun East,Ijebu North/Ijebu East/Ogun Waterside
Ogun,27,Ijebu East,08,Ajebandele,11,Laagan Town Hall,019,27/08/11/019,Ogun East,Ijebu North/Ijebu East/Ogun Waterside
Ogun,27,Ijebu East,08,Ajebandele,11,"Community Primary School, Idi Egun Site",020,27/08/11/020,Ogun East,Ijebu North/Ijebu East/Ogun Waterside
Ogun,27,Ijebu East,08,Ajebandele,11,"Community Primary School, Ademola Idi Egun",021,27/08/11/021,Ogun East,Ijebu North/Ijebu East/Ogun Waterside
Ogun,27,Ijebu East,08,Ajebandele,11,Ajelanwa Market Square,022,27/08/11/022,Ogun East,Ijebu North/Ijebu East/Ogun Waterside
Ogun,27,Ijebu East,08,Ajebandele,11,Aba Sadiku Town Hall,023,27/08/11/023,Ogun East,Ijebu North/Ijebu East/Ogun Waterside
Ogun,27,Ijebu East,08,Ajebandele,11,Afuye/Ogbara Town Hall,024,27/08/11/024,Ogun East,Ijebu North/Ijebu East/Ogun Waterside
Ogun,27,Ijebu East,08,Ajebandele,11,Olorunpodo Community Pry Sch.,025,27/08/11/025,Ogun East,Ijebu North/Ijebu East/Ogun Waterside
Ogun,27,Ijebu North,09,Atikori,01,In Front Of Oloyede'S House,001,27/09/01/001,Ogun East,Ijebu North/Ijebu East/Ogun Waterside
Ogun,27,Ijebu North,09,Atikori,01,Christ Disciples School,002,27/09/01/002,Ogun East,Ijebu North/Ijebu East/Ogun Waterside
Ogun,27,Ijebu North,09,Atikori,01,Near Bogijie'S House I,003,27/09/01/003,Ogun East,Ijebu North/Ijebu East/Ogun Waterside
Ogun,27,Ijebu North,09,Atikori,01,Near Bogijie'S House Ii,004,27/09/01/004,Ogun East,Ijebu North/Ijebu East/Ogun Waterside
Ogun,27,Ijebu North,09,Atikori,01,"Health Centre, Oke - Ife I",005,27/09/01/005,Ogun East,Ijebu North/Ijebu East/Ogun Waterside
Ogun,27,Ijebu North,09,Atikori,01,"Health Centre, Oke - Ife Ii",006,27/09/01/006,Ogun East,Ijebu North/Ijebu East/Ogun Waterside
Ogun,27,Ijebu North,09,Atikori,01,St. James' School  I,007,27/09/01/007,Ogun East,Ijebu North/Ijebu East/Ogun Waterside
Ogun,27,Ijebu North,09,Atikori,01,In Front Of Dr. Sojobi'S House  I,008,27/09/01/008,Ogun East,Ijebu North/Ijebu East/Ogun Waterside
Ogun,27,Ijebu North,09,Atikori,01,In Front Of Dr. Sojobi'S House Ii,009,27/09/01/009,Ogun East,Ijebu North/Ijebu East/Ogun Waterside
Ogun,27,Ijebu North,09,Atikori,01,In Front Of Jeboda'S House I,010,27/09/01/010,Ogun East,Ijebu North/Ijebu East/Ogun Waterside
Ogun,27,Ijebu North,09,Atikori,01,In Front Of Jeboda'S House Ii,011,27/09/01/011,Ogun East,Ijebu North/Ijebu East/Ogun Waterside
Ogun,27,Ijebu North,09,Atikori,01,In Front Of Imam'S House Okumoje  I,012,27/09/01/012,Ogun East,Ijebu North/Ijebu East/Ogun Waterside
Ogun,27,Ijebu North,09,Atikori,01,In Front Of Imam'S House  Okumoje Ii,013,27/09/01/013,Ogun East,Ijebu North/Ijebu East/Ogun Waterside
Ogun,27,Ijebu North,09,Atikori,01,In Front Of Onigbure'S House,014,27/09/01/014,Ogun East,Ijebu North/Ijebu East/Ogun Waterside
Ogun,27,Ijebu North,09,Atikori,01,Dagbolu Motor Park,015,27/09/01/015,Ogun East,Ijebu North/Ijebu East/Ogun Waterside
Ogun,27,Ijebu North,09,Atikori,01,Health Centre,016,27/09/01/016,Ogun East,Ijebu North/Ijebu East/Ogun Waterside
Ogun,27,Ijebu North,09,Atikori,01,St. James' School Ii,017,27/09/01/017,Ogun East,Ijebu North/Ijebu East/Ogun Waterside
Ogun,27,Ijebu North,09,Atikori,01,Osun Motor Park,018,27/09/01/018,Ogun East,Ijebu North/Ijebu East/Ogun Waterside
Ogun,27,Ijebu North,09,Atikori,01,Shamusu-Suudil Islamic Pry.Sch. Atikori,019,27/09/01/019,Ogun East,Ijebu North/Ijebu East/Ogun Waterside
Ogun,27,Ijebu North,09,Atikori,01,Open Space Beside Vulcaniser House Old Rotimi Jobo Junction,020,27/09/01/020,Ogun East,Ijebu North/Ijebu East/Ogun Waterside
Ogun,27,Ijebu North,09,Atikori,01,Open Space In Front Of Magistrate Court,021,27/09/01/021,Ogun East,Ijebu North/Ijebu East/Ogun Waterside
Ogun,27,Ijebu North,09,Atikori,01,Kegbo Comprehensive High School,022,27/09/01/022,Ogun East,Ijebu North/Ijebu East/Ogun Waterside
Ogun,27,Ijebu North,09,Japara/Ojowo,02,In Front Of Nubi Carpenter'S House,001,27/09/02/001,Ogun East,Ijebu North/Ijebu East/Ogun Waterside
Ogun,27,Ijebu North,09,Japara/Ojowo,02,At Local Govt. Market,002,27/09/02/002,Ogun East,Ijebu North/Ijebu East/Ogun Waterside
Ogun,27,Ijebu North,09,Japara/Ojowo,02,In Front Of Oloritun'S House,003,27/09/02/003,Ogun East,Ijebu North/Ijebu East/Ogun Waterside
Ogun,27,Ijebu North,09,Japara/Ojowo,02,St. Mathew School Ii,004,27/09/02/004,Ogun East,Ijebu North/Ijebu East/Ogun Waterside
Ogun,27,Ijebu North,09,Japara/Ojowo,02,At Vicarage,005,27/09/02/005,Ogun East,Ijebu North/Ijebu East/Ogun Waterside
Ogun,27,Ijebu North,09,Japara/Ojowo,02,St. Mathew School I,006,27/09/02/006,Ogun East,Ijebu North/Ijebu East/Ogun Waterside
Ogun,27,Ijebu North,09,Japara/Ojowo,02,"St. Luke'S School, Japara",007,27/09/02/007,Ogun East,Ijebu North/Ijebu East/Ogun Waterside
Ogun,27,Ijebu North,09,Japara/Ojowo,02,Front Of Sodina'S House 008,008,27/09/02/008,Ogun East,Ijebu North/Ijebu East/Ogun Waterside
Ogun,27,Ijebu North,09,Japara/Ojowo,02,"Front Of Health Centre, Japara",009,27/09/02/009,Ogun East,Ijebu North/Ijebu East/Ogun Waterside
Ogun,27,Ijebu North,09,Japara/Ojowo,02,Front Of Ayanwale'S House Ojowo,010,27/09/02/010,Ogun East,Ijebu North/Ijebu East/Ogun Waterside
Ogun,27,Ijebu North,09,Japara/Ojowo,02,Front Of Alhaji Lawals House Odoraboyeji,011,27/09/02/011,Ogun East,Ijebu North/Ijebu East/Ogun Waterside
Ogun,27,Ijebu North,09,Japara/Ojowo,02,Front Of Abegunde'S House Aledo,012,27/09/02/012,Ogun East,Ijebu North/Ijebu East/Ogun Waterside
Ogun,27,Ijebu North,09,Japara/Ojowo,02,Front Of Abegunde'S House Aledo  Ii,013,27/09/02/013,Ogun East,Ijebu North/Ijebu East/Ogun Waterside
Ogun,27,Ijebu North,09,Japara/Ojowo,02,Roundabout Odosenbadejo,014,27/09/02/014,Ogun East,Ijebu North/Ijebu East/Ogun Waterside
Ogun,27,Ijebu North,09,Japara/Ojowo,02,Abidun Hall,015,27/09/02/015,Ogun East,Ijebu North/Ijebu East/Ogun Waterside
Ogun,27,Ijebu North,09,Japara/Ojowo,02,Front Of Adaramaja' House,016,27/09/02/016,Ogun East,Ijebu North/Ijebu East/Ogun Waterside
Ogun,27,Ijebu North,09,Japara/Ojowo,02,Front Of S.S. Banjo'S House,017,27/09/02/017,Ogun East,Ijebu North/Ijebu East/Ogun Waterside
Ogun,27,Ijebu North,09,Japara/Ojowo,02,Open Space At Aro Adebisi Junction,018,27/09/02/018,Ogun East,Ijebu North/Ijebu East/Ogun Waterside
Ogun,27,Ijebu North,09,Japara/Ojowo,02,"Ijebu Igbo Girl Grammar Sch, Ojowo",019,27/09/02/019,Ogun East,Ijebu North/Ijebu East/Ogun Waterside
Ogun,27,Ijebu North,09,Japara/Ojowo,02,"Japara High School, Japara, Ijebu North",020,27/09/02/020,Ogun East,Ijebu North/Ijebu East/Ogun Waterside
Ogun,27,Ijebu North,09,Omen,03,Papa Ologboni'S Village,001,27/09/03/001,Ogun East,Ijebu North/Ijebu East/Ogun Waterside
Ogun,27,Ijebu North,09,Omen,03,Ipakodo Village,002,27/09/03/002,Ogun East,Ijebu North/Ijebu East/Ogun Waterside
Ogun,27,Ijebu North,09,Omen,03,Dagbolu Local Govt. Sch. I,003,27/09/03/003,Ogun East,Ijebu North/Ijebu East/Ogun Waterside
Ogun,27,Ijebu North,09,Omen,03,Dagbolu Local Govt. Sch. Ii,004,27/09/03/004,Ogun East,Ijebu North/Ijebu East/Ogun Waterside
Ogun,27,Ijebu North,09,Omen,03,Ita Egba Anglican Sch.,005,27/09/03/005,Ogun East,Ijebu North/Ijebu East/Ogun Waterside
Ogun,27,Ijebu North,09,Omen,03,L.G. Sch. Lumogede,006,27/09/03/006,Ogun East,Ijebu North/Ijebu East/Ogun Waterside
Ogun,27,Ijebu North,09,Omen,03,"L.G. Sch. Ganrigan, Japara",007,27/09/03/007,Ogun East,Ijebu North/Ijebu East/Ogun Waterside
Ogun,27,Ijebu North,09,Omen,03,Ajebandele Ogunye Village,008,27/09/03/008,Ogun East,Ijebu North/Ijebu East/Ogun Waterside
Ogun,27,Ijebu North,09,Omen,03,Okoliyan Village,009,27/09/03/009,Ogun East,Ijebu North/Ijebu East/Ogun Waterside
Ogun,27,Ijebu North,09,Omen,03,Odulaja Baale Pry. School,010,27/09/03/010,Ogun East,Ijebu North/Ijebu East/Ogun Waterside
Ogun,27,Ijebu North,09,Omen,03,Idioparun Village   I,011,27/09/03/011,Ogun East,Ijebu North/Ijebu East/Ogun Waterside
Ogun,27,Ijebu North,09,Omen,03,Idioparun Village   Ii,012,27/09/03/012,Ogun East,Ijebu North/Ijebu East/Ogun Waterside
Ogun,27,Ijebu North,09,Omen,03,Eridu Village,013,27/09/03/013,Ogun East,Ijebu North/Ijebu East/Ogun Waterside
Ogun,27,Ijebu North,09,Omen,03,Orita Agbade I,014,27/09/03/014,Ogun East,Ijebu North/Ijebu East/Ogun Waterside
Ogun,27,Ijebu North,09,Omen,03,Orita Agbade Ii,015,27/09/03/015,Ogun East,Ijebu North/Ijebu East/Ogun Waterside
Ogun,27,Ijebu North,09,Omen,03,Aba Titun Village I,016,27/09/03/016,Ogun East,Ijebu North/Ijebu East/Ogun Waterside
Ogun,27,Ijebu North,09,Omen,03,Aba Titun Village Ii,017,27/09/03/017,Ogun East,Ijebu North/Ijebu East/Ogun Waterside
Ogun,27,Ijebu North,09,Omen,03,Oshunbudepo I,018,27/09/03/018,Ogun East,Ijebu North/Ijebu East/Ogun Waterside
Ogun,27,Ijebu North,09,Omen,03,Oshunbudepo Ii,019,27/09/03/019,Ogun East,Ijebu North/Ijebu East/Ogun Waterside
Ogun,27,Ijebu North,09,Omen,03,Agbalason Village,020,27/09/03/020,Ogun East,Ijebu North/Ijebu East/Ogun Waterside
Ogun,27,Ijebu North,09,Omen,03,Odulaja House,021,27/09/03/021,Ogun East,Ijebu North/Ijebu East/Ogun Waterside
Ogun,27,Ijebu North,09,Omen,03,Idioparun Village,022,27/09/03/022,Ogun East,Ijebu North/Ijebu East/Ogun Waterside
Ogun,27,Ijebu North,09,Osun,04,Imopa Market  I,001,27/09/04/001,Ogun East,Ijebu North/Ijebu East/Ogun Waterside
Ogun,27,Ijebu North,09,Osun,04,Imopa Market  Ii,002,27/09/04/002,Ogun East,Ijebu North/Ijebu East/Ogun Waterside
Ogun,27,Ijebu North,09,Osun,04,R.C.M. School Idagolu,003,27/09/04/003,Ogun East,Ijebu North/Ijebu East/Ogun Waterside
Ogun,27,Ijebu North,09,Osun,04,"St. George'S Sch., Aparaki",004,27/09/04/004,Ogun East,Ijebu North/Ijebu East/Ogun Waterside
Ogun,27,Ijebu North,09,Osun,04,L.G. Sch. Egamoro,005,27/09/04/005,Ogun East,Ijebu North/Ijebu East/Ogun Waterside
Ogun,27,Ijebu North,09,Osun,04,Odoosun Village,006,27/09/04/006,Ogun East,Ijebu North/Ijebu East/Ogun Waterside
Ogun,27,Ijebu North,09,Osun,04,St. Stephen'S Sch. Asigidi,007,27/09/04/007,Ogun East,Ijebu North/Ijebu East/Ogun Waterside
Ogun,27,Ijebu North,09,Osun,04,St. Peter'S Sch. Agunboye,008,27/09/04/008,Ogun East,Ijebu North/Ijebu East/Ogun Waterside
Ogun,27,Ijebu North,09,Osun,04,Araromi Adekanbi,009,27/09/04/009,Ogun East,Ijebu North/Ijebu East/Ogun Waterside
Ogun,27,Ijebu North,09,Osun,04,Olorunmodi Village I,010,27/09/04/010,Ogun East,Ijebu North/Ijebu East/Ogun Waterside
Ogun,27,Ijebu North,09,Osun,04,Olorunmodi Village Ii,011,27/09/04/011,Ogun East,Ijebu North/Ijebu East/Ogun Waterside
Ogun,27,Ijebu North,09,Osun,04,"St. George Pry. R.C.M. School, Togunbero",012,27/09/04/012,Ogun East,Ijebu North/Ijebu East/Ogun Waterside
Ogun,27,Ijebu North,09,Osun,04,"L.G. Out School, Akinlade, Obisan",013,27/09/04/013,Ogun East,Ijebu North/Ijebu East/Ogun Waterside
Ogun,27,Ijebu North,09,Osun,04,Damdola Village,014,27/09/04/014,Ogun East,Ijebu North/Ijebu East/Ogun Waterside
Ogun,27,Ijebu North,09,Osun,04,L.G. School Apoje,015,27/09/04/015,Ogun East,Ijebu North/Ijebu East/Ogun Waterside
Ogun,27,Ijebu North,09,Osun,04,Idekan Camp,016,27/09/04/016,Ogun East,Ijebu North/Ijebu East/Ogun Waterside
Ogun,27,Ijebu North,09,Osun,04,Tisaba Village,017,27/09/04/017,Ogun East,Ijebu North/Ijebu East/Ogun Waterside
Ogun,27,Ijebu North,09,Osun,04,Tigiwa Village,018,27/09/04/018,Ogun East,Ijebu North/Ijebu East/Ogun Waterside
Ogun,27,Ijebu North,09,Osun,04,Agboro Village,019,27/09/04/019,Ogun East,Ijebu North/Ijebu East/Ogun Waterside
Ogun,27,Ijebu North,09,Osun,04,Abeku East  I,020,27/09/04/020,Ogun East,Ijebu North/Ijebu East/Ogun Waterside
Ogun,27,Ijebu North,09,Osun,04,Abeku East  Ii,021,27/09/04/021,Ogun East,Ijebu North/Ijebu East/Ogun Waterside
Ogun,27,Ijebu North,09,Osun,04,Erigboro Village,022,27/09/04/022,Ogun East,Ijebu North/Ijebu East/Ogun Waterside
Ogun,27,Ijebu North,09,Osun,04,Temidire Village,023,27/09/04/023,Ogun East,Ijebu North/Ijebu East/Ogun Waterside
Ogun,27,Ijebu North,09,Osun,04,Abeku East Ii,024,27/09/04/024,Ogun East,Ijebu North/Ijebu East/Ogun Waterside
Ogun,27,Ijebu North,09,Osun,04,Abeku (Togedengbe),025,27/09/04/025,Ogun East,Ijebu North/Ijebu East/Ogun Waterside
Ogun,27,Ijebu North,09,Osun,04,Laoka Osoko Village,026,27/09/04/026,Ogun East,Ijebu North/Ijebu East/Ogun Waterside
Ogun,27,Ijebu North,09,Osun,04,Baoku  Village Square,027,27/09/04/027,Ogun East,Ijebu North/Ijebu East/Ogun Waterside
Ogun,27,Ijebu North,09,Osun,04,Open Space At Temidire Aba Tuntun,028,27/09/04/028,Ogun East,Ijebu North/Ijebu East/Ogun Waterside
Ogun,27,Ijebu North,09,Osun,04,"Oshoko Community Pry  School , Oshoko",029,27/09/04/029,Ogun East,Ijebu North/Ijebu East/Ogun Waterside
Ogun,27,Ijebu North,09,Oke Agbo,05,Opp. Ojubanire'S House I,001,27/09/05/001,Ogun East,Ijebu North/Ijebu East/Ogun Waterside
Ogun,27,Ijebu North,09,Oke Agbo,05,Opp. Ojubanire'S House Ii,002,27/09/05/002,Ogun East,Ijebu North/Ijebu East/Ogun Waterside
Ogun,27,Ijebu North,09,Oke Agbo,05,Front Of Odeku'S House Okemoro  I,003,27/09/05/003,Ogun East,Ijebu North/Ijebu East/Ogun Waterside
Ogun,27,Ijebu North,09,Oke Agbo,05,Front Of Odeku'S House Okemoro  Ii,004,27/09/05/004,Ogun East,Ijebu North/Ijebu East/Ogun Waterside
Ogun,27,Ijebu North,09,Oke Agbo,05,Front Of Easy Life House I,005,27/09/05/005,Ogun East,Ijebu North/Ijebu East/Ogun Waterside
Ogun,27,Ijebu North,09,Oke Agbo,05,Holy Angel'S Pry. Sch. Idosa,006,27/09/05/006,Ogun East,Ijebu North/Ijebu East/Ogun Waterside
Ogun,27,Ijebu North,09,Oke Agbo,05,St. Philips School Ii,007,27/09/05/007,Ogun East,Ijebu North/Ijebu East/Ogun Waterside
Ogun,27,Ijebu North,09,Oke Agbo,05,Front Of Eleyun'S House,008,27/09/05/008,Ogun East,Ijebu North/Ijebu East/Ogun Waterside
Ogun,27,Ijebu North,09,Oke Agbo,05,St. Philips School I,009,27/09/05/009,Ogun East,Ijebu North/Ijebu East/Ogun Waterside
Ogun,27,Ijebu North,09,Oke Agbo,05,L.G. Pry. School Aledo,010,27/09/05/010,Ogun East,Ijebu North/Ijebu East/Ogun Waterside
Ogun,27,Ijebu North,09,Oke Agbo,05,Front Of Chief Badejo'S House (Babamo)  I,011,27/09/05/011,Ogun East,Ijebu North/Ijebu East/Ogun Waterside
Ogun,27,Ijebu North,09,Oke Agbo,05,Front Of Chief Badejo'S House (Babamo) Ii,012,27/09/05/012,Ogun East,Ijebu North/Ijebu East/Ogun Waterside
Ogun,27,Ijebu North,09,Oke Agbo,05,Front Of Dacostal'S House,013,27/09/05/013,Ogun East,Ijebu North/Ijebu East/Ogun Waterside
Ogun,27,Ijebu North,09,Oke Agbo,05,Front Of Igamosa,014,27/09/05/014,Ogun East,Ijebu North/Ijebu East/Ogun Waterside
Ogun,27,Ijebu North,09,Oke Agbo,05,Front Of Aledo'S Mosq.,015,27/09/05/015,Ogun East,Ijebu North/Ijebu East/Ogun Waterside
Ogun,27,Ijebu North,09,Oke Agbo,05,Beside Idesan Mosq.  I,016,27/09/05/016,Ogun East,Ijebu North/Ijebu East/Ogun Waterside
Ogun,27,Ijebu North,09,Oke Agbo,05,Beside Idesan Mosq.  Ii,017,27/09/05/017,Ogun East,Ijebu North/Ijebu East/Ogun Waterside
Ogun,27,Ijebu North,09,Oke Agbo,05,Opp. Y.K. Alaso Oke'S House I,018,27/09/05/018,Ogun East,Ijebu North/Ijebu East/Ogun Waterside
Ogun,27,Ijebu North,09,Oke Agbo,05,Opp. Y.K. Alaso Oke'S House Ii,019,27/09/05/019,Ogun East,Ijebu North/Ijebu East/Ogun Waterside
Ogun,27,Ijebu North,09,Oke Agbo,05,Opp. Apole'S House,020,27/09/05/020,Ogun East,Ijebu North/Ijebu East/Ogun Waterside
Ogun,27,Ijebu North,09,Oke Agbo,05,In Front Of Bala Bukola'S House,021,27/09/05/021,Ogun East,Ijebu North/Ijebu East/Ogun Waterside
Ogun,27,Ijebu North,09,Oke Agbo,05,Kadiri Junction,022,27/09/05/022,Ogun East,Ijebu North/Ijebu East/Ogun Waterside
Ogun,27,Ijebu North,09,Oke Agbo,05,In Front Of Easy Life House Ii,023,27/09/05/023,Ogun East,Ijebu North/Ijebu East/Ogun Waterside
Ogun,27,Ijebu North,09,Oke Agbo,05,Front Of Eleyin'S House,024,27/09/05/024,Ogun East,Ijebu North/Ijebu East/Ogun Waterside
Ogun,27,Ijebu North,09,Oke Agbo,05,"Itaale Motor Park , Oke Agbo",025,27/09/05/025,Ogun East,Ijebu North/Ijebu East/Ogun Waterside
Ogun,27,Ijebu North,09,Oke Agbo,05,Shamsudeen Grammar School .Oke Agbo,026,27/09/05/026,Ogun East,Ijebu North/Ijebu East/Ogun Waterside
Ogun,27,Ijebu North,09,Oke Sopin,06,Space At Odo Balogun'S,001,27/09/06/001,Ogun East,Ijebu North/Ijebu East/Ogun Waterside
Ogun,27,Ijebu North,09,Oke Sopin,06,Front Of Alh. Alubankudi'S House I,002,27/09/06/002,Ogun East,Ijebu North/Ijebu East/Ogun Waterside
Ogun,27,Ijebu North,09,Oke Sopin,06,Front Of Alh. Alubankudi'S House Ii,003,27/09/06/003,Ogun East,Ijebu North/Ijebu East/Ogun Waterside
Ogun,27,Ijebu North,09,Oke Sopin,06,"St. John'S Cath. Sch., Oke Padi",004,27/09/06/004,Ogun East,Ijebu North/Ijebu East/Ogun Waterside
Ogun,27,Ijebu North,09,Oke Sopin,06,"St. John'S Cath. Sch., Oke Padi Ii",005,27/09/06/005,Ogun East,Ijebu North/Ijebu East/Ogun Waterside
Ogun,27,Ijebu North,09,Oke Sopin,06,Near Legumsen Mosq. Itowo,006,27/09/06/006,Ogun East,Ijebu North/Ijebu East/Ogun Waterside
Ogun,27,Ijebu North,09,Oke Sopin,06,Odoyangusise Junction,007,27/09/06/007,Ogun East,Ijebu North/Ijebu East/Ogun Waterside
Ogun,27,Ijebu North,09,Oke Sopin,06,Space At Ojolo,008,27/09/06/008,Ogun East,Ijebu North/Ijebu East/Ogun Waterside
Ogun,27,Ijebu North,09,Oke Sopin,06,Near Odobotu'S Mosq. I,009,27/09/06/009,Ogun East,Ijebu North/Ijebu East/Ogun Waterside
Ogun,27,Ijebu North,09,Oke Sopin,06,Front Of Funwondara Mosq. I,010,27/09/06/010,Ogun East,Ijebu North/Ijebu East/Ogun Waterside
Ogun,27,Ijebu North,09,Oke Sopin,06,Obada Motor Park,011,27/09/06/011,Ogun East,Ijebu North/Ijebu East/Ogun Waterside
Ogun,27,Ijebu North,09,Oke Sopin,06,Idi-Aba Igbaire,012,27/09/06/012,Ogun East,Ijebu North/Ijebu East/Ogun Waterside
Ogun,27,Ijebu North,09,Oke Sopin,06,Moslem School Igbare I,013,27/09/06/013,Ogun East,Ijebu North/Ijebu East/Ogun Waterside
Ogun,27,Ijebu North,09,Oke Sopin,06,Moslem School Igbare Ii,014,27/09/06/014,Ogun East,Ijebu North/Ijebu East/Ogun Waterside
Ogun,27,Ijebu North,09,Oke Sopin,06,Front Of Odoraye'S House,015,27/09/06/015,Ogun East,Ijebu North/Ijebu East/Ogun Waterside
Ogun,27,Ijebu North,09,Oke Sopin,06,Beside Public Library Ogungbo Street I,016,27/09/06/016,Ogun East,Ijebu North/Ijebu East/Ogun Waterside
Ogun,27,Ijebu North,09,Oke Sopin,06,Beside Public Library Ogungbo Street Ii,017,27/09/06/017,Ogun East,Ijebu North/Ijebu East/Ogun Waterside
Ogun,27,Ijebu North,09,Oke Sopin,06,Beside Itowo Mosque,018,27/09/06/018,Ogun East,Ijebu North/Ijebu East/Ogun Waterside
Ogun,27,Ijebu North,09,Oke Sopin,06,"St. John'S School, Oke Jaga",019,27/09/06/019,Ogun East,Ijebu North/Ijebu East/Ogun Waterside
Ogun,27,Ijebu North,09,Oke Sopin,06,Beside Odoramusegun Mosque,020,27/09/06/020,Ogun East,Ijebu North/Ijebu East/Ogun Waterside
Ogun,27,Ijebu North,09,Oke Sopin,06,A.U.D. Pry. School Oke-Sopin,021,27/09/06/021,Ogun East,Ijebu North/Ijebu East/Ogun Waterside
Ogun,27,Ijebu North,09,Oke Sopin,06,Front Of Olly  The Tailor I,022,27/09/06/022,Ogun East,Ijebu North/Ijebu East/Ogun Waterside
Ogun,27,Ijebu North,09,Oke Sopin,06,"Front Of Paramole'S House, Oke Tako",023,27/09/06/023,Ogun East,Ijebu North/Ijebu East/Ogun Waterside
Ogun,27,Ijebu North,09,Oke Sopin,06,Shoka'S Junction,024,27/09/06/024,Ogun East,Ijebu North/Ijebu East/Ogun Waterside
Ogun,27,Ijebu North,09,Oke Sopin,06,Front Of Odorasoyin,025,27/09/06/025,Ogun East,Ijebu North/Ijebu East/Ogun Waterside
Ogun,27,Ijebu North,09,Oke Sopin,06,Beside Taden Garden Hotel Egbe,026,27/09/06/026,Ogun East,Ijebu North/Ijebu East/Ogun Waterside
Ogun,27,Ijebu North,09,Oke Sopin,06,Odo-Balogun Junction,027,27/09/06/027,Ogun East,Ijebu North/Ijebu East/Ogun Waterside
Ogun,27,Ijebu North,09,Oke Sopin,06,Front Of Funwondara'S House Ii,028,27/09/06/028,Ogun East,Ijebu North/Ijebu East/Ogun Waterside
Ogun,27,Ijebu North,09,Oke Sopin,06,"Moslem School, Igbaire Iii",029,27/09/06/029,Ogun East,Ijebu North/Ijebu East/Ogun Waterside
Ogun,27,Ijebu North,09,Oke Sopin,06,Near Odobotu'S Mosq. Ii,030,27/09/06/030,Ogun East,Ijebu North/Ijebu East/Ogun Waterside
Ogun,27,Ijebu North,09,Oke Sopin,06,Front Of Alubankudiâ€™S House Iii,031,27/09/06/031,Ogun East,Ijebu North/Ijebu East/Ogun Waterside
Ogun,27,Ijebu North,09,Oke Sopin,06,Front Olly Tailor Ii,032,27/09/06/032,Ogun East,Ijebu North/Ijebu East/Ogun Waterside
Ogun,27,Ijebu North,09,Oke Sopin,06,St Joseph Rcm Pry Sch  Oke Sopin,033,27/09/06/033,Ogun East,Ijebu North/Ijebu East/Ogun Waterside
Ogun,27,Ijebu North,09,Oke Sopin,06,Open Space At Shonubi Junction,034,27/09/06/034,Ogun East,Ijebu North/Ijebu East/Ogun Waterside
Ogun,27,Ijebu North,09,Oke Sopin,06,St Thomas Ac Pry School Obada,035,27/09/06/035,Ogun East,Ijebu North/Ijebu East/Ogun Waterside
Ogun,27,Ijebu North,09,Oke Sopin,06,Molusi College,036,27/09/06/036,Ogun East,Ijebu North/Ijebu East/Ogun Waterside
Ogun,27,Ijebu North,09,Oke Sopin,06,"Open Space At Hope Immaculate  Sch, Shokas",037,27/09/06/037,Ogun East,Ijebu North/Ijebu East/Ogun Waterside
Ogun,27,Ijebu North,09,Oke Sopin,06,"Front  Of Abusi Edumare Academy School, Ijebu Igbo",038,27/09/06/038,Ogun East,Ijebu North/Ijebu East/Ogun Waterside
Ogun,27,Ijebu North,09,Oke Sopin,06,"Infront Of Egbe Health Centre, Oke Sopin",039,27/09/06/039,Ogun East,Ijebu North/Ijebu East/Ogun Waterside
Ogun,27,Ijebu North,09,Oru/Awa/Ilaporu,07,Sagun United Pry. Sch. - Oru,001,27/09/07/001,Ogun East,Ijebu North/Ijebu East/Ogun Waterside
Ogun,27,Ijebu North,09,Oru/Awa/Ilaporu,07,Itale Awa,002,27/09/07/002,Ogun East,Ijebu North/Ijebu East/Ogun Waterside
Ogun,27,Ijebu North,09,Oru/Awa/Ilaporu,07,"Ajebo Moslem School, Oru",003,27/09/07/003,Ogun East,Ijebu North/Ijebu East/Ogun Waterside
Ogun,27,Ijebu North,09,Oru/Awa/Ilaporu,07,St. Marks Pry Sch. Falafomu Oru,004,27/09/07/004,Ogun East,Ijebu North/Ijebu East/Ogun Waterside
Ogun,27,Ijebu North,09,Oru/Awa/Ilaporu,07,Wesley Sch. Awa,005,27/09/07/005,Ogun East,Ijebu North/Ijebu East/Ogun Waterside
Ogun,27,Ijebu North,09,Oru/Awa/Ilaporu,07,Moslem School Awa,006,27/09/07/006,Ogun East,Ijebu North/Ijebu East/Ogun Waterside
Ogun,27,Ijebu North,09,Oru/Awa/Ilaporu,07,"Ajegunle Pry. School, Awa",007,27/09/07/007,Ogun East,Ijebu North/Ijebu East/Ogun Waterside
Ogun,27,Ijebu North,09,Oru/Awa/Ilaporu,07,"St. Rose'S Cath. School, Oru",008,27/09/07/008,Ogun East,Ijebu North/Ijebu East/Ogun Waterside
Ogun,27,Ijebu North,09,Oru/Awa/Ilaporu,07,"Idofe Comp. High School, Oru",009,27/09/07/009,Ogun East,Ijebu North/Ijebu East/Ogun Waterside
Ogun,27,Ijebu North,09,Oru/Awa/Ilaporu,07,Itale Oru I,010,27/09/07/010,Ogun East,Ijebu North/Ijebu East/Ogun Waterside
Ogun,27,Ijebu North,09,Oru/Awa/Ilaporu,07,"St. Michael'S Ang. School, Aredi-Awa",011,27/09/07/011,Ogun East,Ijebu North/Ijebu East/Ogun Waterside
Ogun,27,Ijebu North,09,Oru/Awa/Ilaporu,07,"In Front Of Tiyamiyu House, Oke-Ife Oru",012,27/09/07/012,Ogun East,Ijebu North/Ijebu East/Ogun Waterside
Ogun,27,Ijebu North,09,Oru/Awa/Ilaporu,07,Oke Sewon Awa,013,27/09/07/013,Ogun East,Ijebu North/Ijebu East/Ogun Waterside
Ogun,27,Ijebu North,09,Oru/Awa/Ilaporu,07,In Front Of Jimoh Nusi'S House Ilaporu,014,27/09/07/014,Ogun East,Ijebu North/Ijebu East/Ogun Waterside
Ogun,27,Ijebu North,09,Oru/Awa/Ilaporu,07,In Front Of Alaporu'S Palace,015,27/09/07/015,Ogun East,Ijebu North/Ijebu East/Ogun Waterside
Ogun,27,Ijebu North,09,Oru/Awa/Ilaporu,07,Itale Oru Ii,016,27/09/07/016,Ogun East,Ijebu North/Ijebu East/Ogun Waterside
Ogun,27,Ijebu North,09,Oru/Awa/Ilaporu,07,Front Of Musi'S House,017,27/09/07/017,Ogun East,Ijebu North/Ijebu East/Ogun Waterside
Ogun,27,Ijebu North,09,Oru/Awa/Ilaporu,07,Open Space Methodist Church Awa,018,27/09/07/018,Ogun East,Ijebu North/Ijebu East/Ogun Waterside
Ogun,27,Ijebu North,09,Oru/Awa/Ilaporu,07,"Open Space Imota Quarters, Oru",019,27/09/07/019,Ogun East,Ijebu North/Ijebu East/Ogun Waterside
Ogun,27,Ijebu North,09,Oru/Awa/Ilaporu,07,"Open Space  At Odogbe Street, Oru",020,27/09/07/020,Ogun East,Ijebu North/Ijebu East/Ogun Waterside
Ogun,27,Ijebu North,09,Oru/Awa/Ilaporu,07,"Open Space At Ayegbami Street, Awa",021,27/09/07/021,Ogun East,Ijebu North/Ijebu East/Ogun Waterside
Ogun,27,Ijebu North,09,Oru/Awa/Ilaporu,07,Oru Town Hall,022,27/09/07/022,Ogun East,Ijebu North/Ijebu East/Ogun Waterside
Ogun,27,Ijebu North,09,Oru/Awa/Ilaporu,07,"Open Space Beside Nscdc Office, Awa",023,27/09/07/023,Ogun East,Ijebu North/Ijebu East/Ogun Waterside
Ogun,27,Ijebu North,09,Oru/Awa/Ilaporu,07,"Refuge Pry. School , Oru",024,27/09/07/024,Ogun East,Ijebu North/Ijebu East/Ogun Waterside
Ogun,27,Ijebu North,09,Ago Iwoye I,08,L.G. Area Office,001,27/09/08/001,Ogun East,Ijebu North/Ijebu East/Ogun Waterside
Ogun,27,Ijebu North,09,Ago Iwoye I,08,Oyinkoro Junction,002,27/09/08/002,Ogun East,Ijebu North/Ijebu East/Ogun Waterside
Ogun,27,Ijebu North,09,Ago Iwoye I,08,R. Odus'S Junction,003,27/09/08/003,Ogun East,Ijebu North/Ijebu East/Ogun Waterside
Ogun,27,Ijebu North,09,Ago Iwoye I,08,Near Owoseni'S House,004,27/09/08/004,Ogun East,Ijebu North/Ijebu East/Ogun Waterside
Ogun,27,Ijebu North,09,Ago Iwoye I,08,Idode Wesley School,005,27/09/08/005,Ogun East,Ijebu North/Ijebu East/Ogun Waterside
Ogun,27,Ijebu North,09,Ago Iwoye I,08,Idode Junction,006,27/09/08/006,Ogun East,Ijebu North/Ijebu East/Ogun Waterside
Ogun,27,Ijebu North,09,Ago Iwoye I,08,Opp. Adesegun'S House,007,27/09/08/007,Ogun East,Ijebu North/Ijebu East/Ogun Waterside
Ogun,27,Ijebu North,09,Ago Iwoye I,08,"Local Govt. School, Igan",008,27/09/08/008,Ogun East,Ijebu North/Ijebu East/Ogun Waterside
Ogun,27,Ijebu North,09,Ago Iwoye I,08,In Front Of Osiyemi'S House,009,27/09/08/009,Ogun East,Ijebu North/Ijebu East/Ogun Waterside
Ogun,27,Ijebu North,09,Ago Iwoye I,08,Wesley Pry. School,010,27/09/08/010,Ogun East,Ijebu North/Ijebu East/Ogun Waterside
Ogun,27,Ijebu North,09,Ago Iwoye I,08,Odomolasa Village,011,27/09/08/011,Ogun East,Ijebu North/Ijebu East/Ogun Waterside
Ogun,27,Ijebu North,09,Ago Iwoye I,08,In Front Of Ogunmosu'S House I,012,27/09/08/012,Ogun East,Ijebu North/Ijebu East/Ogun Waterside
Ogun,27,Ijebu North,09,Ago Iwoye I,08,"Moslem School, Oke-Odo",013,27/09/08/013,Ogun East,Ijebu North/Ijebu East/Ogun Waterside
Ogun,27,Ijebu North,09,Ago Iwoye I,08,In Front Of Baale'S House,014,27/09/08/014,Ogun East,Ijebu North/Ijebu East/Ogun Waterside
Ogun,27,Ijebu North,09,Ago Iwoye I,08,In Front Of Ogunmosu'S House Ii,015,27/09/08/015,Ogun East,Ijebu North/Ijebu East/Ogun Waterside
Ogun,27,Ijebu North,09,Ago Iwoye I,08,In Fron Of Odekomaiyaâ€™S House,016,27/09/08/016,Ogun East,Ijebu North/Ijebu East/Ogun Waterside
Ogun,27,Ijebu North,09,Ago Iwoye I,08,Booth Opp. Fagbamila'S House,017,27/09/08/017,Ogun East,Ijebu North/Ijebu East/Ogun Waterside
Ogun,27,Ijebu North,09,Ago Iwoye I,08,Booth Near Onanuga'S House,018,27/09/08/018,Ogun East,Ijebu North/Ijebu East/Ogun Waterside
Ogun,27,Ijebu North,09,Ago Iwoye I,08,Booth Opp. Baale'S Mabinu'S House,019,27/09/08/019,Ogun East,Ijebu North/Ijebu East/Ogun Waterside
Ogun,27,Ijebu North,09,Ago Iwoye I,08,Booth Opp. Duniya'S House,020,27/09/08/020,Ogun East,Ijebu North/Ijebu East/Ogun Waterside
Ogun,27,Ijebu North,09,Ago Iwoye I,08,"Open Space F.G Community Water Project, Abobi",021,27/09/08/021,Ogun East,Ijebu North/Ijebu East/Ogun Waterside
Ogun,27,Ijebu North,09,Ago Iwoye I,08,Abobi Comprehensive High School,022,27/09/08/022,Ogun East,Ijebu North/Ijebu East/Ogun Waterside
Ogun,27,Ijebu North,09,Ago Iwoye I,08,"Open Space At Fakunfakun Motor Park, Itamerin, Ago Iwoye",023,27/09/08/023,Ogun East,Ijebu North/Ijebu East/Ogun Waterside
Ogun,27,Ijebu North,09,Ago Iwoye I,08,Oke Odo Primary Health Centre,024,27/09/08/024,Ogun East,Ijebu North/Ijebu East/Ogun Waterside
Ogun,27,Ijebu North,09,Ago Iwoye I,08,"Open At Space Koroko Area, Igo Iwoye",025,27/09/08/025,Ogun East,Ijebu North/Ijebu East/Ogun Waterside
Ogun,27,Ijebu North,09,Ago Iwoye I,08,Open Space At Konigba Junction Ago Iwoye,026,27/09/08/026,Ogun East,Ijebu North/Ijebu East/Ogun Waterside
Ogun,27,Ijebu North,09,Ago Iwoye Ii,09,Omoedumare Model Pry. School,001,27/09/09/001,Ogun East,Ijebu North/Ijebu East/Ogun Waterside
Ogun,27,Ijebu North,09,Ago Iwoye Ii,09,Near Alh. Olowo Igbo'S House,002,27/09/09/002,Ogun East,Ijebu North/Ijebu East/Ogun Waterside
Ogun,27,Ijebu North,09,Ago Iwoye Ii,09,Front Of Adegberin'S House,003,27/09/09/003,Ogun East,Ijebu North/Ijebu East/Ogun Waterside
Ogun,27,Ijebu North,09,Ago Iwoye Ii,09,Okanlawon Junction,004,27/09/09/004,Ogun East,Ijebu North/Ijebu East/Ogun Waterside
Ogun,27,Ijebu North,09,Ago Iwoye Ii,09,Ako Moslem School,005,27/09/09/005,Ogun East,Ijebu North/Ijebu East/Ogun Waterside
Ogun,27,Ijebu North,09,Ago Iwoye Ii,09,In Front Of Osiyokun Imoisisi Quarters,006,27/09/09/006,Ogun East,Ijebu North/Ijebu East/Ogun Waterside
Ogun,27,Ijebu North,09,Ago Iwoye Ii,09,Odo Yangburin'S Juction,007,27/09/09/007,Ogun East,Ijebu North/Ijebu East/Ogun Waterside
Ogun,27,Ijebu North,09,Ago Iwoye Ii,09,Front Of Akinsolaâ€™S House,008,27/09/09/008,Ogun East,Ijebu North/Ijebu East/Ogun Waterside
Ogun,27,Ijebu North,09,Ago Iwoye Ii,09,Imosisi Wesley School,009,27/09/09/009,Ogun East,Ijebu North/Ijebu East/Ogun Waterside
Ogun,27,Ijebu North,09,Ago Iwoye Ii,09,Open Space In Front Of J.M.K'S House,010,27/09/09/010,Ogun East,Ijebu North/Ijebu East/Ogun Waterside
Ogun,27,Ijebu North,09,Ago Iwoye Ii,09,Front Of Ogun Sowobo'S House,011,27/09/09/011,Ogun East,Ijebu North/Ijebu East/Ogun Waterside
Ogun,27,Ijebu North,09,Ago Iwoye Ii,09,Muslim High School,012,27/09/09/012,Ogun East,Ijebu North/Ijebu East/Ogun Waterside
Ogun,27,Ijebu North,09,Ago Iwoye Ii,09,Imere Moslem School,013,27/09/09/013,Ogun East,Ijebu North/Ijebu East/Ogun Waterside
Ogun,27,Ijebu North,09,Ago Iwoye Ii,09,Beside High Class,014,27/09/09/014,Ogun East,Ijebu North/Ijebu East/Ogun Waterside
Ogun,27,Ijebu North,09,Ago Iwoye Ii,09,St. Paul'S Pry. School Imere,015,27/09/09/015,Ogun East,Ijebu North/Ijebu East/Ogun Waterside
Ogun,27,Ijebu North,09,Ago Iwoye Ii,09,Ago Iwoye Secondaty School,016,27/09/09/016,Ogun East,Ijebu North/Ijebu East/Ogun Waterside
Ogun,27,Ijebu North,09,Ago Iwoye Ii,09,Booth Opp. Kunkusiâ€™S House,017,27/09/09/017,Ogun East,Ijebu North/Ijebu East/Ogun Waterside
Ogun,27,Ijebu North,09,Ago Iwoye Ii,09,Booth Opp. Gbindin'S House,018,27/09/09/018,Ogun East,Ijebu North/Ijebu East/Ogun Waterside
Ogun,27,Ijebu North,09,Ago Iwoye Ii,09,"Fowoseje Comprehensive High School, Ago Iwoye",019,27/09/09/019,Ogun East,Ijebu North/Ijebu East/Ogun Waterside
Ogun,27,Ijebu North,09,Ago Iwoye Ii,09,Open Space Opp. Chips Fillling Station,020,27/09/09/020,Ogun East,Ijebu North/Ijebu East/Ogun Waterside
Ogun,27,Ijebu North,09,Ako-Onigbagbo/Gelete,10,Ako Wesley School,001,27/09/10/001,Ogun East,Ijebu North/Ijebu East/Ogun Waterside
Ogun,27,Ijebu North,09,Ako-Onigbagbo/Gelete,10,Ipado Village,002,27/09/10/002,Ogun East,Ijebu North/Ijebu East/Ogun Waterside
Ogun,27,Ijebu North,09,Ako-Onigbagbo/Gelete,10,Elegbere Junction,003,27/09/10/003,Ogun East,Ijebu North/Ijebu East/Ogun Waterside
Ogun,27,Ijebu North,09,Ako-Onigbagbo/Gelete,10,Idiakala Ang. School,004,27/09/10/004,Ogun East,Ijebu North/Ijebu East/Ogun Waterside
Ogun,27,Ijebu North,09,Ako-Onigbagbo/Gelete,10,L.G. School Farm Settlement I,005,27/09/10/005,Ogun East,Ijebu North/Ijebu East/Ogun Waterside
Ogun,27,Ijebu North,09,Ako-Onigbagbo/Gelete,10,L.G. School Farm Settlement  Ii,006,27/09/10/006,Ogun East,Ijebu North/Ijebu East/Ogun Waterside
Ogun,27,Ijebu North,09,Ako-Onigbagbo/Gelete,10,Oke Egbe Wesley School,007,27/09/10/007,Ogun East,Ijebu North/Ijebu East/Ogun Waterside
Ogun,27,Ijebu North,09,Ako-Onigbagbo/Gelete,10,Odoye Moslem School I,008,27/09/10/008,Ogun East,Ijebu North/Ijebu East/Ogun Waterside
Ogun,27,Ijebu North,09,Ako-Onigbagbo/Gelete,10,Odoye Moslem School Ii,009,27/09/10/009,Ogun East,Ijebu North/Ijebu East/Ogun Waterside
Ogun,27,Ijebu North,09,Ako-Onigbagbo/Gelete,10,Oke Biritiro Junction,010,27/09/10/010,Ogun East,Ijebu North/Ijebu East/Ogun Waterside
Ogun,27,Ijebu North,09,Ako-Onigbagbo/Gelete,10,Idagolu Village,011,27/09/10/011,Ogun East,Ijebu North/Ijebu East/Ogun Waterside
Ogun,27,Ijebu North,09,Ako-Onigbagbo/Gelete,10,Ipakodo Village,012,27/09/10/012,Ogun East,Ijebu North/Ijebu East/Ogun Waterside
Ogun,27,Ijebu North,09,Ako-Onigbagbo/Gelete,10,Eredo Wesley School,013,27/09/10/013,Ogun East,Ijebu North/Ijebu East/Ogun Waterside
Ogun,27,Ijebu North,09,Ako-Onigbagbo/Gelete,10,Oke Mase Village,014,27/09/10/014,Ogun East,Ijebu North/Ijebu East/Ogun Waterside
Ogun,27,Ijebu North,09,Ako-Onigbagbo/Gelete,10,Oriwu Village,015,27/09/10/015,Ogun East,Ijebu North/Ijebu East/Ogun Waterside
Ogun,27,Ijebu North,09,Ako-Onigbagbo/Gelete,10,Local Govt. School Oko-Odo,016,27/09/10/016,Ogun East,Ijebu North/Ijebu East/Ogun Waterside
Ogun,27,Ijebu North,09,Ako-Onigbagbo/Gelete,10,Orile Ibipe Village,017,27/09/10/017,Ogun East,Ijebu North/Ijebu East/Ogun Waterside
Ogun,27,Ijebu North,09,Ako-Onigbagbo/Gelete,10,Ahmadiyya High Sch. . Ago Iwoye,018,27/09/10/018,Ogun East,Ijebu North/Ijebu East/Ogun Waterside
Ogun,27,Ijebu North,09,Ako-Onigbagbo/Gelete,10,Open Space  Fronrt Of Ako -Orile Community Hall (Gelete),019,27/09/10/019,Ogun East,Ijebu North/Ijebu East/Ogun Waterside
Ogun,27,Ijebu North,09,Ako-Onigbagbo/Gelete,10,"Open Space At Shalla Bus Stop,Lugbedu",020,27/09/10/020,Ogun East,Ijebu North/Ijebu East/Ogun Waterside
Ogun,27,Ijebu North,09,Mamu/Etiri,11,Aba Pana Village,001,27/09/11/001,Ogun East,Ijebu North/Ijebu East/Ogun Waterside
Ogun,27,Ijebu North,09,Mamu/Etiri,11,Wesley School Erikamo,002,27/09/11/002,Ogun East,Ijebu North/Ijebu East/Ogun Waterside
Ogun,27,Ijebu North,09,Mamu/Etiri,11,Oke Erigba Village,003,27/09/11/003,Ogun East,Ijebu North/Ijebu East/Ogun Waterside
Ogun,27,Ijebu North,09,Mamu/Etiri,11,Wesley School Ehim Etiri,004,27/09/11/004,Ogun East,Ijebu North/Ijebu East/Ogun Waterside
Ogun,27,Ijebu North,09,Mamu/Etiri,11,"L.G. School, Awori, J.J.",005,27/09/11/005,Ogun East,Ijebu North/Ijebu East/Ogun Waterside
Ogun,27,Ijebu North,09,Mamu/Etiri,11,Origbanla Village,006,27/09/11/006,Ogun East,Ijebu North/Ijebu East/Ogun Waterside
Ogun,27,Ijebu North,09,Mamu/Etiri,11,Elegunesan Pry Sch.,007,27/09/11/007,Ogun East,Ijebu North/Ijebu East/Ogun Waterside
Ogun,27,Ijebu North,09,Mamu/Etiri,11,L.G. School Oke-Mojo,008,27/09/11/008,Ogun East,Ijebu North/Ijebu East/Ogun Waterside
Ogun,27,Ijebu North,09,Mamu/Etiri,11,Oke Arowa Village,009,27/09/11/009,Ogun East,Ijebu North/Ijebu East/Ogun Waterside
Ogun,27,Ijebu North,09,Mamu/Etiri,11,Ipakodo Village,010,27/09/11/010,Ogun East,Ijebu North/Ijebu East/Ogun Waterside
Ogun,27,Ijebu North,09,Mamu/Etiri,11,Health Centre Mamu I,011,27/09/11/011,Ogun East,Ijebu North/Ijebu East/Ogun Waterside
Ogun,27,Ijebu North,09,Mamu/Etiri,11,Obada Village,012,27/09/11/012,Ogun East,Ijebu North/Ijebu East/Ogun Waterside
Ogun,27,Ijebu North,09,Mamu/Etiri,11,Ereginrin Village,013,27/09/11/013,Ogun East,Ijebu North/Ijebu East/Ogun Waterside
Ogun,27,Ijebu North,09,Mamu/Etiri,11,Igan Orile,014,27/09/11/014,Ogun East,Ijebu North/Ijebu East/Ogun Waterside
Ogun,27,Ijebu North,09,Mamu/Etiri,11,Health Centre Mamu Ii,015,27/09/11/015,Ogun East,Ijebu North/Ijebu East/Ogun Waterside
Ogun,27,Ijebu North,09,Mamu/Etiri,11,Semoru Ogunoiki,016,27/09/11/016,Ogun East,Ijebu North/Ijebu East/Ogun Waterside
Ogun,27,Ijebu North,09,Mamu/Etiri,11,Health Centre Mamu Iii,017,27/09/11/017,Ogun East,Ijebu North/Ijebu East/Ogun Waterside
Ogun,27,Ijebu North,09,Mamu/Etiri,11,Booth At Odo Ejogun,018,27/09/11/018,Ogun East,Ijebu North/Ijebu East/Ogun Waterside
Ogun,27,Ijebu North,09,Mamu/Etiri,11,Booth At Eriaje,019,27/09/11/019,Ogun East,Ijebu North/Ijebu East/Ogun Waterside
Ogun,27,Ijebu North,09,Mamu/Etiri,11,Methodist Sch. Oke-Mojo,020,27/09/11/020,Ogun East,Ijebu North/Ijebu East/Ogun Waterside
Ogun,27,Ijebu North East,10,Atan/Imuku,01,R.C.M. Pry. School Atan  I,001,27/10/01/001,Ogun East,Ijebu Ode /Odogbolu /Ijebu North East
Ogun,27,Ijebu North East,10,Atan/Imuku,01,Front Of Olumoku Palace,002,27/10/01/002,Ogun East,Ijebu Ode /Odogbolu /Ijebu North East
Ogun,27,Ijebu North East,10,Atan/Imuku,01,Odogogo Village Centre,003,27/10/01/003,Ogun East,Ijebu Ode /Odogbolu /Ijebu North East
Ogun,27,Ijebu North East,10,Atan/Imuku,01,African Church Bethel Sch. Idona,004,27/10/01/004,Ogun East,Ijebu Ode /Odogbolu /Ijebu North East
Ogun,27,Ijebu North East,10,Atan/Imuku,01,A/C Pry. School Odotu,005,27/10/01/005,Ogun East,Ijebu Ode /Odogbolu /Ijebu North East
Ogun,27,Ijebu North East,10,Atan/Imuku,01,Front Of Imafon Mosque,006,27/10/01/006,Ogun East,Ijebu Ode /Odogbolu /Ijebu North East
Ogun,27,Ijebu North East,10,Atan/Imuku,01,Front Of L.G.E.A. Imuroko,007,27/10/01/007,Ogun East,Ijebu Ode /Odogbolu /Ijebu North East
Ogun,27,Ijebu North East,10,Atan/Imuku,01,St. Peter'S Pry. School Iwaye,008,27/10/01/008,Ogun East,Ijebu Ode /Odogbolu /Ijebu North East
Ogun,27,Ijebu North East,10,Atan/Imuku,01,L.G. Pry School Imuku/Isowe,009,27/10/01/009,Ogun East,Ijebu Ode /Odogbolu /Ijebu North East
Ogun,27,Ijebu North East,10,Atan/Imuku,01,Igbasa Village Square,010,27/10/01/010,Ogun East,Ijebu Ode /Odogbolu /Ijebu North East
Ogun,27,Ijebu North East,10,Odosimadegun/Odosebora,02,St. John'S Pry. Sch. Odosimadegun,001,27/10/02/001,Ogun East,Ijebu Ode /Odogbolu /Ijebu North East
Ogun,27,Ijebu North East,10,Odosimadegun/Odosebora,02,"Ilodu, Frontage Orekoya'S House",002,27/10/02/002,Ogun East,Ijebu Ode /Odogbolu /Ijebu North East
Ogun,27,Ijebu North East,10,Odosimadegun/Odosebora,02,Christ Church Sch. Odosenbora,003,27/10/02/003,Ogun East,Ijebu Ode /Odogbolu /Ijebu North East
Ogun,27,Ijebu North East,10,Odosimadegun/Odosebora,02,C.A.C. Pry School Odosiwonade,004,27/10/02/004,Ogun East,Ijebu Ode /Odogbolu /Ijebu North East
Ogun,27,Ijebu North East,10,Odosimadegun/Odosebora,02,Ilugun Central Academy Ibido,005,27/10/02/005,Ogun East,Ijebu Ode /Odogbolu /Ijebu North East
Ogun,27,Ijebu North East,10,Odosimadegun/Odosebora,02,Ebenezer Pry. Sch. Omutedo,006,27/10/02/006,Ogun East,Ijebu Ode /Odogbolu /Ijebu North East
Ogun,27,Ijebu North East,10,Odosimadegun/Odosebora,02,St. Peter'S Pry. Sch. Oke-Aye,007,27/10/02/007,Ogun East,Ijebu Ode /Odogbolu /Ijebu North East
Ogun,27,Ijebu North East,10,Odosimadegun/Odosebora,02,Frontage Onakoya'S House Iworomosun,008,27/10/02/008,Ogun East,Ijebu Ode /Odogbolu /Ijebu North East
Ogun,27,Ijebu North East,10,Odosimadegun/Odosebora,02,St. Paul'S Pry School Oriwu,009,27/10/02/009,Ogun East,Ijebu Ode /Odogbolu /Ijebu North East
Ogun,27,Ijebu North East,10,Odosimadegun/Odosebora,02,Frontage Baale'S House Idorunwon,010,27/10/02/010,Ogun East,Ijebu Ode /Odogbolu /Ijebu North East
Ogun,27,Ijebu North East,10,Odosimadegun/Odosebora,02,Frontage Baale'S House Gbawonjo,011,27/10/02/011,Ogun East,Ijebu Ode /Odogbolu /Ijebu North East
Ogun,27,Ijebu North East,10,Odosimadegun/Odosebora,02,Oketi Orlando'S House,012,27/10/02/012,Ogun East,Ijebu Ode /Odogbolu /Ijebu North East
Ogun,27,Ijebu North East,10,Odosimadegun/Odosebora,02,Frontage New Church Odosenbora,013,27/10/02/013,Ogun East,Ijebu Ode /Odogbolu /Ijebu North East
Ogun,27,Ijebu North East,10,Odosimadegun/Odosebora,02,St. Paul Sch. Odosugbagbawa Village,014,27/10/02/014,Ogun East,Ijebu Ode /Odogbolu /Ijebu North East
Ogun,27,Ijebu North East,10,Odosimadegun/Odosebora,02,Ilumerin Village Centre,015,27/10/02/015,Ogun East,Ijebu Ode /Odogbolu /Ijebu North East
Ogun,27,Ijebu North East,10,Odosimadegun/Odosebora,02,Iworomosun,016,27/10/02/016,Ogun East,Ijebu Ode /Odogbolu /Ijebu North East
Ogun,27,Ijebu North East,10,Imewiro/Ododeyo/Imomo,03,Comm. Pry. Sch. Imewuro,001,27/10/03/001,Ogun East,Ijebu Ode /Odogbolu /Ijebu North East
Ogun,27,Ijebu North East,10,Imewiro/Ododeyo/Imomo,03,Market Square Idode,002,27/10/03/002,Ogun East,Ijebu Ode /Odogbolu /Ijebu North East
Ogun,27,Ijebu North East,10,Imewiro/Ododeyo/Imomo,03,Catholic Pry. School Imomo I,003,27/10/03/003,Ogun East,Ijebu Ode /Odogbolu /Ijebu North East
Ogun,27,Ijebu North East,10,Imewiro/Ododeyo/Imomo,03,Ang. Church Odedoye,004,27/10/03/004,Ogun East,Ijebu Ode /Odogbolu /Ijebu North East
Ogun,27,Ijebu North East,10,Imewiro/Ododeyo/Imomo,03,St. John'S Pry. Sch. Idode I,005,27/10/03/005,Ogun East,Ijebu Ode /Odogbolu /Ijebu North East
Ogun,27,Ijebu North East,10,Imewiro/Ododeyo/Imomo,03,Frontage Baale'S House Ibadan - Ijebu,006,27/10/03/006,Ogun East,Ijebu Ode /Odogbolu /Ijebu North East
Ogun,27,Ijebu North East,10,Imewiro/Ododeyo/Imomo,03,Frontage Baale Tikeku Akunrundun - Ebute,007,27/10/03/007,Ogun East,Ijebu Ode /Odogbolu /Ijebu North East
Ogun,27,Ijebu North East,10,Imewiro/Ododeyo/Imomo,03,Frontage Owotomo'S House Iworo,008,27/10/03/008,Ogun East,Ijebu Ode /Odogbolu /Ijebu North East
Ogun,27,Ijebu North East,10,Imewiro/Ododeyo/Imomo,03,Ang. Pry School Orunwa,009,27/10/03/009,Ogun East,Ijebu Ode /Odogbolu /Ijebu North East
Ogun,27,Ijebu North East,10,Imewiro/Ododeyo/Imomo,03,St. Michael'S Pry. Sch. Ododeyo,010,27/10/03/010,Ogun East,Ijebu Ode /Odogbolu /Ijebu North East
Ogun,27,Ijebu North East,10,Imewiro/Ododeyo/Imomo,03,"Vicarage Frontage, Imewuro",011,27/10/03/011,Ogun East,Ijebu Ode /Odogbolu /Ijebu North East
Ogun,27,Ijebu North East,10,Imewiro/Ododeyo/Imomo,03,Eti Obu Junction Aledo Ododeyo,012,27/10/03/012,Ogun East,Ijebu Ode /Odogbolu /Ijebu North East
Ogun,27,Ijebu North East,10,Imewiro/Ododeyo/Imomo,03,Aledo Ododeyo,013,27/10/03/013,Ogun East,Ijebu Ode /Odogbolu /Ijebu North East
Ogun,27,Ijebu North East,10,Imewiro/Ododeyo/Imomo,03,Aba Yusuff,014,27/10/03/014,Ogun East,Ijebu Ode /Odogbolu /Ijebu North East
Ogun,27,Ijebu North East,10,Imewiro/Ododeyo/Imomo,03,Village Square Oke Eki,015,27/10/03/015,Ogun East,Ijebu Ode /Odogbolu /Ijebu North East
Ogun,27,Ijebu North East,10,Odesenlu,04,Christ Church Sch. Odosenlu I,001,27/10/04/001,Ogun East,Ijebu Ode /Odogbolu /Ijebu North East
Ogun,27,Ijebu North East,10,Odesenlu,04,Christ Church Sch. Odosenlu Ii,002,27/10/04/002,Ogun East,Ijebu Ode /Odogbolu /Ijebu North East
Ogun,27,Ijebu North East,10,Odesenlu,04,Oju Ore Square Ground,003,27/10/04/003,Ogun East,Ijebu Ode /Odogbolu /Ijebu North East
Ogun,27,Ijebu North East,10,Odesenlu,04,Frontage Mosque At Odoregbe I,004,27/10/04/004,Ogun East,Ijebu Ode /Odogbolu /Ijebu North East
Ogun,27,Ijebu North East,10,Odesenlu,04,Oke-Ola,005,27/10/04/005,Ogun East,Ijebu Ode /Odogbolu /Ijebu North East
Ogun,27,Ijebu North East,10,Odesenlu,04,Oke Olowu,006,27/10/04/006,Ogun East,Ijebu Ode /Odogbolu /Ijebu North East
Ogun,27,Ijebu North East,10,Odesenlu,04,Ilone,007,27/10/04/007,Ogun East,Ijebu Ode /Odogbolu /Ijebu North East
Ogun,27,Ijebu North East,10,Igede/Itamarun,05,Catholic Pry. School Igede,001,27/10/05/001,Ogun East,Ijebu Ode /Odogbolu /Ijebu North East
Ogun,27,Ijebu North East,10,Igede/Itamarun,05,A.C.H.S. Itamarun,002,27/10/05/002,Ogun East,Ijebu Ode /Odogbolu /Ijebu North East
Ogun,27,Ijebu North East,10,Igede/Itamarun,05,St. Peter'S School Odogbondu,003,27/10/05/003,Ogun East,Ijebu Ode /Odogbolu /Ijebu North East
Ogun,27,Ijebu North East,10,Igede/Itamarun,05,Frontage Ogunkoya'S House - Okeyejo,004,27/10/05/004,Ogun East,Ijebu Ode /Odogbolu /Ijebu North East
Ogun,27,Ijebu North East,10,Igede/Itamarun,05,Frontage Bola'S House Egbe,005,27/10/05/005,Ogun East,Ijebu Ode /Odogbolu /Ijebu North East
Ogun,27,Ijebu North East,10,Igede/Itamarun,05,Okelugbongun,006,27/10/05/006,Ogun East,Ijebu Ode /Odogbolu /Ijebu North East
Ogun,27,Ijebu North East,10,Oju Ona,06,St. Michael'S Sch. Ipari Nla,001,27/10/06/001,Ogun East,Ijebu Ode /Odogbolu /Ijebu North East
Ogun,27,Ijebu North East,10,Oju Ona,06,Iworo Town Hall,002,27/10/06/002,Ogun East,Ijebu Ode /Odogbolu /Ijebu North East
Ogun,27,Ijebu North East,10,Oju Ona,06,"Town Hall, Oke Agbonle",003,27/10/06/003,Ogun East,Ijebu Ode /Odogbolu /Ijebu North East
Ogun,27,Ijebu North East,10,Oju Ona,06,Ipari Oke,004,27/10/06/004,Ogun East,Ijebu Ode /Odogbolu /Ijebu North East
Ogun,27,Ijebu North East,10,Oju Ona,06,Odokalaba,005,27/10/06/005,Ogun East,Ijebu Ode /Odogbolu /Ijebu North East
Ogun,27,Ijebu North East,10,Oju Ona,06,Frontage Baale'S House - Itebu,006,27/10/06/006,Ogun East,Ijebu Ode /Odogbolu /Ijebu North East
Ogun,27,Ijebu North East,10,Oju Ona,06,Odogbe Village Square,007,27/10/06/007,Ogun East,Ijebu Ode /Odogbolu /Ijebu North East
Ogun,27,Ijebu North East,10,Oju Ona,06,Frontage Owotomo'S House,008,27/10/06/008,Ogun East,Ijebu Ode /Odogbolu /Ijebu North East
Ogun,27,Ijebu North East,10,Isoyin,07,Emmanuel Pry. Sch. Isonyin,001,27/10/07/001,Ogun East,Ijebu Ode /Odogbolu /Ijebu North East
Ogun,27,Ijebu North East,10,Isoyin,07,Isonyin Grammar School,002,27/10/07/002,Ogun East,Ijebu Ode /Odogbolu /Ijebu North East
Ogun,27,Ijebu North East,10,Isoyin,07,Front Of Baale'S House - Isonyin,003,27/10/07/003,Ogun East,Ijebu Ode /Odogbolu /Ijebu North East
Ogun,27,Ijebu North East,10,Isoyin,07,Odole Junction,004,27/10/07/004,Ogun East,Ijebu Ode /Odogbolu /Ijebu North East
Ogun,27,Ijebu North East,10,Isoyin,07,United Pry. Sch. Apuneein,005,27/10/07/005,Ogun East,Ijebu Ode /Odogbolu /Ijebu North East
Ogun,27,Ijebu North East,10,Isoyin,07,Arabic Pry. Sch. Isonyin,006,27/10/07/006,Ogun East,Ijebu Ode /Odogbolu /Ijebu North East
Ogun,27,Ijebu North East,10,Isoyin,07,Front Of Baale'S House Agbowa,007,27/10/07/007,Ogun East,Ijebu Ode /Odogbolu /Ijebu North East
Ogun,27,Ijebu North East,10,Isoyin,07,Front Of Bale Ilupa,008,27/10/07/008,Ogun East,Ijebu Ode /Odogbolu /Ijebu North East
Ogun,27,Ijebu North East,10,Isoyin,07,Front Of Itun Olugbala,009,27/10/07/009,Ogun East,Ijebu Ode /Odogbolu /Ijebu North East
Ogun,27,Ijebu North East,10,Ilese,08,Moslem Pry. Sch. Ilese  I,001,27/10/08/001,Ogun East,Ijebu Ode /Odogbolu /Ijebu North East
Ogun,27,Ijebu North East,10,Ilese,08,Idomowo Village Center,002,27/10/08/002,Ogun East,Ijebu Ode /Odogbolu /Ijebu North East
Ogun,27,Ijebu North East,10,Ilese,08,Army Barracks  I,003,27/10/08/003,Ogun East,Ijebu Ode /Odogbolu /Ijebu North East
Ogun,27,Ijebu North East,10,Ilese,08,Idomila Village Square,004,27/10/08/004,Ogun East,Ijebu Ode /Odogbolu /Ijebu North East
Ogun,27,Ijebu North East,10,Ilese,08,Akitipa,005,27/10/08/005,Ogun East,Ijebu Ode /Odogbolu /Ijebu North East
Ogun,27,Ijebu North East,10,Ilese,08,Oke Lisa Ilese  I,006,27/10/08/006,Ogun East,Ijebu Ode /Odogbolu /Ijebu North East
Ogun,27,Ijebu North East,10,Ilese,08,Ilore,007,27/10/08/007,Ogun East,Ijebu Ode /Odogbolu /Ijebu North East
Ogun,27,Ijebu North East,10,Ilese,08,Aledo Ilese,008,27/10/08/008,Ogun East,Ijebu Ode /Odogbolu /Ijebu North East
Ogun,27,Ijebu North East,10,Ilese,08,Odomolasa Village,009,27/10/08/009,Ogun East,Ijebu Ode /Odogbolu /Ijebu North East
Ogun,27,Ijebu North East,10,Ilese,08,Army Barracks  Ii,010,27/10/08/010,Ogun East,Ijebu Ode /Odogbolu /Ijebu North East
Ogun,27,Ijebu North East,10,Ilese,08,Esepa Frontage Suara'S House,011,27/10/08/011,Ogun East,Ijebu Ode /Odogbolu /Ijebu North East
Ogun,27,Ijebu North East,10,Ilese,08,Health Tech Ilese,012,27/10/08/012,Ogun East,Ijebu Ode /Odogbolu /Ijebu North East
Ogun,27,Ijebu North East,10,Ilese,08,Ilese Comprehesive High School,013,27/10/08/013,Ogun East,Ijebu Ode /Odogbolu /Ijebu North East
Ogun,27,Ijebu North East,10,Ilese,08,Iken Town Hall,014,27/10/08/014,Ogun East,Ijebu Ode /Odogbolu /Ijebu North East
Ogun,27,Ijebu North East,10,Ilese,08,Open Space Isade,015,27/10/08/015,Ogun East,Ijebu Ode /Odogbolu /Ijebu North East
Ogun,27,Ijebu North East,10,Ilese,08,Open Space Esuru,016,27/10/08/016,Ogun East,Ijebu Ode /Odogbolu /Ijebu North East
Ogun,27,Ijebu North East,10,Ilese,08,Open Space Rasonwa,017,27/10/08/017,Ogun East,Ijebu Ode /Odogbolu /Ijebu North East
Ogun,27,Ijebu North East,10,Oke-Eri/Ogbogbo,09,U.P.S. School Imowo,001,27/10/09/001,Ogun East,Ijebu Ode /Odogbolu /Ijebu North East
Ogun,27,Ijebu North East,10,Oke-Eri/Ogbogbo,09,Wesley Pry. School Oke-Eri,002,27/10/09/002,Ogun East,Ijebu Ode /Odogbolu /Ijebu North East
Ogun,27,Ijebu North East,10,Oke-Eri/Ogbogbo,09,Baale'S House Irewon,003,27/10/09/003,Ogun East,Ijebu Ode /Odogbolu /Ijebu North East
Ogun,27,Ijebu North East,10,Oke-Eri/Ogbogbo,09,"Town Hall, Ogbogbo  I",004,27/10/09/004,Ogun East,Ijebu Ode /Odogbolu /Ijebu North East
Ogun,27,Ijebu North East,10,Oke-Eri/Ogbogbo,09,"Town Hall, Ogbogbo  Ii",005,27/10/09/005,Ogun East,Ijebu Ode /Odogbolu /Ijebu North East
Ogun,27,Ijebu North East,10,Oke-Eri/Ogbogbo,09,Frontage Baale'S House - Ijari,006,27/10/09/006,Ogun East,Ijebu Ode /Odogbolu /Ijebu North East
Ogun,27,Ijebu North East,10,Oke-Eri/Ogbogbo,09,Igoya,007,27/10/09/007,Ogun East,Ijebu Ode /Odogbolu /Ijebu North East
Ogun,27,Ijebu North East,10,Oke-Eri/Ogbogbo,09,Frontage Baale'S House Iwesi,008,27/10/09/008,Ogun East,Ijebu Ode /Odogbolu /Ijebu North East
Ogun,27,Ijebu North East,10,Oke-Eri/Ogbogbo,09,Open Space At Golden Estate,009,27/10/09/009,Ogun East,Ijebu Ode /Odogbolu /Ijebu North East
Ogun,27,Ijebu North East,10,Oke-Eri/Ogbogbo,09,Open Space Along Molipa Irewon,010,27/10/09/010,Ogun East,Ijebu Ode /Odogbolu /Ijebu North East
Ogun,27,Ijebu North East,10,Oke-Eri/Ogbogbo,09,Ogbogbo Baptist Primary School,011,27/10/09/011,Ogun East,Ijebu Ode /Odogbolu /Ijebu North East
Ogun,27,Ijebu North East,10,Oke-Eri/Ogbogbo,09,Open Space Okele  Ogbogbo,012,27/10/09/012,Ogun East,Ijebu Ode /Odogbolu /Ijebu North East
Ogun,27,Ijebu North East,10,Oke-Eri/Ogbogbo,09,Onirugba  Open Space,013,27/10/09/013,Ogun East,Ijebu Ode /Odogbolu /Ijebu North East
Ogun,27,Ijebu North East,10,Erunwon,10,Ephiphany Pry. Sch. Erunwon,001,27/10/10/001,Ogun East,Ijebu Ode /Odogbolu /Ijebu North East
Ogun,27,Ijebu North East,10,Erunwon,10,B.A.C. Odopotu,002,27/10/10/002,Ogun East,Ijebu Ode /Odogbolu /Ijebu North East
Ogun,27,Ijebu North East,10,Erunwon,10,Frontage Baale'S House Odo Aye,003,27/10/10/003,Ogun East,Ijebu Ode /Odogbolu /Ijebu North East
Ogun,27,Ijebu North East,10,Erunwon,10,"Frontage, Syndicate House Igbeba",004,27/10/10/004,Ogun East,Ijebu Ode /Odogbolu /Ijebu North East
Ogun,27,Ijebu North East,10,Erunwon,10,Elerunwon'S Palace,005,27/10/10/005,Ogun East,Ijebu Ode /Odogbolu /Ijebu North East
Ogun,27,Ijebu North East,10,Erunwon,10,Secretariat Via Obogbo,006,27/10/10/006,Ogun East,Ijebu Ode /Odogbolu /Ijebu North East
Ogun,27,Ijebu North East,10,Erunwon,10,Ogidi Health Centre,007,27/10/10/007,Ogun East,Ijebu Ode /Odogbolu /Ijebu North East
Ogun,27,Ijebu North East,10,Erunwon,10,Ilefon,008,27/10/10/008,Ogun East,Ijebu Ode /Odogbolu /Ijebu North East
Ogun,27,Ijebu North East,10,Erunwon,10,Open Space Isaki,009,27/10/10/009,Ogun East,Ijebu Ode /Odogbolu /Ijebu North East
Ogun,27,Ijebu North East,10,Erunwon,10,"Iyaniwura Open Space, Opp Bato Centre",010,27/10/10/010,Ogun East,Ijebu Ode /Odogbolu /Ijebu North East
Ogun,27,Ijebu Ode,11,Isoku/Ososa,01,Beside Co-Op Building,001,27/11/01/001,Ogun East,Ijebu Ode /Odogbolu /Ijebu North East
Ogun,27,Ijebu Ode,11,Isoku/Ososa,01,Emmanuel School I Italupe,002,27/11/01/002,Ogun East,Ijebu Ode /Odogbolu /Ijebu North East
Ogun,27,Ijebu Ode,11,Isoku/Ososa,01,"Moslem School, Isoku",003,27/11/01/003,Ogun East,Ijebu Ode /Odogbolu /Ijebu North East
Ogun,27,Ijebu Ode,11,Isoku/Ososa,01,Front Of Talabi'S House  Olisa Street I,004,27/11/01/004,Ogun East,Ijebu Ode /Odogbolu /Ijebu North East
Ogun,27,Ijebu Ode,11,Isoku/Ososa,01,Imoru Road Junction,005,27/11/01/005,Ogun East,Ijebu Ode /Odogbolu /Ijebu North East
Ogun,27,Ijebu Ode,11,Isoku/Ososa,01,Oke-Ola Ilorin,006,27/11/01/006,Ogun East,Ijebu Ode /Odogbolu /Ijebu North East
Ogun,27,Ijebu Ode,11,Isoku/Ososa,01,Emmanuel School  Ii,007,27/11/01/007,Ogun East,Ijebu Ode /Odogbolu /Ijebu North East
Ogun,27,Ijebu Ode,11,Isoku/Ososa,01,Front Of Talabi'S House  Olisa Street Ii,008,27/11/01/008,Ogun East,Ijebu Ode /Odogbolu /Ijebu North East
Ogun,27,Ijebu Ode,11,Isoku/Ososa,01,"Adjacent A. B Sunmola House, Ijagun Road",009,27/11/01/009,Ogun East,Ijebu Ode /Odogbolu /Ijebu North East
Ogun,27,Ijebu Ode,11,Isoku/Ososa,01,"Beside 3A'S Hotel,      Imoru Road",010,27/11/01/010,Ogun East,Ijebu Ode /Odogbolu /Ijebu North East
Ogun,27,Ijebu Ode,11,Isoku/Ososa,01,Moslem School Ii           Ondo Road,011,27/11/01/011,Ogun East,Ijebu Ode /Odogbolu /Ijebu North East
Ogun,27,Ijebu Ode,11,Odo-Esa,02,Baptist Day School Ereko,001,27/11/02/001,Ogun East,Ijebu Ode /Odogbolu /Ijebu North East
Ogun,27,Ijebu Ode,11,Odo-Esa,02,Front Of Our Lady'S School,002,27/11/02/002,Ogun East,Ijebu Ode /Odogbolu /Ijebu North East
Ogun,27,Ijebu Ode,11,Odo-Esa,02,Front Of Alhaji Kukoyi'S House,003,27/11/02/003,Ogun East,Ijebu Ode /Odogbolu /Ijebu North East
Ogun,27,Ijebu Ode,11,Odo-Esa,02,Opposite Itajana Mosque,004,27/11/02/004,Ogun East,Ijebu Ode /Odogbolu /Ijebu North East
Ogun,27,Ijebu Ode,11,Odo-Esa,02,State Hospital,005,27/11/02/005,Ogun East,Ijebu Ode /Odogbolu /Ijebu North East
Ogun,27,Ijebu Ode,11,Odo-Esa,02,Dental Centre,006,27/11/02/006,Ogun East,Ijebu Ode /Odogbolu /Ijebu North East
Ogun,27,Ijebu Ode,11,Odo-Esa,02,"By Odo Esa Premier Mosque Near Idiroko, Olisa",007,27/11/02/007,Ogun East,Ijebu Ode /Odogbolu /Ijebu North East
Ogun,27,Ijebu Ode,11,Odo-Esa,02,Saka Ashiru Junction    Via Mayomayo,008,27/11/02/008,Ogun East,Ijebu Ode /Odogbolu /Ijebu North East
Ogun,27,Ijebu Ode,11,Odo-Esa,02,Open Space By Olorungbebe Mosque Makalewo,009,27/11/02/009,Ogun East,Ijebu Ode /Odogbolu /Ijebu North East
Ogun,27,Ijebu Ode,11,Odo-Esa,02,"Jimileyin Junction, Adjacent Irepodun Mosque",010,27/11/02/010,Ogun East,Ijebu Ode /Odogbolu /Ijebu North East
Ogun,27,Ijebu Ode,11,Odo-Esa,02,Open Space At Oguntuga Four Junction,011,27/11/02/011,Ogun East,Ijebu Ode /Odogbolu /Ijebu North East
Ogun,27,Ijebu Ode,11,Itantebo,03,Moslem School Etitale I,001,27/11/03/001,Ogun East,Ijebu Ode /Odogbolu /Ijebu North East
Ogun,27,Ijebu Ode,11,Itantebo,03,Opp. Oloritun'S House,002,27/11/03/002,Ogun East,Ijebu Ode /Odogbolu /Ijebu North East
Ogun,27,Ijebu Ode,11,Itantebo,03,Front Of Igboburo Mosque,003,27/11/03/003,Ogun East,Ijebu Ode /Odogbolu /Ijebu North East
Ogun,27,Ijebu Ode,11,Itantebo,03,Front Of Balogun Kuku'S House,004,27/11/03/004,Ogun East,Ijebu Ode /Odogbolu /Ijebu North East
Ogun,27,Ijebu Ode,11,Itantebo,03,Isokun / Itaogbe Junction,005,27/11/03/005,Ogun East,Ijebu Ode /Odogbolu /Ijebu North East
Ogun,27,Ijebu Ode,11,Itantebo,03,Moselm School Etitale 11,006,27/11/03/006,Ogun East,Ijebu Ode /Odogbolu /Ijebu North East
Ogun,27,Ijebu Ode,11,Itantebo,03,"Ahmmadiah Movement B/S, Araromi",007,27/11/03/007,Ogun East,Ijebu Ode /Odogbolu /Ijebu North East
Ogun,27,Ijebu Ode,11,Ijade / Imepe I,04,Old Wasimi School Hall,001,27/11/04/001,Ogun East,Ijebu Ode /Odogbolu /Ijebu North East
Ogun,27,Ijebu Ode,11,Ijade / Imepe I,04,Joke Taiwo Pry. School,002,27/11/04/002,Ogun East,Ijebu Ode /Odogbolu /Ijebu North East
Ogun,27,Ijebu Ode,11,Ijade / Imepe I,04,Balogun Kuku Road,003,27/11/04/003,Ogun East,Ijebu Ode /Odogbolu /Ijebu North East
Ogun,27,Ijebu Ode,11,Ijade / Imepe I,04,Otubu Memorial School,004,27/11/04/004,Ogun East,Ijebu Ode /Odogbolu /Ijebu North East
Ogun,27,Ijebu Ode,11,Ijade / Imepe I,04,Iyanro Mosque,005,27/11/04/005,Ogun East,Ijebu Ode /Odogbolu /Ijebu North East
Ogun,27,Ijebu Ode,11,Ijade / Imepe I,04,"Oke Aje, Back Of Ajayi'S House",006,27/11/04/006,Ogun East,Ijebu Ode /Odogbolu /Ijebu North East
Ogun,27,Ijebu Ode,11,Ijade / Imepe I,04,Open Space At Moborode / Gbelegbuwa Junction,007,27/11/04/007,Ogun East,Ijebu Ode /Odogbolu /Ijebu North East
Ogun,27,Ijebu Ode,11,Ijade / Imepe I,04,Open Space At Itapakura / Olode Junction,008,27/11/04/008,Ogun East,Ijebu Ode /Odogbolu /Ijebu North East
Ogun,27,Ijebu Ode,11,Ijade / Imepe Ii,05,Front Of Olisa'S Palace,001,27/11/05/001,Ogun East,Ijebu Ode /Odogbolu /Ijebu North East
Ogun,27,Ijebu Ode,11,Ijade / Imepe Ii,05,Old Ijada Market,002,27/11/05/002,Ogun East,Ijebu Ode /Odogbolu /Ijebu North East
Ogun,27,Ijebu Ode,11,Ijade / Imepe Ii,05,Omoluwabi Pry. School Imepe,003,27/11/05/003,Ogun East,Ijebu Ode /Odogbolu /Ijebu North East
Ogun,27,Ijebu Ode,11,Ijade / Imepe Ii,05,Moslem Pry. Sch. Imepe,004,27/11/05/004,Ogun East,Ijebu Ode /Odogbolu /Ijebu North East
Ogun,27,Ijebu Ode,11,Ijade / Imepe Ii,05,U.N.A. Pry. Sch. Imepe,005,27/11/05/005,Ogun East,Ijebu Ode /Odogbolu /Ijebu North East
Ogun,27,Ijebu Ode,11,Ijade / Imepe Ii,05,Orunse Area,006,27/11/05/006,Ogun East,Ijebu Ode /Odogbolu /Ijebu North East
Ogun,27,Ijebu Ode,11,Ijade / Imepe Ii,05,Idomowo/Imose,007,27/11/05/007,Ogun East,Ijebu Ode /Odogbolu /Ijebu North East
Ogun,27,Ijebu Ode,11,Ijade / Imepe Ii,05,Wasimi Pry School,008,27/11/05/008,Ogun East,Ijebu Ode /Odogbolu /Ijebu North East
Ogun,27,Ijebu Ode,11,Ijade / Imepe Ii,05,Idele,009,27/11/05/009,Ogun East,Ijebu Ode /Odogbolu /Ijebu North East
Ogun,27,Ijebu Ode,11,Ijade / Imepe Ii,05,Ayeru/Ajegunle,010,27/11/05/010,Ogun East,Ijebu Ode /Odogbolu /Ijebu North East
Ogun,27,Ijebu Ode,11,Ijade / Imepe Ii,05,Ipamuren Mosque,011,27/11/05/011,Ogun East,Ijebu Ode /Odogbolu /Ijebu North East
Ogun,27,Ijebu Ode,11,Ijade / Imepe Ii,05,"Beside Ramdat Hotel, Oguntuga St I-Ode",012,27/11/05/012,Ogun East,Ijebu Ode /Odogbolu /Ijebu North East
Ogun,27,Ijebu Ode,11,Ijade / Imepe Ii,05,Open Space At Oya Junction By Adelaja Str.,013,27/11/05/013,Ogun East,Ijebu Ode /Odogbolu /Ijebu North East
Ogun,27,Ijebu Ode,11,Ijade / Imepe Ii,05,Ajegunle / Ijada Street By Iya Adam Food Canteen,014,27/11/05/014,Ogun East,Ijebu Ode /Odogbolu /Ijebu North East
Ogun,27,Ijebu Ode,11,Ijade / Imepe Ii,05,"Open Space By Satina Hotel, Off Ondo Road",015,27/11/05/015,Ogun East,Ijebu Ode /Odogbolu /Ijebu North East
Ogun,27,Ijebu Ode,11,Ijade / Imepe Ii,05,"Open Space By Olorunosun / Satina Junction, Ondo Road",016,27/11/05/016,Ogun East,Ijebu Ode /Odogbolu /Ijebu North East
Ogun,27,Ijebu Ode,11,Ijade / Imepe Ii,05,Open Space At Orunfe - Jaginrin Junction Imepe,017,27/11/05/017,Ogun East,Ijebu Ode /Odogbolu /Ijebu North East
Ogun,27,Ijebu Ode,11,Ijade / Imepe Ii,05,Open Space At Alhaji Sodiq Street Near Olatoye House By Cele,018,27/11/05/018,Ogun East,Ijebu Ode /Odogbolu /Ijebu North East
Ogun,27,Ijebu Ode,11,Ijade / Imepe Ii,05,Cele T-Junction By Kowa Hospital Off Ejinrin Road,019,27/11/05/019,Ogun East,Ijebu Ode /Odogbolu /Ijebu North East
Ogun,27,Ijebu Ode,11,Ijade / Imepe Ii,05,Open Space Front Of Bishop Court Ejinrin Road,020,27/11/05/020,Ogun East,Ijebu Ode /Odogbolu /Ijebu North East
Ogun,27,Ijebu Ode,11,Ijade / Imepe Ii,05,"Carterpillar Junction Adefisan Road, Off Ejinrin Road",021,27/11/05/021,Ogun East,Ijebu Ode /Odogbolu /Ijebu North East
Ogun,27,Ijebu Ode,11,Ijade / Imepe Ii,05,Akintonde Plaza By Oyingbo Junction,022,27/11/05/022,Ogun East,Ijebu Ode /Odogbolu /Ijebu North East
Ogun,27,Ijebu Ode,11,Ijade / Imepe Ii,05,"Front Of Halidu Mosque, Idele Junction",023,27/11/05/023,Ogun East,Ijebu Ode /Odogbolu /Ijebu North East
Ogun,27,Ijebu Ode,11,Porogun I,06,Muslem College,001,27/11/06/001,Ogun East,Ijebu Ode /Odogbolu /Ijebu North East
Ogun,27,Ijebu Ode,11,Porogun I,06,Opposite Apeloko,002,27/11/06/002,Ogun East,Ijebu Ode /Odogbolu /Ijebu North East
Ogun,27,Ijebu Ode,11,Porogun I,06,"Opposite L.G. Works Dept,",003,27/11/06/003,Ogun East,Ijebu Ode /Odogbolu /Ijebu North East
Ogun,27,Ijebu Ode,11,Porogun I,06,Beside Isasa Mosque,004,27/11/06/004,Ogun East,Ijebu Ode /Odogbolu /Ijebu North East
Ogun,27,Ijebu Ode,11,Porogun I,06,Christ Church School Molode,005,27/11/06/005,Ogun East,Ijebu Ode /Odogbolu /Ijebu North East
Ogun,27,Ijebu Ode,11,Porogun I,06,Ayegbami Wasimi Junction,006,27/11/06/006,Ogun East,Ijebu Ode /Odogbolu /Ijebu North East
Ogun,27,Ijebu Ode,11,Porogun I,06,Ojofa/Alapo Junction,007,27/11/06/007,Ogun East,Ijebu Ode /Odogbolu /Ijebu North East
Ogun,27,Ijebu Ode,11,Porogun I,06,Mobegelu St. (Infront Olowu'S House),008,27/11/06/008,Ogun East,Ijebu Ode /Odogbolu /Ijebu North East
Ogun,27,Ijebu Ode,11,Porogun I,06,Adeola Odutola College,009,27/11/06/009,Ogun East,Ijebu Ode /Odogbolu /Ijebu North East
Ogun,27,Ijebu Ode,11,Porogun I,06,Local Govt. Maternity Centre,010,27/11/06/010,Ogun East,Ijebu Ode /Odogbolu /Ijebu North East
Ogun,27,Ijebu Ode,11,Porogun I,06,Fidipote Adeola Junction,011,27/11/06/011,Ogun East,Ijebu Ode /Odogbolu /Ijebu North East
Ogun,27,Ijebu Ode,11,Porogun I,06,Open Space At Ayegbami Abass Street Junction,012,27/11/06/012,Ogun East,Ijebu Ode /Odogbolu /Ijebu North East
Ogun,27,Ijebu Ode,11,Porogun I,06,Open Space At Mukeke Junction By Moslem College Road,013,27/11/06/013,Ogun East,Ijebu Ode /Odogbolu /Ijebu North East
Ogun,27,Ijebu Ode,11,Porogun I,06,"Open Space At Middle Of Kaka Street, Tanimola Junction",014,27/11/06/014,Ogun East,Ijebu Ode /Odogbolu /Ijebu North East
Ogun,27,Ijebu Ode,11,Porogun I,06,"Moslem Primary School, Molode",015,27/11/06/015,Ogun East,Ijebu Ode /Odogbolu /Ijebu North East
Ogun,27,Ijebu Ode,11,Porogun I,06,"Open Space Agbaje Junction, By Transformer",016,27/11/06/016,Ogun East,Ijebu Ode /Odogbolu /Ijebu North East
Ogun,27,Ijebu Ode,11,Porogun I,06,"Open Space At Alebiosu Street, Dupmos Junction",017,27/11/06/017,Ogun East,Ijebu Ode /Odogbolu /Ijebu North East
Ogun,27,Ijebu Ode,11,Porogun Ii,07,Front Of Babalola'S House,001,27/11/07/001,Ogun East,Ijebu Ode /Odogbolu /Ijebu North East
Ogun,27,Ijebu Ode,11,Porogun Ii,07,Ijebu-Ode Grammar School,002,27/11/07/002,Ogun East,Ijebu Ode /Odogbolu /Ijebu North East
Ogun,27,Ijebu Ode,11,Porogun Ii,07,"Christ Church Sch., Porogun",003,27/11/07/003,Ogun East,Ijebu Ode /Odogbolu /Ijebu North East
Ogun,27,Ijebu Ode,11,Porogun Ii,07,A.G.G.S. Obalende,004,27/11/07/004,Ogun East,Ijebu Ode /Odogbolu /Ijebu North East
Ogun,27,Ijebu Ode,11,Porogun Ii,07,Abeokuta Road Front Of Alowolodu,005,27/11/07/005,Ogun East,Ijebu Ode /Odogbolu /Ijebu North East
Ogun,27,Ijebu Ode,11,Porogun Ii,07,Ogbagba Street (Middle Front Of Alowonle,006,27/11/07/006,Ogun East,Ijebu Ode /Odogbolu /Ijebu North East
Ogun,27,Ijebu Ode,11,Porogun Ii,07,Italapo Mosque,007,27/11/07/007,Ogun East,Ijebu Ode /Odogbolu /Ijebu North East
Ogun,27,Ijebu Ode,11,Porogun Ii,07,"Middle Alapo Street, (Infront Of Mosque)",008,27/11/07/008,Ogun East,Ijebu Ode /Odogbolu /Ijebu North East
Ogun,27,Ijebu Ode,11,Porogun Ii,07,Abeokuta Rd (Infront Of Olufowobi'S House),009,27/11/07/009,Ogun East,Ijebu Ode /Odogbolu /Ijebu North East
Ogun,27,Ijebu Ode,11,Porogun Ii,07,Fisigboye - Ehindin Junction By Ijebu-Ode Local Government Secretariat,010,27/11/07/010,Ogun East,Ijebu Ode /Odogbolu /Ijebu North East
Ogun,27,Ijebu Ode,11,Porogun Ii,07,Open Space At Alatishe Mosque By Total Filling Station,011,27/11/07/011,Ogun East,Ijebu Ode /Odogbolu /Ijebu North East
Ogun,27,Ijebu Ode,11,Porogun Ii,07,"Degun Junction, Obalende",012,27/11/07/012,Ogun East,Ijebu Ode /Odogbolu /Ijebu North East
Ogun,27,Ijebu Ode,11,Porogun Ii,07,Open Space Beside Obalende Police Station,013,27/11/07/013,Ogun East,Ijebu Ode /Odogbolu /Ijebu North East
Ogun,27,Ijebu Ode,11,Porogun Ii,07,"Open Space By Ogunbule Junction, Olorunsogo",014,27/11/07/014,Ogun East,Ijebu Ode /Odogbolu /Ijebu North East
Ogun,27,Ijebu Ode,11,Porogun Ii,07,Open Space Lewu Junction Beside Seico House,015,27/11/07/015,Ogun East,Ijebu Ode /Odogbolu /Ijebu North East
Ogun,27,Ijebu Ode,11,Porogun Ii,07,"Omosanya Olaonipekun Junction, Off Degun",016,27/11/07/016,Ogun East,Ijebu Ode /Odogbolu /Ijebu North East
Ogun,27,Ijebu Ode,11,Porogun Ii,07,"Fidipote Junction, Off Fusigboye Road",017,27/11/07/017,Ogun East,Ijebu Ode /Odogbolu /Ijebu North East
Ogun,27,Ijebu Ode,11,Porogun Ii,07,Open Space At Alafia / Jaura Church Junction,018,27/11/07/018,Ogun East,Ijebu Ode /Odogbolu /Ijebu North East
Ogun,27,Ijebu Ode,11,Ijasi/ Idepo,08,Our Saviour'S Pry. School,001,27/11/08/001,Ogun East,Ijebu Ode /Odogbolu /Ijebu North East
Ogun,27,Ijebu Ode,11,Ijasi/ Idepo,08,Front Of Bata Shop,002,27/11/08/002,Ogun East,Ijebu Ode /Odogbolu /Ijebu North East
Ogun,27,Ijebu Ode,11,Ijasi/ Idepo,08,Wesley School,003,27/11/08/003,Ogun East,Ijebu Ode /Odogbolu /Ijebu North East
Ogun,27,Ijebu Ode,11,Ijasi/ Idepo,08,C.A.C. School Degun,004,27/11/08/004,Ogun East,Ijebu Ode /Odogbolu /Ijebu North East
Ogun,27,Ijebu Ode,11,Ijasi/ Idepo,08,Idepo Junction,005,27/11/08/005,Ogun East,Ijebu Ode /Odogbolu /Ijebu North East
Ogun,27,Ijebu Ode,11,Ijasi/ Idepo,08,Araromi/Iloro Junction,006,27/11/08/006,Ogun East,Ijebu Ode /Odogbolu /Ijebu North East
Ogun,27,Ijebu Ode,11,Ijasi/ Idepo,08,Odutola St. (Beside Odupele Street),007,27/11/08/007,Ogun East,Ijebu Ode /Odogbolu /Ijebu North East
Ogun,27,Ijebu Ode,11,Ijasi/ Idepo,08,Molipa (Infront Ogo-Oluwa Bakery),008,27/11/08/008,Ogun East,Ijebu Ode /Odogbolu /Ijebu North East
Ogun,27,Ijebu Ode,11,Ijasi/ Idepo,08,Molipa High School,009,27/11/08/009,Ogun East,Ijebu Ode /Odogbolu /Ijebu North East
Ogun,27,Ijebu Ode,11,Ijasi/ Idepo,08,Odupele / Ogunyoku Junction,010,27/11/08/010,Ogun East,Ijebu Ode /Odogbolu /Ijebu North East
Ogun,27,Ijebu Ode,11,Ijasi/ Idepo,08,Osimore Junction,011,27/11/08/011,Ogun East,Ijebu Ode /Odogbolu /Ijebu North East
Ogun,27,Ijebu Ode,11,Ijasi/ Idepo,08,"Open Space By Kenny Block Industry, Ilamo Area",012,27/11/08/012,Ogun East,Ijebu Ode /Odogbolu /Ijebu North East
Ogun,27,Ijebu Ode,11,Ijasi/ Idepo,08,Open Space By Ajiroba House,013,27/11/08/013,Ogun East,Ijebu Ode /Odogbolu /Ijebu North East
Ogun,27,Ijebu Ode,11,Ijasi/ Idepo,08,Open Space At Awoyemi Junction,014,27/11/08/014,Ogun East,Ijebu Ode /Odogbolu /Ijebu North East
Ogun,27,Ijebu Ode,11,Ijasi/ Idepo,08,Open Space At Alaiyepe Olugbile Junction Molipa,015,27/11/08/015,Ogun East,Ijebu Ode /Odogbolu /Ijebu North East
Ogun,27,Ijebu Ode,11,Ijasi/ Idepo,08,Old Epic School / Cele Church Junction Behind Prime Hotel,016,27/11/08/016,Ogun East,Ijebu Ode /Odogbolu /Ijebu North East
Ogun,27,Ijebu Ode,11,Ijasi/ Idepo,08,Open Space By Four Number Junction Molipa Road,017,27/11/08/017,Ogun East,Ijebu Ode /Odogbolu /Ijebu North East
Ogun,27,Ijebu Ode,11,Ijasi/ Idepo,08,Open Space At Degun Junction By Onalaja Street Off Folagbade Road,018,27/11/08/018,Ogun East,Ijebu Ode /Odogbolu /Ijebu North East
Ogun,27,Ijebu Ode,11,Ijasi/ Idepo,08,"Open Space By Ogunba-Olasunbo Junction, Off Folagbade Road",019,27/11/08/019,Ogun East,Ijebu Ode /Odogbolu /Ijebu North East
Ogun,27,Ijebu Ode,11,Ijasi/ Idepo,08,"Open Space By Zipest Filling Station , Opposite  Soye, Mosque.",020,27/11/08/020,Ogun East,Ijebu Ode /Odogbolu /Ijebu North East
Ogun,27,Ijebu Ode,11,Ijasi/ Idepo,08,"Ayesan Market Gate, Ayesan Area",021,27/11/08/021,Ogun East,Ijebu Ode /Odogbolu /Ijebu North East
Ogun,27,Ijebu Ode,11,Ijasi/ Idepo,08,Awoyelu-Jogbo Health Centre,022,27/11/08/022,Ogun East,Ijebu Ode /Odogbolu /Ijebu North East
Ogun,27,Ijebu Ode,11,Ijasi/ Idepo,08,Open Space At Lekuti Oke Junction,023,27/11/08/023,Ogun East,Ijebu Ode /Odogbolu /Ijebu North East
Ogun,27,Ijebu Ode,11,Ijasi/ Idepo,08,Open Space Opposite Mahdiyat Mosque Idepo Street,024,27/11/08/024,Ogun East,Ijebu Ode /Odogbolu /Ijebu North East
Ogun,27,Ijebu Ode,11,Ijasi/ Idepo,08,"Open Space Front Of Ogun State Television, Ijebu Ode",025,27/11/08/025,Ogun East,Ijebu Ode /Odogbolu /Ijebu North East
Ogun,27,Ijebu Ode,11,Ijasi/ Idepo,08,"Open Space At Osifeso/Odutola Street, Ijebu Ode",026,27/11/08/026,Ogun East,Ijebu Ode /Odogbolu /Ijebu North East
Ogun,27,Ijebu Ode,11,Ijasi/ Idepo,08,"C. A. C. School, Degun (2)",027,27/11/08/027,Ogun East,Ijebu Ode /Odogbolu /Ijebu North East
Ogun,27,Ijebu Ode,11,Ijasi/ Idepo,08,C.A.C Church By Post Office / C.M.S Bookshop Folagbade,028,27/11/08/028,Ogun East,Ijebu Ode /Odogbolu /Ijebu North East
Ogun,27,Ijebu Ode,11,Odo-Egbo/Oliworo,09,St. Augustine Catholic School,001,27/11/09/001,Ogun East,Ijebu Ode /Odogbolu /Ijebu North East
Ogun,27,Ijebu Ode,11,Odo-Egbo/Oliworo,09,"A.U.D. Pry. Sch. I, Bonojo",002,27/11/09/002,Ogun East,Ijebu Ode /Odogbolu /Ijebu North East
Ogun,27,Ijebu Ode,11,Odo-Egbo/Oliworo,09,A.U.D. Pry. Sch. Ii Onirugba,003,27/11/09/003,Ogun East,Ijebu Ode /Odogbolu /Ijebu North East
Ogun,27,Ijebu Ode,11,Odo-Egbo/Oliworo,09,"Govt., Technical College",004,27/11/09/004,Ogun East,Ijebu Ode /Odogbolu /Ijebu North East
Ogun,27,Ijebu Ode,11,Odo-Egbo/Oliworo,09,Ezekiel Awoyelu Junction,005,27/11/09/005,Ogun East,Ijebu Ode /Odogbolu /Ijebu North East
Ogun,27,Ijebu Ode,11,Odo-Egbo/Oliworo,09,Beside Ijebu-Ode Stadium,006,27/11/09/006,Ogun East,Ijebu Ode /Odogbolu /Ijebu North East
Ogun,27,Ijebu Ode,11,Odo-Egbo/Oliworo,09,Tai Solarin College Of Education,007,27/11/09/007,Ogun East,Ijebu Ode /Odogbolu /Ijebu North East
Ogun,27,Ijebu Ode,11,Odo-Egbo/Oliworo,09,Old Odo Egbo Market,008,27/11/09/008,Ogun East,Ijebu Ode /Odogbolu /Ijebu North East
Ogun,27,Ijebu Ode,11,Odo-Egbo/Oliworo,09,Ahmadiyya Mosque,009,27/11/09/009,Ogun East,Ijebu Ode /Odogbolu /Ijebu North East
Ogun,27,Ijebu Ode,11,Odo-Egbo/Oliworo,09,K. Mansion,010,27/11/09/010,Ogun East,Ijebu Ode /Odogbolu /Ijebu North East
Ogun,27,Ijebu Ode,11,Odo-Egbo/Oliworo,09,Igbeba / Elebute Junction,011,27/11/09/011,Ogun East,Ijebu Ode /Odogbolu /Ijebu North East
Ogun,27,Ijebu Ode,11,Odo-Egbo/Oliworo,09,Bonjo / Odutola Street,012,27/11/09/012,Ogun East,Ijebu Ode /Odogbolu /Ijebu North East
Ogun,27,Ijebu Ode,11,Odo-Egbo/Oliworo,09,Gra Off Awujale Street (Middle),013,27/11/09/013,Ogun East,Ijebu Ode /Odogbolu /Ijebu North East
Ogun,27,Ijebu Ode,11,Odo-Egbo/Oliworo,09,End Of Bonojo Eleruku,014,27/11/09/014,Ogun East,Ijebu Ode /Odogbolu /Ijebu North East
Ogun,27,Ijebu Ode,11,Odo-Egbo/Oliworo,09,Olufowobi By Bonojo Four Junction,015,27/11/09/015,Ogun East,Ijebu Ode /Odogbolu /Ijebu North East
Ogun,27,Ijebu Ode,11,Odo-Egbo/Oliworo,09,Mahdiyat Primary School,016,27/11/09/016,Ogun East,Ijebu Ode /Odogbolu /Ijebu North East
Ogun,27,Ijebu Ode,11,Odo-Egbo/Oliworo,09,"Adeben Place Hotel Junction, Igbeba",017,27/11/09/017,Ogun East,Ijebu Ode /Odogbolu /Ijebu North East
Ogun,27,Ijebu Ode,11,Odo-Egbo/Oliworo,09,"V.I.O Centre, Erunwon Road",018,27/11/09/018,Ogun East,Ijebu Ode /Odogbolu /Ijebu North East
Ogun,27,Ijebu Ode,11,Odo-Egbo/Oliworo,09,Luba Comprehensive School Off Erunwon Road,019,27/11/09/019,Ogun East,Ijebu Ode /Odogbolu /Ijebu North East
Ogun,27,Ijebu Ode,11,Odo-Egbo/Oliworo,09,"Open Space Infront Of  Eid Praying Ground, Idobi",020,27/11/09/020,Ogun East,Ijebu Ode /Odogbolu /Ijebu North East
Ogun,27,Ijebu Ode,11,Odo-Egbo/Oliworo,09,Open Space At New Road By Alafia Junction / Akiniganyin,021,27/11/09/021,Ogun East,Ijebu Ode /Odogbolu /Ijebu North East
Ogun,27,Ijebu Ode,11,Isiwo,10,Christ Church Pry. School - Isiwo,001,27/11/10/001,Ogun East,Ijebu Ode /Odogbolu /Ijebu North East
Ogun,27,Ijebu Ode,11,Isiwo,10,Ayeteju Maternity,002,27/11/10/002,Ogun East,Ijebu Ode /Odogbolu /Ijebu North East
Ogun,27,Ijebu Ode,11,Isiwo,10,Odo/Asoyin Pry. Sch.,003,27/11/10/003,Ogun East,Ijebu Ode /Odogbolu /Ijebu North East
Ogun,27,Ijebu Ode,11,Isiwo,10,Okelisa (Opposite New Mosque),004,27/11/10/004,Ogun East,Ijebu Ode /Odogbolu /Ijebu North East
Ogun,27,Ijebu Ode,11,Isiwo,10,Odo Lofa,005,27/11/10/005,Ogun East,Ijebu Ode /Odogbolu /Ijebu North East
Ogun,27,Ijebu Ode,11,Isiwo,10,St. Partick School Isiwo,006,27/11/10/006,Ogun East,Ijebu Ode /Odogbolu /Ijebu North East
Ogun,27,Ijebu Ode,11,Isiwo,10,"Ansarudeen High Sch, Isiwo",007,27/11/10/007,Ogun East,Ijebu Ode /Odogbolu /Ijebu North East
Ogun,27,Ijebu Ode,11,Itamapako,11,St. Alloysious Sch. Iloti,001,27/11/11/001,Ogun East,Ijebu Ode /Odogbolu /Ijebu North East
Ogun,27,Ijebu Ode,11,Itamapako,11,Odosengolu,002,27/11/11/002,Ogun East,Ijebu Ode /Odogbolu /Ijebu North East
Ogun,27,Ijebu Ode,11,Itamapako,11,Odo-Arewa Market,003,27/11/11/003,Ogun East,Ijebu Ode /Odogbolu /Ijebu North East
Ogun,27,Ijebu Ode,11,Itamapako,11,Okenla Tomoba Pry. Sch.,004,27/11/11/004,Ogun East,Ijebu Ode /Odogbolu /Ijebu North East
Ogun,27,Ijebu Ode,11,Itamapako,11,Local Government School Idale,005,27/11/11/005,Ogun East,Ijebu Ode /Odogbolu /Ijebu North East
Ogun,27,Ijebu Ode,11,Itamapako,11,St. Joseph Odonoko,006,27/11/11/006,Ogun East,Ijebu Ode /Odogbolu /Ijebu North East
Ogun,27,Ijebu Ode,11,Itamapako,11,St. Joseph School Odonoko,007,27/11/11/007,Ogun East,Ijebu Ode /Odogbolu /Ijebu North East
Ogun,27,Ijebu Ode,11,Itamapako,11,Oke-Ako,008,27/11/11/008,Ogun East,Ijebu Ode /Odogbolu /Ijebu North East
Ogun,27,Ijebu Ode,11,Itamapako,11,"St. Anne'S School, Irawo",009,27/11/11/009,Ogun East,Ijebu Ode /Odogbolu /Ijebu North East
Ogun,27,Ijebu Ode,11,Itamapako,11,Tomoba Village,010,27/11/11/010,Ogun East,Ijebu Ode /Odogbolu /Ijebu North East
Ogun,27,Ikenne,12,Ikenne I,01,Ikenne Town Hall,001,27/12/01/001,Ogun East,Ikenne/Shagamu/Remo North
Ogun,27,Ikenne,12,Ikenne I,01,Wesley Pry. School Ikenne,002,27/12/01/002,Ogun East,Ikenne/Shagamu/Remo North
Ogun,27,Ikenne,12,Ikenne I,01,Eti-Obu Quarters Egunrege,003,27/12/01/003,Ogun East,Ikenne/Shagamu/Remo North
Ogun,27,Ikenne,12,Ikenne I,01,Abiyi - Olowo,004,27/12/01/004,Ogun East,Ikenne/Shagamu/Remo North
Ogun,27,Ikenne,12,Ikenne I,01,Moko Street,005,27/12/01/005,Ogun East,Ikenne/Shagamu/Remo North
Ogun,27,Ikenne,12,Ikenne I,01,"Eti, Obu Quarters",006,27/12/01/006,Ogun East,Ikenne/Shagamu/Remo North
Ogun,27,Ikenne,12,Ikenne I,01,Idomole Square,007,27/12/01/007,Ogun East,Ikenne/Shagamu/Remo North
Ogun,27,Ikenne,12,Ikenne I,01,Moro Street,008,27/12/01/008,Ogun East,Ikenne/Shagamu/Remo North
Ogun,27,Ikenne,12,Ikenne I,01,Opp. Awolowo'S House,009,27/12/01/009,Ogun East,Ikenne/Shagamu/Remo North
Ogun,27,Ikenne,12,Ikenne I,01,Obafemi Awolowo Pry. School,010,27/12/01/010,Ogun East,Ikenne/Shagamu/Remo North
Ogun,27,Ikenne,12,Ikenne I,01,Yawa Ikenne,011,27/12/01/011,Ogun East,Ikenne/Shagamu/Remo North
Ogun,27,Ikenne,12,Ikenne I,01,"Open Space At Muslim Modern College, Ikenne",012,27/12/01/012,Ogun East,Ikenne/Shagamu/Remo North
Ogun,27,Ikenne,12,Ikenne I,01,"Open Space Kehinde Sofola Str,Ikenne",013,27/12/01/013,Ogun East,Ikenne/Shagamu/Remo North
Ogun,27,Ikenne,12,Ikenne I,01,"Open Space Under Colanut Tree,Awolowo Road, Egunrege, Ikenne",014,27/12/01/014,Ogun East,Ikenne/Shagamu/Remo North
Ogun,27,Ikenne,12,Ikenne I,01,"Open Space At Itun-Kija Street, Adjacent Itun+Moro Street, Ikenne",015,27/12/01/015,Ogun East,Ikenne/Shagamu/Remo North
Ogun,27,Ikenne,12,Ikenne I,01,"Open Space Beside The Transformer, Moro Street, Ikenne",016,27/12/01/016,Ogun East,Ikenne/Shagamu/Remo North
Ogun,27,Ikenne,12,Ikenne I,01,"Open Space At Akindoyin Junction,Opposite Ikenne Market.",017,27/12/01/017,Ogun East,Ikenne/Shagamu/Remo North
Ogun,27,Ikenne,12,Ikenne I,01,"Open Space Infront Of Isolation Centre, Ikenne",018,27/12/01/018,Ogun East,Ikenne/Shagamu/Remo North
Ogun,27,Ikenne,12,Ikenne I,01,"Open Space At The Junction Of Down Town Of Olajide Sodipe/Best Way Street, Ikenne",019,27/12/01/019,Ogun East,Ikenne/Shagamu/Remo North
Ogun,27,Ikenne,12,Ikenne Ii,02,Customary Court,001,27/12/02/001,Ogun East,Ikenne/Shagamu/Remo North
Ogun,27,Ikenne,12,Ikenne Ii,02,A.U.D. School Ikenne,002,27/12/02/002,Ogun East,Ikenne/Shagamu/Remo North
Ogun,27,Ikenne,12,Ikenne Ii,02,Eti-Obu Quarters,003,27/12/02/003,Ogun East,Ikenne/Shagamu/Remo North
Ogun,27,Ikenne,12,Ikenne Ii,02,Abuji-Olowo,004,27/12/02/004,Ogun East,Ikenne/Shagamu/Remo North
Ogun,27,Ikenne,12,Ikenne Ii,02,Remo Plantation,005,27/12/02/005,Ogun East,Ikenne/Shagamu/Remo North
Ogun,27,Ikenne,12,Ikenne Ii,02,Eti-Obu Quarters Mese,006,27/12/02/006,Ogun East,Ikenne/Shagamu/Remo North
Ogun,27,Ikenne,12,Ikenne Ii,02,Itun Moko  Ii,007,27/12/02/007,Ogun East,Ikenne/Shagamu/Remo North
Ogun,27,Ikenne,12,Ikenne Ii,02,More Street,008,27/12/02/008,Ogun East,Ikenne/Shagamu/Remo North
Ogun,27,Ikenne,12,Ikenne Ii,02,Community High School Ikenne,009,27/12/02/009,Ogun East,Ikenne/Shagamu/Remo North
Ogun,27,Ikenne,12,Ikenne Ii,02,Christ Apostolic Church Oke-Igbala,010,27/12/02/010,Ogun East,Ikenne/Shagamu/Remo North
Ogun,27,Ikenne,12,Ikenne Ii,02,Oke Magbon Junction Ikenne,011,27/12/02/011,Ogun East,Ikenne/Shagamu/Remo North
Ogun,27,Ikenne,12,Ikenne Ii,02,Itun Epe Ikenne,012,27/12/02/012,Ogun East,Ikenne/Shagamu/Remo North
Ogun,27,Ikenne,12,Ikenne Ii,02,"Open Space At Awokoya Medubule Street Off Fajebe Street, Ikenne",013,27/12/02/013,Ogun East,Ikenne/Shagamu/Remo North
Ogun,27,Ikenne,12,Ikenne Ii,02,"Infront Of O And A Academy Sch, Ikenne",014,27/12/02/014,Ogun East,Ikenne/Shagamu/Remo North
Ogun,27,Ikenne,12,Ikenne Ii,02,Open Space At Egan Town Junction Along Odogbolu/Ikenne Road,015,27/12/02/015,Ogun East,Ikenne/Shagamu/Remo North
Ogun,27,Ikenne,12,Ikenne Ii,02,"Open Space At Awolesi Junction, Ikenne",016,27/12/02/016,Ogun East,Ikenne/Shagamu/Remo North
Ogun,27,Ikenne,12,Ikenne Ii,02,"United High School,Ikenne",017,27/12/02/017,Ogun East,Ikenne/Shagamu/Remo North
Ogun,27,Ikenne,12,Iperu I,03,African-Bethel Pry. School,001,27/12/03/001,Ogun East,Ikenne/Shagamu/Remo North
Ogun,27,Ikenne,12,Iperu I,03,Ita Osanyin,002,27/12/03/002,Ogun East,Ikenne/Shagamu/Remo North
Ogun,27,Ikenne,12,Iperu I,03,Iregun Street,003,27/12/03/003,Ogun East,Ikenne/Shagamu/Remo North
Ogun,27,Ikenne,12,Iperu I,03,Ita Oloku,004,27/12/03/004,Ogun East,Ikenne/Shagamu/Remo North
Ogun,27,Ikenne,12,Iperu I,03,Ayegbami Street,005,27/12/03/005,Ogun East,Ikenne/Shagamu/Remo North
Ogun,27,Ikenne,12,Iperu I,03,Imosan Street,006,27/12/03/006,Ogun East,Ikenne/Shagamu/Remo North
Ogun,27,Ikenne,12,Iperu I,03,"Open Space At Ita-Agan Street,Iperu",007,27/12/03/007,Ogun East,Ikenne/Shagamu/Remo North
Ogun,27,Ikenne,12,Iperu I,03,"Open Space At Olure Street, Iperu",008,27/12/03/008,Ogun East,Ikenne/Shagamu/Remo North
Ogun,27,Ikenne,12,Iperu I,03,"Open Space At Juntion Of Origbemidele/Araromi Street, Iperu",009,27/12/03/009,Ogun East,Ikenne/Shagamu/Remo North
Ogun,27,Ikenne,12,Iperu Ii,04,Ita-Tisa,001,27/12/04/001,Ogun East,Ikenne/Shagamu/Remo North
Ogun,27,Ikenne,12,Iperu Ii,04,Salvation Army School Iperu,002,27/12/04/002,Ogun East,Ikenne/Shagamu/Remo North
Ogun,27,Ikenne,12,Iperu Ii,04,Jalugba Square,003,27/12/04/003,Ogun East,Ikenne/Shagamu/Remo North
Ogun,27,Ikenne,12,Iperu Ii,04,Ibu Road,004,27/12/04/004,Ogun East,Ikenne/Shagamu/Remo North
Ogun,27,Ikenne,12,Iperu Ii,04,Kanga  Street,005,27/12/04/005,Ogun East,Ikenne/Shagamu/Remo North
Ogun,27,Ikenne,12,Iperu Ii,04,Akesan Market,006,27/12/04/006,Ogun East,Ikenne/Shagamu/Remo North
Ogun,27,Ikenne,12,Iperu Ii,04,Ajagbe High School,007,27/12/04/007,Ogun East,Ikenne/Shagamu/Remo North
Ogun,27,Ikenne,12,Iperu Ii,04,Opp. Agbomagbe'S House,008,27/12/04/008,Ogun East,Ikenne/Shagamu/Remo North
Ogun,27,Ikenne,12,Iperu Ii,04,"Open Space Opp Police Station, Iperu",009,27/12/04/009,Ogun East,Ikenne/Shagamu/Remo North
Ogun,27,Ikenne,12,Iperu Ii,04,"Open Space At Back Of Akesan Market, Iperu",010,27/12/04/010,Ogun East,Ikenne/Shagamu/Remo North
Ogun,27,Ikenne,12,Iperu Ii,04,"Open Space At Masejura Junction Jalugba, Iperu",011,27/12/04/011,Ogun East,Ikenne/Shagamu/Remo North
Ogun,27,Ikenne,12,Iperu Ii,04,"Open Space At The Junction Of Oba Ogunfowora/Odoru Road, Iperu",012,27/12/04/012,Ogun East,Ikenne/Shagamu/Remo North
Ogun,27,Ikenne,12,Iperu Iii,05,St. John'S Cath. Pry. Sch.,001,27/12/05/001,Ogun East,Ikenne/Shagamu/Remo North
Ogun,27,Ikenne,12,Iperu Iii,05,Araromi/Mosalasi Sokoto,002,27/12/05/002,Ogun East,Ikenne/Shagamu/Remo North
Ogun,27,Ikenne,12,Iperu Iii,05,Ibadan Road,003,27/12/05/003,Ogun East,Ikenne/Shagamu/Remo North
Ogun,27,Ikenne,12,Iperu Iii,05,Wesley Pry. School,004,27/12/05/004,Ogun East,Ikenne/Shagamu/Remo North
Ogun,27,Ikenne,12,Iperu Iii,05,St. James School,005,27/12/05/005,Ogun East,Ikenne/Shagamu/Remo North
Ogun,27,Ikenne,12,Iperu Iii,05,A.U.D. School,006,27/12/05/006,Ogun East,Ikenne/Shagamu/Remo North
Ogun,27,Ikenne,12,Iperu Iii,05,Abule Egba Imaje,007,27/12/05/007,Ogun East,Ikenne/Shagamu/Remo North
Ogun,27,Ikenne,12,Iperu Iii,05,Opp. Police College,008,27/12/05/008,Ogun East,Ikenne/Shagamu/Remo North
Ogun,27,Ikenne,12,Iperu Iii,05,Christ Apostolic College,009,27/12/05/009,Ogun East,Ikenne/Shagamu/Remo North
Ogun,27,Ikenne,12,Iperu Iii,05,Idena Quarters,010,27/12/05/010,Ogun East,Ikenne/Shagamu/Remo North
Ogun,27,Ikenne,12,Iperu Iii,05,"The School Field, Wesley Pry Sch, Iperu",011,27/12/05/011,Ogun East,Ikenne/Shagamu/Remo North
Ogun,27,Ikenne,12,Iperu Iii,05,"Open Space At Idarika Square,Iperu",012,27/12/05/012,Ogun East,Ikenne/Shagamu/Remo North
Ogun,27,Ikenne,12,Iperu Iii,05,"Open Space At Imosimi Street,Iperu",013,27/12/05/013,Ogun East,Ikenne/Shagamu/Remo North
Ogun,27,Ikenne,12,Iperu Iii,05,Open Space At Erelu Olayiwola Str Iperu,014,27/12/05/014,Ogun East,Ikenne/Shagamu/Remo North
Ogun,27,Ikenne,12,Iperu Iii,05,Open Space At Tiwa New Town Along Lagos Ibadan Express Way,015,27/12/05/015,Ogun East,Ikenne/Shagamu/Remo North
Ogun,27,Ikenne,12,Iperu Iii,05,"Open Space At Agbele Street,Iperu",016,27/12/05/016,Ogun East,Ikenne/Shagamu/Remo North
Ogun,27,Ikenne,12,Iperu Iii,05,"Akesan Community Grammar Sch, Iperu",017,27/12/05/017,Ogun East,Ikenne/Shagamu/Remo North
Ogun,27,Ikenne,12,Iperu Iii,05,"Open Space At Junction Of Challenge Street, Agbala Phase Ii, Iperu",018,27/12/05/018,Ogun East,Ikenne/Shagamu/Remo North
Ogun,27,Ikenne,12,Ogere I,06,Cath. Pry. School,001,27/12/06/001,Ogun East,Ikenne/Shagamu/Remo North
Ogun,27,Ikenne,12,Ogere I,06,Ita Jiren Street Junction,002,27/12/06/002,Ogun East,Ikenne/Shagamu/Remo North
Ogun,27,Ikenne,12,Ogere I,06,Idomogun Square,003,27/12/06/003,Ogun East,Ikenne/Shagamu/Remo North
Ogun,27,Ikenne,12,Ogere I,06,Itunla Street,004,27/12/06/004,Ogun East,Ikenne/Shagamu/Remo North
Ogun,27,Ikenne,12,Ogere I,06,Obadore Square,005,27/12/06/005,Ogun East,Ikenne/Shagamu/Remo North
Ogun,27,Ikenne,12,Ogere I,06,Oke-Oja,006,27/12/06/006,Ogun East,Ikenne/Shagamu/Remo North
Ogun,27,Ikenne,12,Ogere I,06,"Open Space At Odugesan/Akuro Estate Road, Ogere",007,27/12/06/007,Ogun East,Ikenne/Shagamu/Remo North
Ogun,27,Ikenne,12,Ogere I,06,"Open Space At Itun-Iragbon/Ang Street, Ogere",008,27/12/06/008,Ogun East,Ikenne/Shagamu/Remo North
Ogun,27,Ikenne,12,Ogere Ii,07,Ajegunle,001,27/12/07/001,Ogun East,Ikenne/Shagamu/Remo North
Ogun,27,Ikenne,12,Ogere Ii,07,Wesley School,002,27/12/07/002,Ogun East,Ikenne/Shagamu/Remo North
Ogun,27,Ikenne,12,Ogere Ii,07,Town Hall,003,27/12/07/003,Ogun East,Ikenne/Shagamu/Remo North
Ogun,27,Ikenne,12,Ogere Ii,07,Lisa Taborah,004,27/12/07/004,Ogun East,Ikenne/Shagamu/Remo North
Ogun,27,Ikenne,12,Ogere Ii,07,Court Hall,005,27/12/07/005,Ogun East,Ikenne/Shagamu/Remo North
Ogun,27,Ikenne,12,Ogere Ii,07,Idaren Square,006,27/12/07/006,Ogun East,Ikenne/Shagamu/Remo North
Ogun,27,Ikenne,12,Ogere Ii,07,Ode Road,007,27/12/07/007,Ogun East,Ikenne/Shagamu/Remo North
Ogun,27,Ikenne,12,Ogere Ii,07,"Open Space At Segun Adeniyi Street Off Taborah Road, Ogere",008,27/12/07/008,Ogun East,Ikenne/Shagamu/Remo North
Ogun,27,Ikenne,12,Ogere Ii,07,Open Space Araromi Phase Ii Ogere,009,27/12/07/009,Ogun East,Ikenne/Shagamu/Remo North
Ogun,27,Ikenne,12,Ogere Ii,07,"Open Space Odueso Street, Ogere",010,27/12/07/010,Ogun East,Ikenne/Shagamu/Remo North
Ogun,27,Ikenne,12,Ogere Ii,07,"Open Space At Junction Osilaru Street, Ogere",011,27/12/07/011,Ogun East,Ikenne/Shagamu/Remo North
Ogun,27,Ikenne,12,Ilisan I,08,Town Hall,001,27/12/08/001,Ogun East,Ikenne/Shagamu/Remo North
Ogun,27,Ikenne,12,Ilisan I,08,A.U.D. School Ilisan,002,27/12/08/002,Ogun East,Ikenne/Shagamu/Remo North
Ogun,27,Ikenne,12,Ilisan I,08,Opposite Post Office,003,27/12/08/003,Ogun East,Ikenne/Shagamu/Remo North
Ogun,27,Ikenne,12,Ilisan I,08,Isanbi High School,004,27/12/08/004,Ogun East,Ikenne/Shagamu/Remo North
Ogun,27,Ikenne,12,Ilisan I,08,Town Planning,005,27/12/08/005,Ogun East,Ikenne/Shagamu/Remo North
Ogun,27,Ikenne,12,Ilisan I,08,African Bethel School,006,27/12/08/006,Ogun East,Ikenne/Shagamu/Remo North
Ogun,27,Ikenne,12,Ilisan I,08,(Olofin) A.U.D.,007,27/12/08/007,Ogun East,Ikenne/Shagamu/Remo North
Ogun,27,Ikenne,12,Ilisan I,08,"Open Space At Imosan Junction By Kajola Street, Ilisan",008,27/12/08/008,Ogun East,Ikenne/Shagamu/Remo North
Ogun,27,Ikenne,12,Ilisan I,08,"Open Space At Ajegunle Junction, Ilisan",009,27/12/08/009,Ogun East,Ikenne/Shagamu/Remo North
Ogun,27,Ikenne,12,Ilisan I,08,"Open Space At Ongbaje Sonowo Str, Ilisan",010,27/12/08/010,Ogun East,Ikenne/Shagamu/Remo North
Ogun,27,Ikenne,12,Ilisan I,08,"Ilisan High School,Ilisan",011,27/12/08/011,Ogun East,Ikenne/Shagamu/Remo North
Ogun,27,Ikenne,12,Ilisan I,08,"Open Space At Opc Road, Ilisan",012,27/12/08/012,Ogun East,Ikenne/Shagamu/Remo North
Ogun,27,Ikenne,12,Ilisan I,08,"Opposie Ilisan Town Hall Under The Tree, Along Olofin Road, Ilisan",013,27/12/08/013,Ogun East,Ikenne/Shagamu/Remo North
Ogun,27,Ikenne,12,Ilisan I,08,"Open Space At Ifelodun Street,Ilisan",014,27/12/08/014,Ogun East,Ikenne/Shagamu/Remo North
Ogun,27,Ikenne,12,Ilisan I,08,"Open Space At The Junction Of Awolaru Mukaila Street Off Isanbi High Sch, Ilisan",015,27/12/08/015,Ogun East,Ikenne/Shagamu/Remo North
Ogun,27,Ikenne,12,Ilisan Ii,09,Customary Court,001,27/12/09/001,Ogun East,Ikenne/Shagamu/Remo North
Ogun,27,Ikenne,12,Ilisan Ii,09,Wesley Pry. School,002,27/12/09/002,Ogun East,Ikenne/Shagamu/Remo North
Ogun,27,Ikenne,12,Ilisan Ii,09,Bethel Church,003,27/12/09/003,Ogun East,Ikenne/Shagamu/Remo North
Ogun,27,Ikenne,12,Ilisan Ii,09,Iwaye Compound,004,27/12/09/004,Ogun East,Ikenne/Shagamu/Remo North
Ogun,27,Ikenne,12,Ilisan Ii,09,Ago Ilara Street,005,27/12/09/005,Ogun East,Ikenne/Shagamu/Remo North
Ogun,27,Ikenne,12,Ilisan Ii,09,Ademo Abara,006,27/12/09/006,Ogun East,Ikenne/Shagamu/Remo North
Ogun,27,Ikenne,12,Ilisan Ii,09,Aswa - Texgard Road,007,27/12/09/007,Ogun East,Ikenne/Shagamu/Remo North
Ogun,27,Ikenne,12,Ilisan Ii,09,Opp. Bab Cock Gate,008,27/12/09/008,Ogun East,Ikenne/Shagamu/Remo North
Ogun,27,Ikenne,12,Ilisan Ii,09,"Open Space At Back Of Babcock Teaching Hospital, Ilisan",009,27/12/09/009,Ogun East,Ikenne/Shagamu/Remo North
Ogun,27,Ikenne,12,Ilisan Ii,09,"Open Space Itun Alase, Ilisan",010,27/12/09/010,Ogun East,Ikenne/Shagamu/Remo North
Ogun,27,Ikenne,12,Ilisan Ii,09,"Open Space At Orefagbabi Street Off Ilisan-Irolu Road, Ilisan",011,27/12/09/011,Ogun East,Ikenne/Shagamu/Remo North
Ogun,27,Ikenne,12,Ilisan/Irolu,10,A.U.D. Pry. School Irolu,001,27/12/10/001,Ogun East,Ikenne/Shagamu/Remo North
Ogun,27,Ikenne,12,Ilisan/Irolu,10,Wesley Pry. Sch. - Irolu,002,27/12/10/002,Ogun East,Ikenne/Shagamu/Remo North
Ogun,27,Ikenne,12,Ilisan/Irolu,10,Anglican Sch. Irolu,003,27/12/10/003,Ogun East,Ikenne/Shagamu/Remo North
Ogun,27,Ikenne,12,Ilisan/Irolu,10,Town Hall,004,27/12/10/004,Ogun East,Ikenne/Shagamu/Remo North
Ogun,27,Ikenne,12,Ilisan/Irolu,10,Ilisan-Irolu Road,005,27/12/10/005,Ogun East,Ikenne/Shagamu/Remo North
Ogun,27,Ikenne,12,Ilisan/Irolu,10,"Open Space At Junction Of Odemo/Oduleye Street, Irolu",006,27/12/10/006,Ogun East,Ikenne/Shagamu/Remo North
Ogun,27,Imeko/Afon,13,Imeko,01,Opp. Baptist Church,001,27/13/01/001,Ogun West,Egbado North/Imeko-Afon
Ogun,27,Imeko/Afon,13,Imeko,01,Front Of Onimeko Palace,002,27/13/01/002,Ogun West,Egbado North/Imeko-Afon
Ogun,27,Imeko/Afon,13,Imeko,01,Near Ajegunle Market,003,27/13/01/003,Ogun West,Egbado North/Imeko-Afon
Ogun,27,Imeko/Afon,13,Imeko,01,Near Watergate Agboje,004,27/13/01/004,Ogun West,Egbado North/Imeko-Afon
Ogun,27,Imeko/Afon,13,Imeko,01,Near Gelete Market,005,27/13/01/005,Ogun West,Egbado North/Imeko-Afon
Ogun,27,Imeko/Afon,13,Imeko,01,Baptist Pry. School,006,27/13/01/006,Ogun West,Egbado North/Imeko-Afon
Ogun,27,Imeko/Afon,13,Imeko,01,Near Igbo Olupe,007,27/13/01/007,Ogun West,Egbado North/Imeko-Afon
Ogun,27,Imeko/Afon,13,Imeko,01,Front Of Isale Bode,008,27/13/01/008,Ogun West,Egbado North/Imeko-Afon
Ogun,27,Imeko/Afon,13,Imeko,01,Ijusun Area,009,27/13/01/009,Ogun West,Egbado North/Imeko-Afon
Ogun,27,Imeko/Afon,13,Imeko,01,Beside Cashia Tree Butunbu,010,27/13/01/010,Ogun West,Egbado North/Imeko-Afon
Ogun,27,Imeko/Afon,13,Imeko,01,Opp. Cocoa Shop Igbo Olondo,011,27/13/01/011,Ogun West,Egbado North/Imeko-Afon
Ogun,27,Imeko/Afon,13,Imeko,01,I.A.L.G. Pry. Sch. Onijin,012,27/13/01/012,Ogun West,Egbado North/Imeko-Afon
Ogun,27,Imeko/Afon,13,Imeko,01,Igbo Ifa Quarters,013,27/13/01/013,Ogun West,Egbado North/Imeko-Afon
Ogun,27,Imeko/Afon,13,Imeko,01,Ita Lakosa,014,27/13/01/014,Ogun West,Egbado North/Imeko-Afon
Ogun,27,Imeko/Afon,13,Imeko,01,Ita Apogbere (Ishim),015,27/13/01/015,Ogun West,Egbado North/Imeko-Afon
Ogun,27,Imeko/Afon,13,Imeko,01,Ita Emilandu,016,27/13/01/016,Ogun West,Egbado North/Imeko-Afon
Ogun,27,Imeko/Afon,13,Imeko,01,Behind C.C.C. Imeko,017,27/13/01/017,Ogun West,Egbado North/Imeko-Afon
Ogun,27,Imeko/Afon,13,Imeko,01,Ita Agbagba Open Space Square,018,27/13/01/018,Ogun West,Egbado North/Imeko-Afon
Ogun,27,Imeko/Afon,13,Imeko,01,Sunwa Market,019,27/13/01/019,Ogun West,Egbado North/Imeko-Afon
Ogun,27,Imeko/Afon,13,Imeko,01,New Health Centre Area,020,27/13/01/020,Ogun West,Egbado North/Imeko-Afon
Ogun,27,Imeko/Afon,13,Imeko,01,Ojoloko Village,021,27/13/01/021,Ogun West,Egbado North/Imeko-Afon
Ogun,27,Imeko/Afon,13,Imeko,01,R.C.M School Imeko,022,27/13/01/022,Ogun West,Egbado North/Imeko-Afon
Ogun,27,Imeko/Afon,13,Imeko,01,Imeko Compr. High Sch,023,27/13/01/023,Ogun West,Egbado North/Imeko-Afon
Ogun,27,Imeko/Afon,13,Imeko,01,Open Space Front Of Ogadep,024,27/13/01/024,Ogun West,Egbado North/Imeko-Afon
Ogun,27,Imeko/Afon,13,Imeko,01,Open Space At Ilupeju Junction,025,27/13/01/025,Ogun West,Egbado North/Imeko-Afon
Ogun,27,Imeko/Afon,13,Imeko,01,Open Space At Emiladu Sawmill,026,27/13/01/026,Ogun West,Egbado North/Imeko-Afon
Ogun,27,Imeko/Afon,13,Imeko,01,"L.G Cattle Shed ,Oke Elefun",027,27/13/01/027,Ogun West,Egbado North/Imeko-Afon
Ogun,27,Imeko/Afon,13,Imeko,01,Bebe/ Wasimi Ojo Awo,028,27/13/01/028,Ogun West,Egbado North/Imeko-Afon
Ogun,27,Imeko/Afon,13,Imeko,01,Open Space At Isin Tree Jericho,029,27/13/01/029,Ogun West,Egbado North/Imeko-Afon
Ogun,27,Imeko/Afon,13,Imeko,01,"Baptist Nur Pry School, Asio",030,27/13/01/030,Ogun West,Egbado North/Imeko-Afon
Ogun,27,Imeko/Afon,13,Imeko,01,"Muslim Grammer School,  Emilandu",031,27/13/01/031,Ogun West,Egbado North/Imeko-Afon
Ogun,27,Imeko/Afon,13,Imeko,01,"L.G Educaton Authority, Imeko",032,27/13/01/032,Ogun West,Egbado North/Imeko-Afon
Ogun,27,Imeko/Afon,13,Imeko,01,"Open Space At Orita Aje Junction, Orita Aje",033,27/13/01/033,Ogun West,Egbado North/Imeko-Afon
Ogun,27,Imeko/Afon,13,Imeko,01,"Open Space  At Magistrate Court, Kogo",034,27/13/01/034,Ogun West,Egbado North/Imeko-Afon
Ogun,27,Imeko/Afon,13,Imeko,01,"Eebefun , Araromi",035,27/13/01/035,Ogun West,Egbado North/Imeko-Afon
Ogun,27,Imeko/Afon,13,Imeko,01,"Igbogbo, Osiri",036,27/13/01/036,Ogun West,Egbado North/Imeko-Afon
Ogun,27,Imeko/Afon,13,Oke Agbede/Moriwi/Matale,02,C.P.S. Oke Agbede,001,27/13/02/001,Ogun West,Egbado North/Imeko-Afon
Ogun,27,Imeko/Afon,13,Oke Agbede/Moriwi/Matale,02,Opp. Methodist Church,002,27/13/02/002,Ogun West,Egbado North/Imeko-Afon
Ogun,27,Imeko/Afon,13,Oke Agbede/Moriwi/Matale,02,Near Market Square Wasimi Okuta,003,27/13/02/003,Ogun West,Egbado North/Imeko-Afon
Ogun,27,Imeko/Afon,13,Oke Agbede/Moriwi/Matale,02,Opp. Baale House-Moriwi,004,27/13/02/004,Ogun West,Egbado North/Imeko-Afon
Ogun,27,Imeko/Afon,13,Oke Agbede/Moriwi/Matale,02,C.N.F. Secretariat,005,27/13/02/005,Ogun West,Egbado North/Imeko-Afon
Ogun,27,Imeko/Afon,13,Oke Agbede/Moriwi/Matale,02,Under Kimi Tree Abule Alarabakan,006,27/13/02/006,Ogun West,Egbado North/Imeko-Afon
Ogun,27,Imeko/Afon,13,Oke Agbede/Moriwi/Matale,02,Near Market Square Ologede,007,27/13/02/007,Ogun West,Egbado North/Imeko-Afon
Ogun,27,Imeko/Afon,13,Oke Agbede/Moriwi/Matale,02,Ita-Baale Matale,008,27/13/02/008,Ogun West,Egbado North/Imeko-Afon
Ogun,27,Imeko/Afon,13,Oke Agbede/Moriwi/Matale,02,Near Mowodani Market,009,27/13/02/009,Ogun West,Egbado North/Imeko-Afon
Ogun,27,Imeko/Afon,13,Oke Agbede/Moriwi/Matale,02,Ibogun Village,010,27/13/02/010,Ogun West,Egbado North/Imeko-Afon
Ogun,27,Imeko/Afon,13,Oke Agbede/Moriwi/Matale,02,Oke-Ayo Village,011,27/13/02/011,Ogun West,Egbado North/Imeko-Afon
Ogun,27,Imeko/Afon,13,Oke Agbede/Moriwi/Matale,02,Open Space At Boogi,012,27/13/02/012,Ogun West,Egbado North/Imeko-Afon
Ogun,27,Imeko/Afon,13,Oke Agbede/Moriwi/Matale,02,Open Space At Erobeda Market Okeoha,013,27/13/02/013,Ogun West,Egbado North/Imeko-Afon
Ogun,27,Imeko/Afon,13,Oke Agbede/Moriwi/Matale,02,Open Space At Ajelanwa Village,014,27/13/02/014,Ogun West,Egbado North/Imeko-Afon
Ogun,27,Imeko/Afon,13,Oke Agbede/Moriwi/Matale,02,Town Hall At Bakare Village,015,27/13/02/015,Ogun West,Egbado North/Imeko-Afon
Ogun,27,Imeko/Afon,13,Idofa,03,Mango Tree Maternity Centre,001,27/13/03/001,Ogun West,Egbado North/Imeko-Afon
Ogun,27,Imeko/Afon,13,Idofa,03,Opp. Onidofa Palace,002,27/13/03/002,Ogun West,Egbado North/Imeko-Afon
Ogun,27,Imeko/Afon,13,Idofa,03,Near Ishin Tree,003,27/13/03/003,Ogun West,Egbado North/Imeko-Afon
Ogun,27,Imeko/Afon,13,Idofa,03,Oluwatedo Town Hall,004,27/13/03/004,Ogun West,Egbado North/Imeko-Afon
Ogun,27,Imeko/Afon,13,Idofa,03,I.A.L.G. Pry. School,005,27/13/03/005,Ogun West,Egbado North/Imeko-Afon
Ogun,27,Imeko/Afon,13,Idofa,03,Near Market Square Miofesu,006,27/13/03/006,Ogun West,Egbado North/Imeko-Afon
Ogun,27,Imeko/Afon,13,Idofa,03,"Opp Space At Market Square , Idofa",007,27/13/03/007,Ogun West,Egbado North/Imeko-Afon
Ogun,27,Imeko/Afon,13,Iwoye/Jabata,04,R.C.M. Iwoye,001,27/13/04/001,Ogun West,Egbado North/Imeko-Afon
Ogun,27,Imeko/Afon,13,Iwoye/Jabata,04,Beside Motor Park,002,27/13/04/002,Ogun West,Egbado North/Imeko-Afon
Ogun,27,Imeko/Afon,13,Iwoye/Jabata,04,Ita Oba Iwoye,003,27/13/04/003,Ogun West,Egbado North/Imeko-Afon
Ogun,27,Imeko/Afon,13,Iwoye/Jabata,04,Beside Sabo Cow Market Iwoye,004,27/13/04/004,Ogun West,Egbado North/Imeko-Afon
Ogun,27,Imeko/Afon,13,Iwoye/Jabata,04,New Market Centre Jabata,005,27/13/04/005,Ogun West,Egbado North/Imeko-Afon
Ogun,27,Imeko/Afon,13,Iwoye/Jabata,04,"Open Space Opp First Baptist Church, Iwoye",006,27/13/04/006,Ogun West,Egbado North/Imeko-Afon
Ogun,27,Imeko/Afon,13,Iwoye/Jabata,04,Community High School.,007,27/13/04/007,Ogun West,Egbado North/Imeko-Afon
Ogun,27,Imeko/Afon,13,Iwoye/Jabata,04,"Community Pry School,  Iwoye",008,27/13/04/008,Ogun West,Egbado North/Imeko-Afon
Ogun,27,Imeko/Afon,13,Iwoye/Jabata,04,Community Pry School Gbayin,009,27/13/04/009,Ogun West,Egbado North/Imeko-Afon
Ogun,27,Imeko/Afon,13,Iwoye/Jabata,04,"Open Space Infront Of Health Centre, Okeelego",010,27/13/04/010,Ogun West,Egbado North/Imeko-Afon
Ogun,27,Imeko/Afon,13,Iwoye/Jabata,04,Open Space Opp Catholic Church Ekanjare,011,27/13/04/011,Ogun West,Egbado North/Imeko-Afon
Ogun,27,Imeko/Afon,13,Iwoye/Jabata,04,"Open Space Infront Of International Market, Sabo",012,27/13/04/012,Ogun West,Egbado North/Imeko-Afon
Ogun,27,Imeko/Afon,13,Iwoye/Jabata,04,"Community Pry School, Idufe",013,27/13/04/013,Ogun West,Egbado North/Imeko-Afon
Ogun,27,Imeko/Afon,13,Iwoye/Jabata,04,Open Space At Anoinnoin,014,27/13/04/014,Ogun West,Egbado North/Imeko-Afon
Ogun,27,Imeko/Afon,13,Ilara/Alagbe,05,"R.C.M. School, Ilara",001,27/13/05/001,Ogun West,Egbado North/Imeko-Afon
Ogun,27,Imeko/Afon,13,Ilara/Alagbe,05,Meth. Pry. School Ilara,002,27/13/05/002,Ogun West,Egbado North/Imeko-Afon
Ogun,27,Imeko/Afon,13,Ilara/Alagbe,05,Ita Oba Square,003,27/13/05/003,Ogun West,Egbado North/Imeko-Afon
Ogun,27,Imeko/Afon,13,Ilara/Alagbe,05,Ita Ale Centre,004,27/13/05/004,Ogun West,Egbado North/Imeko-Afon
Ogun,27,Imeko/Afon,13,Ilara/Alagbe,05,Ita Sango,005,27/13/05/005,Ogun West,Egbado North/Imeko-Afon
Ogun,27,Imeko/Afon,13,Ilara/Alagbe,05,Ita Baale Alagbe,006,27/13/05/006,Ogun West,Egbado North/Imeko-Afon
Ogun,27,Imeko/Afon,13,Ilara/Alagbe,05,Ita Baale Ijumu Village,007,27/13/05/007,Ogun West,Egbado North/Imeko-Afon
Ogun,27,Imeko/Afon,13,Ilara/Alagbe,05,Open Space Opp. Samon'S Central Mosq.,008,27/13/05/008,Ogun West,Egbado North/Imeko-Afon
Ogun,27,Imeko/Afon,13,Ilara/Alagbe,05,"Comm. Primary Sch., Alagbe",009,27/13/05/009,Ogun West,Egbado North/Imeko-Afon
Ogun,27,Imeko/Afon,13,Ilara/Alagbe,05,"Agbakula, Ijumu",010,27/13/05/010,Ogun West,Egbado North/Imeko-Afon
Ogun,27,Imeko/Afon,13,Ilara/Alagbe,05,Agbakula Pry. Sch. Agbakula,011,27/13/05/011,Ogun West,Egbado North/Imeko-Afon
Ogun,27,Imeko/Afon,13,Ilara/Alagbe,05,"Open Space At Town Hall, Ilara",012,27/13/05/012,Ogun West,Egbado North/Imeko-Afon
Ogun,27,Imeko/Afon,13,Ilara/Alagbe,05,Pry.School Jesu Tedo,013,27/13/05/013,Ogun West,Egbado North/Imeko-Afon
Ogun,27,Imeko/Afon,13,Ilara/Alagbe,05,"Primary Health Centre, Ilara",014,27/13/05/014,Ogun West,Egbado North/Imeko-Afon
Ogun,27,Imeko/Afon,13,Ilara/Alagbe,05,"Community High School, Ilara",015,27/13/05/015,Ogun West,Egbado North/Imeko-Afon
Ogun,27,Imeko/Afon,13,Ilara/Alagbe,05,"Community Pry School, Oke Isokia",016,27/13/05/016,Ogun West,Egbado North/Imeko-Afon
Ogun,27,Imeko/Afon,13,Afon,06,Baptist Day Sch. Afon,001,27/13/06/001,Ogun West,Egbado North/Imeko-Afon
Ogun,27,Imeko/Afon,13,Afon,06,Dispensary Centre,002,27/13/06/002,Ogun West,Egbado North/Imeko-Afon
Ogun,27,Imeko/Afon,13,Afon,06,Idi-Ogun Square,003,27/13/06/003,Ogun West,Egbado North/Imeko-Afon
Ogun,27,Imeko/Afon,13,Afon,06,Oloka Junction,004,27/13/06/004,Ogun West,Egbado North/Imeko-Afon
Ogun,27,Imeko/Afon,13,Afon,06,Ita Baale Aseere,005,27/13/06/005,Ogun West,Egbado North/Imeko-Afon
Ogun,27,Imeko/Afon,13,Afon,06,C.P.S. Masifa,006,27/13/06/006,Ogun West,Egbado North/Imeko-Afon
Ogun,27,Imeko/Afon,13,Afon,06,Ita Baale Asejire,007,27/13/06/007,Ogun West,Egbado North/Imeko-Afon
Ogun,27,Imeko/Afon,13,Afon,06,Open Space At Village Square Ita Baale Araromi,008,27/13/06/008,Ogun West,Egbado North/Imeko-Afon
Ogun,27,Imeko/Afon,13,Otapele,07,I.A.L.G. School Atapele Kajola Aderan Junction,001,27/13/07/001,Ogun West,Egbado North/Imeko-Afon
Ogun,27,Imeko/Afon,13,Otapele,07,C.P.S. Ibara,002,27/13/07/002,Ogun West,Egbado North/Imeko-Afon
Ogun,27,Imeko/Afon,13,Otapele,07,I.A.L.G. Baare Farinde,003,27/13/07/003,Ogun West,Egbado North/Imeko-Afon
Ogun,27,Imeko/Afon,13,Otapele,07,Baare/Kanji Junction,004,27/13/07/004,Ogun West,Egbado North/Imeko-Afon
Ogun,27,Imeko/Afon,13,Otapele,07,Falola Asipa Junction,005,27/13/07/005,Ogun West,Egbado North/Imeko-Afon
Ogun,27,Imeko/Afon,13,Otapele,07,"Open Space Infront Of Cms Church, Ibara",006,27/13/07/006,Ogun West,Egbado North/Imeko-Afon
Ogun,27,Imeko/Afon,13,Otapele,07,"Open Space Infront Of Jehovah Witness, Kajola",007,27/13/07/007,Ogun West,Egbado North/Imeko-Afon
Ogun,27,Imeko/Afon,13,Kajola/Agberiodo,08,Near Market Kajola Apata,001,27/13/08/001,Ogun West,Egbado North/Imeko-Afon
Ogun,27,Imeko/Afon,13,Kajola/Agberiodo,08,Near Market Square Obolo,002,27/13/08/002,Ogun West,Egbado North/Imeko-Afon
Ogun,27,Imeko/Afon,13,Kajola/Agberiodo,08,Ita Baale Afako,003,27/13/08/003,Ogun West,Egbado North/Imeko-Afon
Ogun,27,Imeko/Afon,13,Kajola/Agberiodo,08,"Mango Tree, Abale Alli",004,27/13/08/004,Ogun West,Egbado North/Imeko-Afon
Ogun,27,Imeko/Afon,13,Kajola/Agberiodo,08,I.A.L.G. Abule Peter/Near Market Oke Benbe,005,27/13/08/005,Ogun West,Egbado North/Imeko-Afon
Ogun,27,Imeko/Afon,13,Kajola/Agberiodo,08,Ajebo Market,006,27/13/08/006,Ogun West,Egbado North/Imeko-Afon
Ogun,27,Imeko/Afon,13,Kajola/Agberiodo,08,A/C Primary School Agberiodo,007,27/13/08/007,Ogun West,Egbado North/Imeko-Afon
Ogun,27,Imeko/Afon,13,Kajola/Agberiodo,08,I.A.L.G. Ajiboro,008,27/13/08/008,Ogun West,Egbado North/Imeko-Afon
Ogun,27,Imeko/Afon,13,Kajola/Agberiodo,08,Segile Ita Baale,009,27/13/08/009,Ogun West,Egbado North/Imeko-Afon
Ogun,27,Imeko/Afon,13,Kajola/Agberiodo,08,Oyetedo Village.,010,27/13/08/010,Ogun West,Egbado North/Imeko-Afon
Ogun,27,Imeko/Afon,13,Kajola/Agberiodo,08,Open Space At Onsa Village Kajola,011,27/13/08/011,Ogun West,Egbado North/Imeko-Afon
Ogun,27,Imeko/Afon,13,Olorunda/Gbomo,09,I.A.L.G. Agboro,001,27/13/09/001,Ogun West,Egbado North/Imeko-Afon
Ogun,27,Imeko/Afon,13,Olorunda/Gbomo,09,Ita Baale Oloro Akinwale,002,27/13/09/002,Ogun West,Egbado North/Imeko-Afon
Ogun,27,Imeko/Afon,13,Olorunda/Gbomo,09,Ita Baale Babalawo,003,27/13/09/003,Ogun West,Egbado North/Imeko-Afon
Ogun,27,Imeko/Afon,13,Olorunda/Gbomo,09,Ita Baale Olorunda,004,27/13/09/004,Ogun West,Egbado North/Imeko-Afon
Ogun,27,Imeko/Afon,13,Olorunda/Gbomo,09,I. A. L.G. Sesan,005,27/13/09/005,Ogun West,Egbado North/Imeko-Afon
Ogun,27,Imeko/Afon,13,Olorunda/Gbomo,09,Kile Junction,006,27/13/09/006,Ogun West,Egbado North/Imeko-Afon
Ogun,27,Imeko/Afon,13,Olorunda/Gbomo,09,Ita Baale Inawole Village,007,27/13/09/007,Ogun West,Egbado North/Imeko-Afon
Ogun,27,Imeko/Afon,13,Idi Ayin,10,I.A.L.G. Idi Ayin,001,27/13/10/001,Ogun West,Egbado North/Imeko-Afon
Ogun,27,Imeko/Afon,13,Idi Ayin,10,Sabo Square Owode Mosafejo Square Owode,002,27/13/10/002,Ogun West,Egbado North/Imeko-Afon
Ogun,27,Imeko/Afon,13,Idi Ayin,10,Ita Baale Ago-Kesan,003,27/13/10/003,Ogun West,Egbado North/Imeko-Afon
Ogun,27,Imeko/Afon,13,Idi Ayin,10,I.A.L.G. Ojubu Latilewo,004,27/13/10/004,Ogun West,Egbado North/Imeko-Afon
Ogun,27,Imeko/Afon,13,Idi Ayin,10,Pry. School Amore,005,27/13/10/005,Ogun West,Egbado North/Imeko-Afon
Ogun,27,Imeko/Afon,13,Idi Ayin,10,Pry. School Alagbomeji,006,27/13/10/006,Ogun West,Egbado North/Imeko-Afon
Ogun,27,Imeko/Afon,13,Idi Ayin,10,C.P.L. Owuwu,007,27/13/10/007,Ogun West,Egbado North/Imeko-Afon
Ogun,27,Imeko/Afon,13,Idi Ayin,10,Near Market Obada,008,27/13/10/008,Ogun West,Egbado North/Imeko-Afon
Ogun,27,Imeko/Afon,13,Idi Ayin,10,Open Space At Oke Oya Adjacent K&S,009,27/13/10/009,Ogun West,Egbado North/Imeko-Afon
Ogun,27,Imeko/Afon,13,Idi Ayin,10,"Open Space Infront Of Anifowose Maternity Centre ,Sabo",010,27/13/10/010,Ogun West,Egbado North/Imeko-Afon
Ogun,27,Imeko/Afon,13,Idi Ayin,10,"Open Space At First Baptist Church , Isale Afon",011,27/13/10/011,Ogun West,Egbado North/Imeko-Afon
Ogun,27,Ipokia,14,Ipokia I,01,Ipokia L.G. School,001,27/14/01/001,Ogun West,Egbado South/Ipokia
Ogun,27,Ipokia,14,Ipokia I,01,C.M.S. School Ipokia,002,27/14/01/002,Ogun West,Egbado South/Ipokia
Ogun,27,Ipokia,14,Ipokia I,01,U.A.M.C. Sch. Ipokia,003,27/14/01/003,Ogun West,Egbado South/Ipokia
Ogun,27,Ipokia,14,Ipokia I,01,Near Palace Square,004,27/14/01/004,Ogun West,Egbado South/Ipokia
Ogun,27,Ipokia,14,Ipokia I,01,Alafia Tayo Street,005,27/14/01/005,Ogun West,Egbado South/Ipokia
Ogun,27,Ipokia,14,Ipokia I,01,Baptist Day School Iwuku Yasi,006,27/14/01/006,Ogun West,Egbado South/Ipokia
Ogun,27,Ipokia,14,Ipokia I,01,Iwuku Igbodo,007,27/14/01/007,Ogun West,Egbado South/Ipokia
Ogun,27,Ipokia,14,Ipokia I,01,"Apostolic School, Obanigbe",008,27/14/01/008,Ogun West,Egbado South/Ipokia
Ogun,27,Ipokia,14,Ipokia I,01,Town Hall Obanigbe Oke,009,27/14/01/009,Ogun West,Egbado South/Ipokia
Ogun,27,Ipokia,14,Ipokia I,01,"Infront Of Old Post Office,Ipokia",010,27/14/01/010,Ogun West,Egbado South/Ipokia
Ogun,27,Ipokia,14,Ipokia I,01,Ipokia Town Hall,011,27/14/01/011,Ogun West,Egbado South/Ipokia
Ogun,27,Ipokia,14,Ipokia I,01,"Infront Of Customary Court, Ipokia",012,27/14/01/012,Ogun West,Egbado South/Ipokia
Ogun,27,Ipokia,14,Ipokia I,01,"Base At Irepodun Junction, Ipokia",013,27/14/01/013,Ogun West,Egbado South/Ipokia
Ogun,27,Ipokia,14,Ipokia I,01,Open Space Infront Of Ipokia Staff Quarters,014,27/14/01/014,Ogun West,Egbado South/Ipokia
Ogun,27,Ipokia,14,Ipokia I,01,"Open Space At Idosuo Street, Ipokia",015,27/14/01/015,Ogun West,Egbado South/Ipokia
Ogun,27,Ipokia,14,Ipokia I,01,"Open Space At Oke Yara, Ipokia",016,27/14/01/016,Ogun West,Egbado South/Ipokia
Ogun,27,Ipokia,14,Ipokia I,01,Surulere Junction Ipokia,017,27/14/01/017,Ogun West,Egbado South/Ipokia
Ogun,27,Ipokia,14,Ipokia Ii,02,R.C.M. Onfo,001,27/14/02/001,Ogun West,Egbado South/Ipokia
Ogun,27,Ipokia,14,Ipokia Ii,02,I.P.L.G. School Onro,002,27/14/02/002,Ogun West,Egbado South/Ipokia
Ogun,27,Ipokia,14,Ipokia Ii,02,I.P.L.G Sch. Gbodoroju,003,27/14/02/003,Ogun West,Egbado South/Ipokia
Ogun,27,Ipokia,14,Ipokia Ii,02,A.U.D. Pry.Sch. Idimafun,004,27/14/02/004,Ogun West,Egbado South/Ipokia
Ogun,27,Ipokia,14,Ipokia Ii,02,I.P.L.G Sch.Iponran,005,27/14/02/005,Ogun West,Egbado South/Ipokia
Ogun,27,Ipokia,14,Ipokia Ii,02,I.P.L.G Sch. Onimowo,006,27/14/02/006,Ogun West,Egbado South/Ipokia
Ogun,27,Ipokia,14,Ipokia Ii,02,Booth At Odanpopo,007,27/14/02/007,Ogun West,Egbado South/Ipokia
Ogun,27,Ipokia,14,Ipokia Ii,02,Booth At Odanjaye,008,27/14/02/008,Ogun West,Egbado South/Ipokia
Ogun,27,Ipokia,14,Ipokia Ii,02,Town Hall Motoke Iponran,009,27/14/02/009,Ogun West,Egbado South/Ipokia
Ogun,27,Ipokia,14,Ipokia Ii,02,Open Space At Pakoji Junction,010,27/14/02/010,Ogun West,Egbado South/Ipokia
Ogun,27,Ipokia,14,Ipokia Ii,02,Seje Onimowo Town Hall,011,27/14/02/011,Ogun West,Egbado South/Ipokia
Ogun,27,Ipokia,14,Ipokia Ii,02,Infront Of Oniro Health Center,012,27/14/02/012,Ogun West,Egbado South/Ipokia
Ogun,27,Ipokia,14,Ipokia Ii,02,Itado Base Odanpopo,013,27/14/02/013,Ogun West,Egbado South/Ipokia
Ogun,27,Ipokia,14,Agosasa,03,Maternity Centre Agosasa,001,27/14/03/001,Ogun West,Egbado South/Ipokia
Ogun,27,Ipokia,14,Agosasa,03,R.C.M. School,002,27/14/03/002,Ogun West,Egbado South/Ipokia
Ogun,27,Ipokia,14,Agosasa,03,Court Hall Idomafe,003,27/14/03/003,Ogun West,Egbado South/Ipokia
Ogun,27,Ipokia,14,Agosasa,03,N.U.D. School Agosasa,004,27/14/03/004,Ogun West,Egbado South/Ipokia
Ogun,27,Ipokia,14,Agosasa,03,Community High School Agosasa,005,27/14/03/005,Ogun West,Egbado South/Ipokia
Ogun,27,Ipokia,14,Agosasa,03,Odesan  - West,006,27/14/03/006,Ogun West,Egbado South/Ipokia
Ogun,27,Ipokia,14,Agosasa,03,Near Central Mosque Agosasa,007,27/14/03/007,Ogun West,Egbado South/Ipokia
Ogun,27,Ipokia,14,Agosasa,03,Idata - Idotun,008,27/14/03/008,Ogun West,Egbado South/Ipokia
Ogun,27,Ipokia,14,Agosasa,03,Idolorisa,009,27/14/03/009,Ogun West,Egbado South/Ipokia
Ogun,27,Ipokia,14,Agosasa,03,Ipokia Local Government School Ago - Egun,010,27/14/03/010,Ogun West,Egbado South/Ipokia
Ogun,27,Ipokia,14,Agosasa,03,U.P.S. School Ibatefin,011,27/14/03/011,Ogun West,Egbado South/Ipokia
Ogun,27,Ipokia,14,Agosasa,03,Ibatefin Clinic,012,27/14/03/012,Ogun West,Egbado South/Ipokia
Ogun,27,Ipokia,14,Agosasa,03,Ibatefin Town Hall,013,27/14/03/013,Ogun West,Egbado South/Ipokia
Ogun,27,Ipokia,14,Agosasa,03,Adamaye,014,27/14/03/014,Ogun West,Egbado South/Ipokia
Ogun,27,Ipokia,14,Agosasa,03,Aseko Village,015,27/14/03/015,Ogun West,Egbado South/Ipokia
Ogun,27,Ipokia,14,Agosasa,03,Idotun,016,27/14/03/016,Ogun West,Egbado South/Ipokia
Ogun,27,Ipokia,14,Agosasa,03,Idama Village,017,27/14/03/017,Ogun West,Egbado South/Ipokia
Ogun,27,Ipokia,14,Agosasa,03,"Agosasa Customary Court,Ita-Igboku",018,27/14/03/018,Ogun West,Egbado South/Ipokia
Ogun,27,Ipokia,14,Agosasa,03,Asunara,019,27/14/03/019,Ogun West,Egbado South/Ipokia
Ogun,27,Ipokia,14,Agosasa,03,Fakejo,020,27/14/03/020,Ogun West,Egbado South/Ipokia
Ogun,27,Ipokia,14,Agosasa,03,Kajola,021,27/14/03/021,Ogun West,Egbado South/Ipokia
Ogun,27,Ipokia,14,Agosasa,03,Motor Park Agosasa,022,27/14/03/022,Ogun West,Egbado South/Ipokia
Ogun,27,Ipokia,14,Agosasa,03,Infront Of Onimalu,023,27/14/03/023,Ogun West,Egbado South/Ipokia
Ogun,27,Ipokia,14,Agosasa,03,Idabata,024,27/14/03/024,Ogun West,Egbado South/Ipokia
Ogun,27,Ipokia,14,Agosasa,03,"Open Space At Albarka Estate, Agosasa",025,27/14/03/025,Ogun West,Egbado South/Ipokia
Ogun,27,Ipokia,14,Agosasa,03,Open Space At Olorunda Community,026,27/14/03/026,Ogun West,Egbado South/Ipokia
Ogun,27,Ipokia,14,Agosasa,03,Town Hall Ayedun,027,27/14/03/027,Ogun West,Egbado South/Ipokia
Ogun,27,Ipokia,14,Agosasa,03,Open Space Near Nawarudeen Mosque,028,27/14/03/028,Ogun West,Egbado South/Ipokia
Ogun,27,Ipokia,14,Agosasa,03,Open Space At Oguntedo Community,029,27/14/03/029,Ogun West,Egbado South/Ipokia
Ogun,27,Ipokia,14,Agosasa,03,"Community Pry School,Idojori Town, Agosasa",030,27/14/03/030,Ogun West,Egbado South/Ipokia
Ogun,27,Ipokia,14,Agosasa,03,"Open Space At Ayetoro Ile Junction, Ibatefin",031,27/14/03/031,Ogun West,Egbado South/Ipokia
Ogun,27,Ipokia,14,Agosasa,03,"Open Space At Itamosa Junction, Ibatefin",032,27/14/03/032,Ogun West,Egbado South/Ipokia
Ogun,27,Ipokia,14,Agosasa,03,"Open Space At Okoro Base, Ibatefin",033,27/14/03/033,Ogun West,Egbado South/Ipokia
Ogun,27,Ipokia,14,Agosasa,03,Town Square Olorunsogo,034,27/14/03/034,Ogun West,Egbado South/Ipokia
Ogun,27,Ipokia,14,Agosasa,03,"Open Space At Igbogbolodi, Agosasa",035,27/14/03/035,Ogun West,Egbado South/Ipokia
Ogun,27,Ipokia,14,Agosasa,03,"Town Hall Idogun Orile, Agosasa",036,27/14/03/036,Ogun West,Egbado South/Ipokia
Ogun,27,Ipokia,14,Agosasa,03,Open Space At Aanu Oluwapo Community,037,27/14/03/037,Ogun West,Egbado South/Ipokia
Ogun,27,Ipokia,14,Agosasa,03,Open Space Near Mosque Idobamo,038,27/14/03/038,Ogun West,Egbado South/Ipokia
Ogun,27,Ipokia,14,Agosasa,03,"Open Space At Ifesowapo Community, Beside Mechanic Workshop",039,27/14/03/039,Ogun West,Egbado South/Ipokia
Ogun,27,Ipokia,14,Agosasa,03,"Open Space At  Ilupeju Community, Agosasa",040,27/14/03/040,Ogun West,Egbado South/Ipokia
Ogun,27,Ipokia,14,Agosasa,03,"Open Space At Brighter Junction, Agosasa",041,27/14/03/041,Ogun West,Egbado South/Ipokia
Ogun,27,Ipokia,14,Ijofin/Idosa,04,I.P.L.G. School  - Ijofin,001,27/14/04/001,Ogun West,Egbado South/Ipokia
Ogun,27,Ipokia,14,Ijofin/Idosa,04,Methodist School Ijofin,002,27/14/04/002,Ogun West,Egbado South/Ipokia
Ogun,27,Ipokia,14,Ijofin/Idosa,04,I.P.L.G. School Tongeji Island,003,27/14/04/003,Ogun West,Egbado South/Ipokia
Ogun,27,Ipokia,14,Ijofin/Idosa,04,Idowe Town Hall,004,27/14/04/004,Ogun West,Egbado South/Ipokia
Ogun,27,Ipokia,14,Ijofin/Idosa,04,Bapt. School Ita - Onimasa,005,27/14/04/005,Ogun West,Egbado South/Ipokia
Ogun,27,Ipokia,14,Ijofin/Idosa,04,Oke Asa Square,006,27/14/04/006,Ogun West,Egbado South/Ipokia
Ogun,27,Ipokia,14,Ijofin/Idosa,04,I.P.L.G. School - Ilepa,007,27/14/04/007,Ogun West,Egbado South/Ipokia
Ogun,27,Ipokia,14,Ijofin/Idosa,04,Kosomi  Square,008,27/14/04/008,Ogun West,Egbado South/Ipokia
Ogun,27,Ipokia,14,Ijofin/Idosa,04,Arigo Square,009,27/14/04/009,Ogun West,Egbado South/Ipokia
Ogun,27,Ipokia,14,Ijofin/Idosa,04,I.P;L.G. School Idosemo,010,27/14/04/010,Ogun West,Egbado South/Ipokia
Ogun,27,Ipokia,14,Ijofin/Idosa,04,I.P.L.G. School Idosa,011,27/14/04/011,Ogun West,Egbado South/Ipokia
Ogun,27,Ipokia,14,Ijofin/Idosa,04,Gbao Town Hall,012,27/14/04/012,Ogun West,Egbado South/Ipokia
Ogun,27,Ipokia,14,Ijofin/Idosa,04,Kate Square,013,27/14/04/013,Ogun West,Egbado South/Ipokia
Ogun,27,Ipokia,14,Ijofin/Idosa,04,I.P.L.G. School Bode Ase,014,27/14/04/014,Ogun West,Egbado South/Ipokia
Ogun,27,Ipokia,14,Ijofin/Idosa,04,Vatipa Square,015,27/14/04/015,Ogun West,Egbado South/Ipokia
Ogun,27,Ipokia,14,Ijofin/Idosa,04,I.P.L.G. School Idopetu,016,27/14/04/016,Ogun West,Egbado South/Ipokia
Ogun,27,Ipokia,14,Ijofin/Idosa,04,Isii Square,017,27/14/04/017,Ogun West,Egbado South/Ipokia
Ogun,27,Ipokia,14,Ijofin/Idosa,04,Ita Odojigan,018,27/14/04/018,Ogun West,Egbado South/Ipokia
Ogun,27,Ipokia,14,Ijofin/Idosa,04,Ilufe,019,27/14/04/019,Ogun West,Egbado South/Ipokia
Ogun,27,Ipokia,14,Ijofin/Idosa,04,Opp. Onijofin Palace,020,27/14/04/020,Ogun West,Egbado South/Ipokia
Ogun,27,Ipokia,14,Ijofin/Idosa,04,Vatipa,021,27/14/04/021,Ogun West,Egbado South/Ipokia
Ogun,27,Ipokia,14,Ijofin/Idosa,04,Base At Ita Whanse Square,022,27/14/04/022,Ogun West,Egbado South/Ipokia
Ogun,27,Ipokia,14,Ijofin/Idosa,04,Town Hall Senkame/Setoko,023,27/14/04/023,Ogun West,Egbado South/Ipokia
Ogun,27,Ipokia,14,Ijofin/Idosa,04,Open Space At Tongeji Water Works,024,27/14/04/024,Ogun West,Egbado South/Ipokia
Ogun,27,Ipokia,14,Ijofin/Idosa,04,"Zebe Square Vatipa, Ikefin",025,27/14/04/025,Ogun West,Egbado South/Ipokia
Ogun,27,Ipokia,14,Tube,05,I.P.L.G. School Tube,001,27/14/05/001,Ogun West,Egbado South/Ipokia
Ogun,27,Ipokia,14,Tube,05,Maternity Centre Tube,002,27/14/05/002,Ogun West,Egbado South/Ipokia
Ogun,27,Ipokia,14,Tube,05,Poe,003,27/14/05/003,Ogun West,Egbado South/Ipokia
Ogun,27,Ipokia,14,Tube,05,Obalaja,004,27/14/05/004,Ogun West,Egbado South/Ipokia
Ogun,27,Ipokia,14,Tube,05,C.P.S. Sch. Ibadan,005,27/14/05/005,Ogun West,Egbado South/Ipokia
Ogun,27,Ipokia,14,Tube,05,Methodist School Ilesi,006,27/14/05/006,Ogun West,Egbado South/Ipokia
Ogun,27,Ipokia,14,Tube,05,Afonji,007,27/14/05/007,Ogun West,Egbado South/Ipokia
Ogun,27,Ipokia,14,Tube,05,Ovuu,008,27/14/05/008,Ogun West,Egbado South/Ipokia
Ogun,27,Ipokia,14,Tube,05,Gboje,009,27/14/05/009,Ogun West,Egbado South/Ipokia
Ogun,27,Ipokia,14,Tube,05,I.P.L.G. Modobilafon,010,27/14/05/010,Ogun West,Egbado South/Ipokia
Ogun,27,Ipokia,14,Tube,05,Odepata,011,27/14/05/011,Ogun West,Egbado South/Ipokia
Ogun,27,Ipokia,14,Tube,05,Igbo Asa,012,27/14/05/012,Ogun West,Egbado South/Ipokia
Ogun,27,Ipokia,14,Tube,05,Ahoho-Isa,013,27/14/05/013,Ogun West,Egbado South/Ipokia
Ogun,27,Ipokia,14,Tube,05,Community Secondary School Tube,014,27/14/05/014,Ogun West,Egbado South/Ipokia
Ogun,27,Ipokia,14,Tube,05,"Open Space At New Garage,Jattu",015,27/14/05/015,Ogun West,Egbado South/Ipokia
Ogun,27,Ipokia,14,Tube,05,Open Space At Idomefe Square,016,27/14/05/016,Ogun West,Egbado South/Ipokia
Ogun,27,Ipokia,14,Tube,05,Open Space At Afonji Square,017,27/14/05/017,Ogun West,Egbado South/Ipokia
Ogun,27,Ipokia,14,Tube,05,Town Hall Bilafon,018,27/14/05/018,Ogun West,Egbado South/Ipokia
Ogun,27,Ipokia,14,Tube,05,Open Space Beside Central Mosque Jirome,019,27/14/05/019,Ogun West,Egbado South/Ipokia
Ogun,27,Ipokia,14,Agada,06,Methodist School Agada,001,27/14/06/001,Ogun West,Egbado South/Ipokia
Ogun,27,Ipokia,14,Agada,06,Oja Agada,002,27/14/06/002,Ogun West,Egbado South/Ipokia
Ogun,27,Ipokia,14,Agada,06,Ita Maguta,003,27/14/06/003,Ogun West,Egbado South/Ipokia
Ogun,27,Ipokia,14,Agada,06,Community Pry. School Iguu,004,27/14/06/004,Ogun West,Egbado South/Ipokia
Ogun,27,Ipokia,14,Agada,06,I.P.L.G. School Igade,005,27/14/06/005,Ogun West,Egbado South/Ipokia
Ogun,27,Ipokia,14,Agada,06,Jihome,006,27/14/06/006,Ogun West,Egbado South/Ipokia
Ogun,27,Ipokia,14,Agada,06,I.P.L.G. School Whekan,007,27/14/06/007,Ogun West,Egbado South/Ipokia
Ogun,27,Ipokia,14,Agada,06,Awusa,008,27/14/06/008,Ogun West,Egbado South/Ipokia
Ogun,27,Ipokia,14,Agada,06,Togbowhe,009,27/14/06/009,Ogun West,Egbado South/Ipokia
Ogun,27,Ipokia,14,Agada,06,Open Space At Odan Agada Village,010,27/14/06/010,Ogun West,Egbado South/Ipokia
Ogun,27,Ipokia,14,Mauni I,07,Anagunji,001,27/14/07/001,Ogun West,Egbado South/Ipokia
Ogun,27,Ipokia,14,Mauni I,07,C.P.S. Ilero,002,27/14/07/002,Ogun West,Egbado South/Ipokia
Ogun,27,Ipokia,14,Mauni I,07,Seje Town Hall,003,27/14/07/003,Ogun West,Egbado South/Ipokia
Ogun,27,Ipokia,14,Mauni I,07,Hahame,004,27/14/07/004,Ogun West,Egbado South/Ipokia
Ogun,27,Ipokia,14,Mauni I,07,I.P.L.G. School Maun,005,27/14/07/005,Ogun West,Egbado South/Ipokia
Ogun,27,Ipokia,14,Mauni I,07,Aholome,006,27/14/07/006,Ogun West,Egbado South/Ipokia
Ogun,27,Ipokia,14,Mauni I,07,Osibadan,007,27/14/07/007,Ogun West,Egbado South/Ipokia
Ogun,27,Ipokia,14,Mauni I,07,Maun Maternity,008,27/14/07/008,Ogun West,Egbado South/Ipokia
Ogun,27,Ipokia,14,Mauni I,07,Akere,009,27/14/07/009,Ogun West,Egbado South/Ipokia
Ogun,27,Ipokia,14,Mauni I,07,Wheke Town Hall,010,27/14/07/010,Ogun West,Egbado South/Ipokia
Ogun,27,Ipokia,14,Mauni I,07,C.P.S. Ahovo,011,27/14/07/011,Ogun West,Egbado South/Ipokia
Ogun,27,Ipokia,14,Mauni I,07,Gbegotho,012,27/14/07/012,Ogun West,Egbado South/Ipokia
Ogun,27,Ipokia,14,Mauni I,07,Igo/Onadilogun,013,27/14/07/013,Ogun West,Egbado South/Ipokia
Ogun,27,Ipokia,14,Mauni Ii,08,I.P.L.G. School Ipinle,001,27/14/08/001,Ogun West,Egbado South/Ipokia
Ogun,27,Ipokia,14,Mauni Ii,08,Agbojetho,002,27/14/08/002,Ogun West,Egbado South/Ipokia
Ogun,27,Ipokia,14,Mauni Ii,08,Fanji,003,27/14/08/003,Ogun West,Egbado South/Ipokia
Ogun,27,Ipokia,14,Mauni Ii,08,Okere,004,27/14/08/004,Ogun West,Egbado South/Ipokia
Ogun,27,Ipokia,14,Mauni Ii,08,Night Market Agbogbe,005,27/14/08/005,Ogun West,Egbado South/Ipokia
Ogun,27,Ipokia,14,Mauni Ii,08,Ajankome Town Hall,006,27/14/08/006,Ogun West,Egbado South/Ipokia
Ogun,27,Ipokia,14,Mauni Ii,08,I.P.L.G. School Vawhe Tukuru,007,27/14/08/007,Ogun West,Egbado South/Ipokia
Ogun,27,Ipokia,14,Mauni Ii,08,Methodist Sch. Ihundo,008,27/14/08/008,Ogun West,Egbado South/Ipokia
Ogun,27,Ipokia,14,Mauni Ii,08,Vawhe Pevi,009,27/14/08/009,Ogun West,Egbado South/Ipokia
Ogun,27,Ipokia,14,Mauni Ii,08,Araromi,010,27/14/08/010,Ogun West,Egbado South/Ipokia
Ogun,27,Ipokia,14,Mauni Ii,08,Night Market Junction Ipinle Oke,011,27/14/08/011,Ogun West,Egbado South/Ipokia
Ogun,27,Ipokia,14,Mauni Ii,08,"Baptist Day Pry School, Vawhe-Tafa",012,27/14/08/012,Ogun West,Egbado South/Ipokia
Ogun,27,Ipokia,14,Mauni Ii,08,"Town Hall, Agbogbe",013,27/14/08/013,Ogun West,Egbado South/Ipokia
Ogun,27,Ipokia,14,Mauni Ii,08,Open Space At Vetho Vawhe Hundo,014,27/14/08/014,Ogun West,Egbado South/Ipokia
Ogun,27,Ipokia,14,Mauni Ii,08,Open Space At Seje Oke,015,27/14/08/015,Ogun West,Egbado South/Ipokia
Ogun,27,Ipokia,14,Ajegunle,09,Near Ajegunle Mosque,001,27/14/09/001,Ogun West,Egbado South/Ipokia
Ogun,27,Ipokia,14,Ajegunle,09,Ajegunle Bus Stop,002,27/14/09/002,Ogun West,Egbado South/Ipokia
Ogun,27,Ipokia,14,Ajegunle,09,Near Baales House Iloupeju,003,27/14/09/003,Ogun West,Egbado South/Ipokia
Ogun,27,Ipokia,14,Ajegunle,09,Ilupeju Junction,004,27/14/09/004,Ogun West,Egbado South/Ipokia
Ogun,27,Ipokia,14,Ajegunle,09,A/C School Owotedo,005,27/14/09/005,Ogun West,Egbado South/Ipokia
Ogun,27,Ipokia,14,Ajegunle,09,Pry. School Ogosa,006,27/14/09/006,Ogun West,Egbado South/Ipokia
Ogun,27,Ipokia,14,Ajegunle,09,I.P.L.G. School Medeogosa,007,27/14/09/007,Ogun West,Egbado South/Ipokia
Ogun,27,Ipokia,14,Ajegunle,09,Agboku Junction,008,27/14/09/008,Ogun West,Egbado South/Ipokia
Ogun,27,Ipokia,14,Ajegunle,09,Mosafejo Junction,009,27/14/09/009,Ogun West,Egbado South/Ipokia
Ogun,27,Ipokia,14,Ajegunle,09,Idologan,010,27/14/09/010,Ogun West,Egbado South/Ipokia
Ogun,27,Ipokia,14,Ajegunle,09,Open Space Behind Jolaco Filling Station,011,27/14/09/011,Ogun West,Egbado South/Ipokia
Ogun,27,Ipokia,14,Ajegunle,09,"Ago Egun Town Hall, Ajegunle",012,27/14/09/012,Ogun West,Egbado South/Ipokia
Ogun,27,Ipokia,14,Ajegunle,09,Open Space At Babajide Ajibola Quarters,013,27/14/09/013,Ogun West,Egbado South/Ipokia
Ogun,27,Ipokia,14,Ajegunle,09,Open Space At Taiwo Street Near Educare School.,014,27/14/09/014,Ogun West,Egbado South/Ipokia
Ogun,27,Ipokia,14,Ajegunle,09,Open Space At Ile Eja Junction,015,27/14/09/015,Ogun West,Egbado South/Ipokia
Ogun,27,Ipokia,14,Ajegunle,09,Open Space At Olalowo Estate,016,27/14/09/016,Ogun West,Egbado South/Ipokia
Ogun,27,Ipokia,14,Ajegunle,09,Open Space Near Baale'S House Ogosa,017,27/14/09/017,Ogun West,Egbado South/Ipokia
Ogun,27,Ipokia,14,Ajegunle,09,Open Space At Olorunda Junction,018,27/14/09/018,Ogun West,Egbado South/Ipokia
Ogun,27,Ipokia,14,Ajegunle,09,Open Space At Orogbo Junction,019,27/14/09/019,Ogun West,Egbado South/Ipokia
Ogun,27,Ipokia,14,Ajegunle,09,Open Space In Front Of Mechanic Village,020,27/14/09/020,Ogun West,Egbado South/Ipokia
Ogun,27,Ipokia,14,Ajegunle,09,Open Space At Four Corner,021,27/14/09/021,Ogun West,Egbado South/Ipokia
Ogun,27,Ipokia,14,Ifonyintedo,10,Maternity Centre Atan-Ota,001,27/14/10/001,Ogun West,Egbado South/Ipokia
Ogun,27,Ipokia,14,Ifonyintedo,10,Near Ega Compound,002,27/14/10/002,Ogun West,Egbado South/Ipokia
Ogun,27,Ipokia,14,Ifonyintedo,10,Baptist Day School Ifonyintedo,003,27/14/10/003,Ogun West,Egbado South/Ipokia
Ogun,27,Ipokia,14,Ifonyintedo,10,I.P.L.G. School Ifonyintedo,004,27/14/10/004,Ogun West,Egbado South/Ipokia
Ogun,27,Ipokia,14,Ifonyintedo,10,Near Bapt. Church Isale-Odo,005,27/14/10/005,Ogun West,Egbado South/Ipokia
Ogun,27,Ipokia,14,Ifonyintedo,10,C.M.S. School Saasa,006,27/14/10/006,Ogun West,Egbado South/Ipokia
Ogun,27,Ipokia,14,Ifonyintedo,10,Near C & S Ibola,007,27/14/10/007,Ogun West,Egbado South/Ipokia
Ogun,27,Ipokia,14,Ifonyintedo,10,Near Methodist Church - Ita Ege,008,27/14/10/008,Ogun West,Egbado South/Ipokia
Ogun,27,Ipokia,14,Ifonyintedo,10,Near Central Mosque - Madoga,009,27/14/10/009,Ogun West,Egbado South/Ipokia
Ogun,27,Ipokia,14,Ifonyintedo,10,Bapt. Day School Madoga,010,27/14/10/010,Ogun West,Egbado South/Ipokia
Ogun,27,Ipokia,14,Ifonyintedo,10,Near Bapt. Church Ilagbe,011,27/14/10/011,Ogun West,Egbado South/Ipokia
Ogun,27,Ipokia,14,Ifonyintedo,10,I.P.L.G. Iropo,012,27/14/10/012,Ogun West,Egbado South/Ipokia
Ogun,27,Ipokia,14,Ifonyintedo,10,Comm. School  - Imule,013,27/14/10/013,Ogun West,Egbado South/Ipokia
Ogun,27,Ipokia,14,Ifonyintedo,10,Baptist Day School- Alaari,014,27/14/10/014,Ogun West,Egbado South/Ipokia
Ogun,27,Ipokia,14,Ifonyintedo,10,Near C.A.C. Church - Alaari,015,27/14/10/015,Ogun West,Egbado South/Ipokia
Ogun,27,Ipokia,14,Ifonyintedo,10,Community Pry. School - Koko,016,27/14/10/016,Ogun West,Egbado South/Ipokia
Ogun,27,Ipokia,14,Ifonyintedo,10,U.A.M.C. Wasimi Ikorodu,017,27/14/10/017,Ogun West,Egbado South/Ipokia
Ogun,27,Ipokia,14,Ifonyintedo,10,Community Pry. Sch. Asipa,018,27/14/10/018,Ogun West,Egbado South/Ipokia
Ogun,27,Ipokia,14,Ifonyintedo,10,Near Baptist Church Afuye,019,27/14/10/019,Ogun West,Egbado South/Ipokia
Ogun,27,Ipokia,14,Ifonyintedo,10,Near C.M.S. Church Idomogun,020,27/14/10/020,Ogun West,Egbado South/Ipokia
Ogun,27,Ipokia,14,Ifonyintedo,10,Near Baptist Church  - Iledu,021,27/14/10/021,Ogun West,Egbado South/Ipokia
Ogun,27,Ipokia,14,Ifonyintedo,10,Onireke Junction - Koko,022,27/14/10/022,Ogun West,Egbado South/Ipokia
Ogun,27,Ipokia,14,Ifonyintedo,10,Near C.C.C. Isale Koko,023,27/14/10/023,Ogun West,Egbado South/Ipokia
Ogun,27,Ipokia,14,Ifonyintedo,10,"Near Central Mosque Ita Yaro,Ifoyintedo",024,27/14/10/024,Ogun West,Egbado South/Ipokia
Ogun,27,Ipokia,14,Ifonyintedo,10,"Mat. Centre, Isadan Igbo-Agan",025,27/14/10/025,Ogun West,Egbado South/Ipokia
Ogun,27,Ipokia,14,Ifonyintedo,10,Beside C.A.C. Church Idi-Omo Quarters,026,27/14/10/026,Ogun West,Egbado South/Ipokia
Ogun,27,Ipokia,14,Ifonyintedo,10,I.P.L.G School Kajola,027,27/14/10/027,Ogun West,Egbado South/Ipokia
Ogun,27,Ipokia,14,Ifonyintedo,10,Open Space At Ilekese Alaari,028,27/14/10/028,Ogun West,Egbado South/Ipokia
Ogun,27,Ipokia,14,Ifonyintedo,10,"Open Space At Okejere, Madoga",029,27/14/10/029,Ogun West,Egbado South/Ipokia
Ogun,27,Ipokia,14,Ifonyintedo,10,Open Space At Isale Medu-Madoga,030,27/14/10/030,Ogun West,Egbado South/Ipokia
Ogun,27,Ipokia,14,Idiroko,11,Babaloke,001,27/14/11/001,Ogun West,Egbado South/Ipokia
Ogun,27,Ipokia,14,Idiroko,11,Mechanic Workshop,002,27/14/11/002,Ogun West,Egbado South/Ipokia
Ogun,27,Ipokia,14,Idiroko,11,Near Balogun Ibirinde,003,27/14/11/003,Ogun West,Egbado South/Ipokia
Ogun,27,Ipokia,14,Idiroko,11,Near Police Station,004,27/14/11/004,Ogun West,Egbado South/Ipokia
Ogun,27,Ipokia,14,Idiroko,11,I.P.L.G School Idiroko,005,27/14/11/005,Ogun West,Egbado South/Ipokia
Ogun,27,Ipokia,14,Idiroko,11,Aferiku,006,27/14/11/006,Ogun West,Egbado South/Ipokia
Ogun,27,Ipokia,14,Idiroko,11,Oniko Palace I,007,27/14/11/007,Ogun West,Egbado South/Ipokia
Ogun,27,Ipokia,14,Idiroko,11,Customary Court Hall,008,27/14/11/008,Ogun West,Egbado South/Ipokia
Ogun,27,Ipokia,14,Idiroko,11,I.P.L.G School Ikolaje,009,27/14/11/009,Ogun West,Egbado South/Ipokia
Ogun,27,Ipokia,14,Idiroko,11,Etikoto,010,27/14/11/010,Ogun West,Egbado South/Ipokia
Ogun,27,Ipokia,14,Idiroko,11,Near A.U.D Agbabo,011,27/14/11/011,Ogun West,Egbado South/Ipokia
Ogun,27,Ipokia,14,Idiroko,11,Eselu/Deeper Life,012,27/14/11/012,Ogun West,Egbado South/Ipokia
Ogun,27,Ipokia,14,Idiroko,11,Mayowa Area,013,27/14/11/013,Ogun West,Egbado South/Ipokia
Ogun,27,Ipokia,14,Idiroko,11,Oniko Palace Ii,014,27/14/11/014,Ogun West,Egbado South/Ipokia
Ogun,27,Ipokia,14,Idiroko,11,Open Space At Igbo Osa Araromi,015,27/14/11/015,Ogun West,Egbado South/Ipokia
Ogun,27,Ipokia,14,Idiroko,11,Open Space At Oja Ale,016,27/14/11/016,Ogun West,Egbado South/Ipokia
Ogun,27,Ipokia,14,Idiroko,11,Olorunsogo Health Center,017,27/14/11/017,Ogun West,Egbado South/Ipokia
Ogun,27,Ipokia,14,Idiroko,11,Open Space At Temidire,018,27/14/11/018,Ogun West,Egbado South/Ipokia
Ogun,27,Ipokia,14,Idiroko,11,Open Space Near Ansarudeen Prayer Ground,019,27/14/11/019,Ogun West,Egbado South/Ipokia
Ogun,27,Ipokia,14,Idiroko,11,Open Space At Olorungbebe,020,27/14/11/020,Ogun West,Egbado South/Ipokia
Ogun,27,Ipokia,14,Idiroko,11,Odan Aje Community Pry School,021,27/14/11/021,Ogun West,Egbado South/Ipokia
Ogun,27,Ipokia,14,Idiroko,11,Open Space Beside Frsc Office,022,27/14/11/022,Ogun West,Egbado South/Ipokia
Ogun,27,Ipokia,14,Idiroko,11,Open Space At Oniko Market,023,27/14/11/023,Ogun West,Egbado South/Ipokia
Ogun,27,Ipokia,14,Idiroko,11,Open Space At Ajanlekoko Estate,024,27/14/11/024,Ogun West,Egbado South/Ipokia
Ogun,27,Ipokia,14,Idiroko,11,Ojuroko Pry School Ii,025,27/14/11/025,Ogun West,Egbado South/Ipokia
Ogun,27,Ipokia,14,Idiroko,11,Open Space At Asiloye Quarters,026,27/14/11/026,Ogun West,Egbado South/Ipokia
Ogun,27,Ipokia,14,Idiroko,11,Iko Gateway Grammar School,027,27/14/11/027,Ogun West,Egbado South/Ipokia
Ogun,27,Ipokia,14,Idiroko,11,Ayedun Village Square,028,27/14/11/028,Ogun West,Egbado South/Ipokia
Ogun,27,Ipokia,14,Idiroko,11,Open Space At Osehunolu,029,27/14/11/029,Ogun West,Egbado South/Ipokia
Ogun,27,Ipokia,14,Idiroko,11,Open Space At Aferiku Junction,030,27/14/11/030,Ogun West,Egbado South/Ipokia
Ogun,27,Ipokia,14,Idiroko,11,Town Hall Ayedola Quarters,031,27/14/11/031,Ogun West,Egbado South/Ipokia
Ogun,27,Ipokia,14,Idiroko,11,"Town Hall,Olorunkuse",032,27/14/11/032,Ogun West,Egbado South/Ipokia
Ogun,27,Ipokia,14,Idiroko,11,Town Hall Odan,033,27/14/11/033,Ogun West,Egbado South/Ipokia
Ogun,27,Ipokia,14,Idiroko,11,"Town Hall ,Odo Eran",034,27/14/11/034,Ogun West,Egbado South/Ipokia
Ogun,27,Ipokia,14,Idiroko,11,"Town Hall, Oluwagbemi",035,27/14/11/035,Ogun West,Egbado South/Ipokia
Ogun,27,Ipokia,14,Idiroko,11,Town Hall Ago Egun,036,27/14/11/036,Ogun West,Egbado South/Ipokia
Ogun,27,Ipokia,14,Ihunbo/ Ilase,12,"St John'S Sch, Ihunbo",001,27/14/12/001,Ogun West,Egbado South/Ipokia
Ogun,27,Ipokia,14,Ihunbo/ Ilase,12,"Court Hall, Ihunbo",002,27/14/12/002,Ogun West,Egbado South/Ipokia
Ogun,27,Ipokia,14,Ihunbo/ Ilase,12,R.C.M Ita Egbe,003,27/14/12/003,Ogun West,Egbado South/Ipokia
Ogun,27,Ipokia,14,Ihunbo/ Ilase,12,"I.P.L.G Sch, Ayetoro",004,27/14/12/004,Ogun West,Egbado South/Ipokia
Ogun,27,Ipokia,14,Ihunbo/ Ilase,12,Near Palace Ilase,005,27/14/12/005,Ogun West,Egbado South/Ipokia
Ogun,27,Ipokia,14,Ihunbo/ Ilase,12,Booth At Okere,006,27/14/12/006,Ogun West,Egbado South/Ipokia
Ogun,27,Ipokia,14,Ihunbo/ Ilase,12,"I.P.L.G Sch, Ilase",007,27/14/12/007,Ogun West,Egbado South/Ipokia
Ogun,27,Ipokia,14,Ihunbo/ Ilase,12,Near Idoforo Church,008,27/14/12/008,Ogun West,Egbado South/Ipokia
Ogun,27,Ipokia,14,Ihunbo/ Ilase,12,"Pry Sch, Iganmi",009,27/14/12/009,Ogun West,Egbado South/Ipokia
Ogun,27,Ipokia,14,Ihunbo/ Ilase,12,Near Baptist Church Onigbedu,010,27/14/12/010,Ogun West,Egbado South/Ipokia
Ogun,27,Ipokia,14,Ihunbo/ Ilase,12,"Baptist Day Sch, Igboredo",011,27/14/12/011,Ogun West,Egbado South/Ipokia
Ogun,27,Ipokia,14,Ihunbo/ Ilase,12,Near C.A.C Oko Eye,012,27/14/12/012,Ogun West,Egbado South/Ipokia
Ogun,27,Ipokia,14,Ihunbo/ Ilase,12,Oke Ojumo Comm. Pry Sch Adodo,013,27/14/12/013,Ogun West,Egbado South/Ipokia
Ogun,27,Ipokia,14,Ihunbo/ Ilase,12,Igboso Village Ihunbo,014,27/14/12/014,Ogun West,Egbado South/Ipokia
Ogun,27,Ipokia,14,Ihunbo/ Ilase,12,Near C.A.C Ojolowo Ihunbo,015,27/14/12/015,Ogun West,Egbado South/Ipokia
Ogun,27,Ipokia,14,Ihunbo/ Ilase,12,Batter Life Market - Idi-Opamu,016,27/14/12/016,Ogun West,Egbado South/Ipokia
Ogun,27,Ipokia,14,Ihunbo/ Ilase,12,Akinsola Fagbohun,017,27/14/12/017,Ogun West,Egbado South/Ipokia
Ogun,27,Ipokia,14,Ihunbo/ Ilase,12,"Front Of Health Center , Ilase",018,27/14/12/018,Ogun West,Egbado South/Ipokia
Ogun,27,Ipokia,14,Ihunbo/ Ilase,12,Open Space At Tafapec Isale Abogunrin,019,27/14/12/019,Ogun West,Egbado South/Ipokia
Ogun,27,Ipokia,14,Ihunbo/ Ilase,12,"Open Space At Oke Ola Junction, Ihunbo",020,27/14/12/020,Ogun West,Egbado South/Ipokia
Ogun,27,Ipokia,14,Ihunbo/ Ilase,12,"Open Space Infront Of Immigration Office, Ilase",021,27/14/12/021,Ogun West,Egbado South/Ipokia
Ogun,27,Ipokia,14,Ihunbo/ Ilase,12,"Open Space At Agbede Near Old Water Tank, Ilase",022,27/14/12/022,Ogun West,Egbado South/Ipokia
Ogun,27,Obafemi/Owode,15,Mokoloki,01,A/C School - Mokoloki,001,27/15/01/001,Ogun Central,Owode/Odeda
Ogun,27,Obafemi/Owode,15,Mokoloki,01,Village Square Eleworo,002,27/15/01/002,Ogun Central,Owode/Odeda
Ogun,27,Obafemi/Owode,15,Mokoloki,01,"O.O.L.G School, Imo-Ijiwo",003,27/15/01/003,Ogun Central,Owode/Odeda
Ogun,27,Obafemi/Owode,15,Mokoloki,01,"O.O.L.G School,  Iro",004,27/15/01/004,Ogun Central,Owode/Odeda
Ogun,27,Obafemi/Owode,15,Mokoloki,01,"O.O.L.G School,  Iyedi Balogun",005,27/15/01/005,Ogun Central,Owode/Odeda
Ogun,27,Obafemi/Owode,15,Mokoloki,01,Front Of Maternity Centre,006,27/15/01/006,Ogun Central,Owode/Odeda
Ogun,27,Obafemi/Owode,15,Mokoloki,01,"O.O.L.G. School, Ajambata",007,27/15/01/007,Ogun Central,Owode/Odeda
Ogun,27,Obafemi/Owode,15,Mokoloki,01,"A/C School, Obanlado",008,27/15/01/008,Ogun Central,Owode/Odeda
Ogun,27,Obafemi/Owode,15,Mokoloki,01,Irepodun United Comm. Sch Mokoloki,009,27/15/01/009,Ogun Central,Owode/Odeda
Ogun,27,Obafemi/Owode,15,Mokoloki,01,"Open Space At Idi-Iroko Junction, Elewero",010,27/15/01/010,Ogun Central,Owode/Odeda
Ogun,27,Obafemi/Owode,15,Mokoloki,01,"Open Space At Oja, Oba Iro, Mokoloki",011,27/15/01/011,Ogun Central,Owode/Odeda
Ogun,27,Obafemi/Owode,15,Ofada,02,"O.O.L.G. School, Magbon Etido",001,27/15/02/001,Ogun Central,Owode/Odeda
Ogun,27,Obafemi/Owode,15,Ofada,02,"O.O.L.G. School, Abaren",002,27/15/02/002,Ogun Central,Owode/Odeda
Ogun,27,Obafemi/Owode,15,Ofada,02,"St. David School, Ofada I",003,27/15/02/003,Ogun Central,Owode/Odeda
Ogun,27,Obafemi/Owode,15,Ofada,02,"St. David School, Ofada Ii",004,27/15/02/004,Ogun Central,Owode/Odeda
Ogun,27,Obafemi/Owode,15,Ofada,02,"St. David School, Ofada Iii",005,27/15/02/005,Ogun Central,Owode/Odeda
Ogun,27,Obafemi/Owode,15,Ofada,02,"A/C School, Oko Araferin",006,27/15/02/006,Ogun Central,Owode/Odeda
Ogun,27,Obafemi/Owode,15,Ofada,02,"O.O.L.G. School, Ibafo  I",007,27/15/02/007,Ogun Central,Owode/Odeda
Ogun,27,Obafemi/Owode,15,Ofada,02,"O.O.L.G. School, Ibafo  Ii",008,27/15/02/008,Ogun Central,Owode/Odeda
Ogun,27,Obafemi/Owode,15,Ofada,02,"O.O.L.G. School, Ibafo  Iii",009,27/15/02/009,Ogun Central,Owode/Odeda
Ogun,27,Obafemi/Owode,15,Ofada,02,"O.O.L.G. School, Magboro",010,27/15/02/010,Ogun Central,Owode/Odeda
Ogun,27,Obafemi/Owode,15,Ofada,02,"O.O.L.G. School,  Arepo",011,27/15/02/011,Ogun Central,Owode/Odeda
Ogun,27,Obafemi/Owode,15,Ofada,02,"O.O.L.G. School, Orimerunmu I",012,27/15/02/012,Ogun Central,Owode/Odeda
Ogun,27,Obafemi/Owode,15,Ofada,02,"O.O.L.G. School, Orimerunmu",013,27/15/02/013,Ogun Central,Owode/Odeda
Ogun,27,Obafemi/Owode,15,Ofada,02,"O.O.L.G. School, Mowe  I",014,27/15/02/014,Ogun Central,Owode/Odeda
Ogun,27,Obafemi/Owode,15,Ofada,02,"O.O.L.G. School, Mowe  Ii",015,27/15/02/015,Ogun Central,Owode/Odeda
Ogun,27,Obafemi/Owode,15,Ofada,02,"O.O.L.G. School, Pakuro",016,27/15/02/016,Ogun Central,Owode/Odeda
Ogun,27,Obafemi/Owode,15,Ofada,02,Opp. Redemption Camp,017,27/15/02/017,Ogun Central,Owode/Odeda
Ogun,27,Obafemi/Owode,15,Ofada,02,"O.O.L.G. School, Arigbawonwo",018,27/15/02/018,Ogun Central,Owode/Odeda
Ogun,27,Obafemi/Owode,15,Ofada,02,"O.O.L.G. School, Asese",019,27/15/02/019,Ogun Central,Owode/Odeda
Ogun,27,Obafemi/Owode,15,Ofada,02,Booth At Akinola'S Square Pakuro,020,27/15/02/020,Ogun Central,Owode/Odeda
Ogun,27,Obafemi/Owode,15,Ofada,02,"Open Space Opp. Ita-Baale Ilate, Magbon, Ofada",021,27/15/02/021,Ogun Central,Owode/Odeda
Ogun,27,Obafemi/Owode,15,Ofada,02,"Open Space At Oke-Iran Junction, Abaren,Ofada",022,27/15/02/022,Ogun Central,Owode/Odeda
Ogun,27,Obafemi/Owode,15,Ofada,02,"Ofada Comm. Comprehensive Sch., Ofada",023,27/15/02/023,Ogun Central,Owode/Odeda
Ogun,27,Obafemi/Owode,15,Ofada,02,"Open Space At Better Day B/Stop, Ofada",024,27/15/02/024,Ogun Central,Owode/Odeda
Ogun,27,Obafemi/Owode,15,Ofada,02,Open Space At Iyana Bisodun Ofada,025,27/15/02/025,Ogun Central,Owode/Odeda
Ogun,27,Obafemi/Owode,15,Ofada,02,"Open Space At Yotomi Gate, Ofada",026,27/15/02/026,Ogun Central,Owode/Odeda
Ogun,27,Obafemi/Owode,15,Ofada,02,"Open Space At Adebimpe Junction., Temidire Road, Ibafo",027,27/15/02/027,Ogun Central,Owode/Odeda
Ogun,27,Obafemi/Owode,15,Ofada,02,"Open Space At Mr Biggs Junction, Ibafo",028,27/15/02/028,Ogun Central,Owode/Odeda
Ogun,27,Obafemi/Owode,15,Ofada,02,"Open Space At Magada Onigbagbo, Ibafo",029,27/15/02/029,Ogun Central,Owode/Odeda
Ogun,27,Obafemi/Owode,15,Ofada,02,"Open Space At Oladunjoye Str., Powerline, Magada, Ibafo",030,27/15/02/030,Ogun Central,Owode/Odeda
Ogun,27,Obafemi/Owode,15,Ofada,02,"Open Space At Celestial Str Ireti Ogo, Magada",031,27/15/02/031,Ogun Central,Owode/Odeda
Ogun,27,Obafemi/Owode,15,Ofada,02,"Market Square, Ibafo B/Stop",032,27/15/02/032,Ogun Central,Owode/Odeda
Ogun,27,Obafemi/Owode,15,Ofada,02,"Open Space At Liberty Estate Gate, Ibafo",033,27/15/02/033,Ogun Central,Owode/Odeda
Ogun,27,Obafemi/Owode,15,Ofada,02,"Open Space At Excellent Liberty Estate, Zone 7, Ibafo",034,27/15/02/034,Ogun Central,Owode/Odeda
Ogun,27,Obafemi/Owode,15,Ofada,02,"Open Space At Lau Junction,Ibafo",035,27/15/02/035,Ogun Central,Owode/Odeda
Ogun,27,Obafemi/Owode,15,Ofada,02,"Unity Estate Unity Hall, Gbaragunrin, Ibafo",036,27/15/02/036,Ogun Central,Owode/Odeda
Ogun,27,Obafemi/Owode,15,Ofada,02,"Open  Space At Sparklight/Am Wemaboard Junction, Magboro",037,27/15/02/037,Ogun Central,Owode/Odeda
Ogun,27,Obafemi/Owode,15,Ofada,02,"Front Of Health Centre Sanni, Omotedo, Magboro",038,27/15/02/038,Ogun Central,Owode/Odeda
Ogun,27,Obafemi/Owode,15,Ofada,02,"Open Space At Brentfeed Junction, Oke Afa, Magboro",039,27/15/02/039,Ogun Central,Owode/Odeda
Ogun,27,Obafemi/Owode,15,Ofada,02,"Open Space At Dhl Junction,Oke Afa, Magboro",040,27/15/02/040,Ogun Central,Owode/Odeda
Ogun,27,Obafemi/Owode,15,Ofada,02,"Open Space At Liberty Estate Gate, Magboro",041,27/15/02/041,Ogun Central,Owode/Odeda
Ogun,27,Obafemi/Owode,15,Ofada,02,"Oolg Sch., Makogi",042,27/15/02/042,Ogun Central,Owode/Odeda
Ogun,27,Obafemi/Owode,15,Ofada,02,"Open Space At Olowojoba Junction, Igodo,Magboro",043,27/15/02/043,Ogun Central,Owode/Odeda
Ogun,27,Obafemi/Owode,15,Ofada,02,"Open Space At Voera Junction, Arepo",044,27/15/02/044,Ogun Central,Owode/Odeda
Ogun,27,Obafemi/Owode,15,Ofada,02,Journalist Estate Main Gate Arepo,045,27/15/02/045,Ogun Central,Owode/Odeda
Ogun,27,Obafemi/Owode,15,Ofada,02,"Open Space In Front Of Praise Hill, Estate Gate, Arepo",046,27/15/02/046,Ogun Central,Owode/Odeda
Ogun,27,Obafemi/Owode,15,Ofada,02,"Open Space Beside Transformer At Akinfolarin Junction, Orimerunmu",047,27/15/02/047,Ogun Central,Owode/Odeda
Ogun,27,Obafemi/Owode,15,Ofada,02,"Open Space At Alimi Ojo Junction, Orimerunmu",048,27/15/02/048,Ogun Central,Owode/Odeda
Ogun,27,Obafemi/Owode,15,Ofada,02,"Community High Sch, Abule Adesan, Mowe",049,27/15/02/049,Ogun Central,Owode/Odeda
Ogun,27,Obafemi/Owode,15,Ofada,02,"Open Space At Baale Junction Adesan, Mowe",050,27/15/02/050,Ogun Central,Owode/Odeda
Ogun,27,Obafemi/Owode,15,Ofada,02,Health Centre Daleko Ogunrun,051,27/15/02/051,Ogun Central,Owode/Odeda
Ogun,27,Obafemi/Owode,15,Ofada,02,Open Space At Abule Ogunrun,052,27/15/02/052,Ogun Central,Owode/Odeda
Ogun,27,Obafemi/Owode,15,Ofada,02,"Open Space At Abule Egun, Mowe",053,27/15/02/053,Ogun Central,Owode/Odeda
Ogun,27,Obafemi/Owode,15,Ofada,02,"Open Space Behind Transformer Junction, Lotto, Mowe",054,27/15/02/054,Ogun Central,Owode/Odeda
Ogun,27,Obafemi/Owode,15,Ofada,02,"Health Centre Olowotedo Harmony Estate, Mowe",055,27/15/02/055,Ogun Central,Owode/Odeda
Ogun,27,Obafemi/Owode,15,Ofada,02,"Open Space At Oke Alafia Junction Imedu, Mowe",056,27/15/02/056,Ogun Central,Owode/Odeda
Ogun,27,Obafemi/Owode,15,Ofada,02,"Open Space At Cl School Junction, Gbegira,",057,27/15/02/057,Ogun Central,Owode/Odeda
Ogun,27,Obafemi/Owode,15,Ofada,02,"Open Space At Mosafuneto Avenue, Beside Transformer Pakuro",058,27/15/02/058,Ogun Central,Owode/Odeda
Ogun,27,Obafemi/Owode,15,Ofada,02,Ijere Elelede Worugudu Townhall Pakuro,059,27/15/02/059,Ogun Central,Owode/Odeda
Ogun,27,Obafemi/Owode,15,Ofada,02,"Open Space At Mechanic Village, Beside Redemption Camp Main Gate",060,27/15/02/060,Ogun Central,Owode/Odeda
Ogun,27,Obafemi/Owode,15,Ofada,02,"Open Space At Abdullahi Junction Beside Nnpc Car Park C, Mowe",061,27/15/02/061,Ogun Central,Owode/Odeda
Ogun,27,Obafemi/Owode,15,Ofada,02,"Open Space At Haola Junction, Abule Egun Mowe",062,27/15/02/062,Ogun Central,Owode/Odeda
Ogun,27,Obafemi/Owode,15,Ofada,02,"Open Space At Miyer Junction, Loburo",063,27/15/02/063,Ogun Central,Owode/Odeda
Ogun,27,Obafemi/Owode,15,Ofada,02,Open Space At Holiness Junction Orunkole Phase 1,064,27/15/02/064,Ogun Central,Owode/Odeda
Ogun,27,Obafemi/Owode,15,Ofada,02,"Open Space At Mayegun Block,Orunkole, Phase 2, Loburo",065,27/15/02/065,Ogun Central,Owode/Odeda
Ogun,27,Obafemi/Owode,15,Ofada,02,"Open Space At Olororo Junction, Loburo",066,27/15/02/066,Ogun Central,Owode/Odeda
Ogun,27,Obafemi/Owode,15,Ofada,02,"Open Space At Ikugbonmire Junction, Loburo",067,27/15/02/067,Ogun Central,Owode/Odeda
Ogun,27,Obafemi/Owode,15,Ofada,02,Open Space At Ashimolowo Junction,068,27/15/02/068,Ogun Central,Owode/Odeda
Ogun,27,Obafemi/Owode,15,Ofada,02,Open Space At Omu Isokun Bus Stop Arigbawonwo,069,27/15/02/069,Ogun Central,Owode/Odeda
Ogun,27,Obafemi/Owode,15,Ofada,02,Open Space At Alekun Market Arigbawonwo,070,27/15/02/070,Ogun Central,Owode/Odeda
Ogun,27,Obafemi/Owode,15,Ofada,02,"Open Space At Masiya Junction,Maba Asese",071,27/15/02/071,Ogun Central,Owode/Odeda
Ogun,27,Obafemi/Owode,15,Ofada,02,"Open Space At Cele Ii Junction, Asese",072,27/15/02/072,Ogun Central,Owode/Odeda
Ogun,27,Obafemi/Owode,15,Ofada,02,"Open Space At Ogunrun Ori Transformer Junction,Pakuro",073,27/15/02/073,Ogun Central,Owode/Odeda
Ogun,27,Obafemi/Owode,15,Ofada,02,"Open Space At Ilupeju Market Square,Oke Afa",074,27/15/02/074,Ogun Central,Owode/Odeda
Ogun,27,Obafemi/Owode,15,Ofada,02,"Open Space At Iyana Cele Junction, Ogunrombi Ofada",075,27/15/02/075,Ogun Central,Owode/Odeda
Ogun,27,Obafemi/Owode,15,Ofada,02,Open Space At Omu-Lisogbe Junction Ofada,076,27/15/02/076,Ogun Central,Owode/Odeda
Ogun,27,Obafemi/Owode,15,Ofada,02,"Open Space Opp. Trinity Foundation, Ofada Road",077,27/15/02/077,Ogun Central,Owode/Odeda
Ogun,27,Obafemi/Owode,15,Ofada,02,"Open Space At T-Junction, Back Of Good Shepherd Str.,Ofada",078,27/15/02/078,Ogun Central,Owode/Odeda
Ogun,27,Obafemi/Owode,15,Ofada,02,"Open Space Behind Adb Petrol Station, Green Canada Hotel Junction, Ofada",079,27/15/02/079,Ogun Central,Owode/Odeda
Ogun,27,Obafemi/Owode,15,Ofada,02,"Open Space Opp. Est Bank Academy Alamuyo B/Stop, Ofada",080,27/15/02/080,Ogun Central,Owode/Odeda
Ogun,27,Obafemi/Owode,15,Ofada,02,Open Space At Omu Arogun Junction Ofada,081,27/15/02/081,Ogun Central,Owode/Odeda
Ogun,27,Obafemi/Owode,15,Ofada,02,Open Space Opposite Eden Estate Arigbawonwo,082,27/15/02/082,Ogun Central,Owode/Odeda
Ogun,27,Obafemi/Owode,15,Ofada,02,"Open Space Beside Transformer Ayanmo, Loburo",083,27/15/02/083,Ogun Central,Owode/Odeda
Ogun,27,Obafemi/Owode,15,Ofada,02,"Open Sapce At Kajola Village Junction, Loburo",084,27/15/02/084,Ogun Central,Owode/Odeda
Ogun,27,Obafemi/Owode,15,Ofada,02,"Open Space At T-Junction Opp. Transformer, Orunkole Phase Ii",085,27/15/02/085,Ogun Central,Owode/Odeda
Ogun,27,Obafemi/Owode,15,Ofada,02,"Open Space At Igumah Junction, Orunkole Phase Ii, Loburo",086,27/15/02/086,Ogun Central,Owode/Odeda
Ogun,27,Obafemi/Owode,15,Ofada,02,"Open Space At Turaya Junction, Inside Loburo",087,27/15/02/087,Ogun Central,Owode/Odeda
Ogun,27,Obafemi/Owode,15,Ofada,02,"Open Space At Baraka Junction, Loburo Phase Ii",088,27/15/02/088,Ogun Central,Owode/Odeda
Ogun,27,Obafemi/Owode,15,Ofada,02,Open Space At Higher Ground Loburo,089,27/15/02/089,Ogun Central,Owode/Odeda
Ogun,27,Obafemi/Owode,15,Ofada,02,"Open Space At Oba Bi Olorun Kosi Junction, Orimerunmu",090,27/15/02/090,Ogun Central,Owode/Odeda
Ogun,27,Obafemi/Owode,15,Ofada,02,"Open Space At Goshen Junction, Orita Federal, Orimerunmu",091,27/15/02/091,Ogun Central,Owode/Odeda
Ogun,27,Obafemi/Owode,15,Ofada,02,"Open Space At Jabutu Junction, Orimerunmu",092,27/15/02/092,Ogun Central,Owode/Odeda
Ogun,27,Obafemi/Owode,15,Ofada,02,"Open Space At Olunloyo Str., Ibafo",093,27/15/02/093,Ogun Central,Owode/Odeda
Ogun,27,Obafemi/Owode,15,Ofada,02,"Open Space At Wisdom Estate Gate, Sefu Road,Ibafo",094,27/15/02/094,Ogun Central,Owode/Odeda
Ogun,27,Obafemi/Owode,15,Ofada,02,"Open Space At Oke Sefu, Elelede Junction, Ibafo",095,27/15/02/095,Ogun Central,Owode/Odeda
Ogun,27,Obafemi/Owode,15,Ofada,02,"Open Space At Orita Sefu Elelede,Transformer Junction,Ibafo",096,27/15/02/096,Ogun Central,Owode/Odeda
Ogun,27,Obafemi/Owode,15,Ofada,02,"Open Space At Sanmona Akinsanya Str., Ibafo",097,27/15/02/097,Ogun Central,Owode/Odeda
Ogun,27,Obafemi/Owode,15,Ofada,02,"Open Space At Sote Town Behind Transformer, Ibafo",098,27/15/02/098,Ogun Central,Owode/Odeda
Ogun,27,Obafemi/Owode,15,Ofada,02,"Open Space At Magada Gate, Ibafo",099,27/15/02/099,Ogun Central,Owode/Odeda
Ogun,27,Obafemi/Owode,15,Ofada,02,"Open Space At Catholic Junction, Ibafo",100,27/15/02/100,Ogun Central,Owode/Odeda
Ogun,27,Obafemi/Owode,15,Ofada,02,"Open Space At Kwara Mogede Junction, Transformer, Ibafo",101,27/15/02/101,Ogun Central,Owode/Odeda
Ogun,27,Obafemi/Owode,15,Ofada,02,"Open Space At Ereko Junction,Ibafo",102,27/15/02/102,Ogun Central,Owode/Odeda
Ogun,27,Obafemi/Owode,15,Ofada,02,"Open Space At Ondo Str., Ijesha Isu, Mowe",103,27/15/02/103,Ogun Central,Owode/Odeda
Ogun,27,Obafemi/Owode,15,Ofada,02,"Community Hall Imedu,Mowe",104,27/15/02/104,Ogun Central,Owode/Odeda
Ogun,27,Obafemi/Owode,15,Ofada,02,"Open Space At Ire Akari Str., Mowe",105,27/15/02/105,Ogun Central,Owode/Odeda
Ogun,27,Obafemi/Owode,15,Ofada,02,Open Space At Alasco Avenue Mowe,106,27/15/02/106,Ogun Central,Owode/Odeda
Ogun,27,Obafemi/Owode,15,Ofada,02,"T-Junction Otito-Lere Qtrs, Ogunrun, Eletu, Mowe",107,27/15/02/107,Ogun Central,Owode/Odeda
Ogun,27,Obafemi/Owode,15,Ofada,02,"Open Space At Greater Zion Estate, Ogunrun Road, Mowe",108,27/15/02/108,Ogun Central,Owode/Odeda
Ogun,27,Obafemi/Owode,15,Ofada,02,"Open Space At Sokeye Estate, Ogunrun, Mowe",109,27/15/02/109,Ogun Central,Owode/Odeda
Ogun,27,Obafemi/Owode,15,Ofada,02,"Open Space At Iya Ijebu Bus Stop,Orimerunmu",110,27/15/02/110,Ogun Central,Owode/Odeda
Ogun,27,Obafemi/Owode,15,Ofada,02,"Open Space At T-Junction, Seinde Alakija, Orimerunmu",111,27/15/02/111,Ogun Central,Owode/Odeda
Ogun,27,Obafemi/Owode,15,Ofada,02,"Open Space At Idi-Obi Pakuro Road, Orimerunmu",112,27/15/02/112,Ogun Central,Owode/Odeda
Ogun,27,Obafemi/Owode,15,Ofada,02,"Open Space At Sobowale Junction,Oke Afa Magboro",113,27/15/02/113,Ogun Central,Owode/Odeda
Ogun,27,Obafemi/Owode,15,Ofada,02,"Open Space At T-Junction Redstar Estate Junction, Olowofela,Oke Afa",114,27/15/02/114,Ogun Central,Owode/Odeda
Ogun,27,Obafemi/Owode,15,Ofada,02,"Open Space At Diamond Estate, Olowofela,Oke Afa Magboro",115,27/15/02/115,Ogun Central,Owode/Odeda
Ogun,27,Obafemi/Owode,15,Ofada,02,"Open Space At Powerline Kajola,Okeafa, Magboro",116,27/15/02/116,Ogun Central,Owode/Odeda
Ogun,27,Obafemi/Owode,15,Ofada,02,Market Square Abule Oko Magboro,117,27/15/02/117,Ogun Central,Owode/Odeda
Ogun,27,Obafemi/Owode,15,Ofada,02,"Open Space At Abule Oko Powerline Oke Ayo Gate, Magboro",118,27/15/02/118,Ogun Central,Owode/Odeda
Ogun,27,Obafemi/Owode,15,Ofada,02,"Open Space At Gasline Road, Back Of Akintade Gate,Magboro",119,27/15/02/119,Ogun Central,Owode/Odeda
Ogun,27,Obafemi/Owode,15,Ofada,02,"Open Space At Victory Arena Estate Gate, Magboro",120,27/15/02/120,Ogun Central,Owode/Odeda
Ogun,27,Obafemi/Owode,15,Ofada,02,"Open Space Opp. Transformer, Tosho Junction, Mapara ,Makogi,Magboro",121,27/15/02/121,Ogun Central,Owode/Odeda
Ogun,27,Obafemi/Owode,15,Ofada,02,"Open Space Behind Peaceland Estate, Arepo",122,27/15/02/122,Ogun Central,Owode/Odeda
Ogun,27,Obafemi/Owode,15,Ofada,02,"Open Space At Beachland Roundabout Arepo,",123,27/15/02/123,Ogun Central,Owode/Odeda
Ogun,27,Obafemi/Owode,15,Ofada,02,"Open Space At Embassy Junction, Arepo",124,27/15/02/124,Ogun Central,Owode/Odeda
Ogun,27,Obafemi/Owode,15,Ofada,02,"Open Space Behind Transformer Papa Alfa,Asese",125,27/15/02/125,Ogun Central,Owode/Odeda
Ogun,27,Obafemi/Owode,15,Ofada,02,Open Space At Powerline Junction Asese,126,27/15/02/126,Ogun Central,Owode/Odeda
Ogun,27,Obafemi/Owode,15,Owode,03,All Saints School I -Owode  I,001,27/15/03/001,Ogun Central,Owode/Odeda
Ogun,27,Obafemi/Owode,15,Owode,03,"All Saints School I, Owode  Ii",002,27/15/03/002,Ogun Central,Owode/Odeda
Ogun,27,Obafemi/Owode,15,Owode,03,"All Saints School I, Owode  Iii",003,27/15/03/003,Ogun Central,Owode/Odeda
Ogun,27,Obafemi/Owode,15,Owode,03,"All Saints School Ii, Owode I",004,27/15/03/004,Ogun Central,Owode/Odeda
Ogun,27,Obafemi/Owode,15,Owode,03,"All Saints School Ii, Owode Ii",005,27/15/03/005,Ogun Central,Owode/Odeda
Ogun,27,Obafemi/Owode,15,Owode,03,"Market Stall, Geleodun",006,27/15/03/006,Ogun Central,Owode/Odeda
Ogun,27,Obafemi/Owode,15,Owode,03,A/C School Akinbo,007,27/15/03/007,Ogun Central,Owode/Odeda
Ogun,27,Obafemi/Owode,15,Owode,03,A.U.D. School Someke,008,27/15/03/008,Ogun Central,Owode/Odeda
Ogun,27,Obafemi/Owode,15,Owode,03,"O.O.L.G. School, Olowokojebi",009,27/15/03/009,Ogun Central,Owode/Odeda
Ogun,27,Obafemi/Owode,15,Owode,03,"A/C School, Orile-Igbein I",010,27/15/03/010,Ogun Central,Owode/Odeda
Ogun,27,Obafemi/Owode,15,Owode,03,"A/C School, Orile-Igbein Ii",011,27/15/03/011,Ogun Central,Owode/Odeda
Ogun,27,Obafemi/Owode,15,Owode,03,"A/C School, Iboku Aro",012,27/15/03/012,Ogun Central,Owode/Odeda
Ogun,27,Obafemi/Owode,15,Owode,03,"O.O.L.G. School, Korisa",013,27/15/03/013,Ogun Central,Owode/Odeda
Ogun,27,Obafemi/Owode,15,Owode,03,Front Of Disp. Isale Owode  I,014,27/15/03/014,Ogun Central,Owode/Odeda
Ogun,27,Obafemi/Owode,15,Owode,03,Front Of Disp. Isale Owode Ii,015,27/15/03/015,Ogun Central,Owode/Odeda
Ogun,27,Obafemi/Owode,15,Owode,03,Sogoye Square Owode,016,27/15/03/016,Ogun Central,Owode/Odeda
Ogun,27,Obafemi/Owode,15,Owode,03,"St. Mich. Ang. School, Lufuwape  I",017,27/15/03/017,Ogun Central,Owode/Odeda
Ogun,27,Obafemi/Owode,15,Owode,03,"St. Mich. Ang. School, Lufuwape  Ii",018,27/15/03/018,Ogun Central,Owode/Odeda
Ogun,27,Obafemi/Owode,15,Owode,03,Fornt Of Eleshin'S House Eguru,019,27/15/03/019,Ogun Central,Owode/Odeda
Ogun,27,Obafemi/Owode,15,Owode,03,N.U.D School Owode,020,27/15/03/020,Ogun Central,Owode/Odeda
Ogun,27,Obafemi/Owode,15,Owode,03,African Church Ogidan,021,27/15/03/021,Ogun Central,Owode/Odeda
Ogun,27,Obafemi/Owode,15,Owode,03,"Owode High Sch., Owode",022,27/15/03/022,Ogun Central,Owode/Odeda
Ogun,27,Obafemi/Owode,15,Owode,03,Open Space Beside General Hosiptal Araromi,023,27/15/03/023,Ogun Central,Owode/Odeda
Ogun,27,Obafemi/Owode,15,Owode,03,Open Space At Agbaakin Road Junction Ileke,024,27/15/03/024,Ogun Central,Owode/Odeda
Ogun,27,Obafemi/Owode,15,Owode,03,Open Space At Local Govt Co-Operative Zonal Office Owode,025,27/15/03/025,Ogun Central,Owode/Odeda
Ogun,27,Obafemi/Owode,15,Owode,03,"Open Space At Alaha Oke Junction Ring Road,Owode",026,27/15/03/026,Ogun Central,Owode/Odeda
Ogun,27,Obafemi/Owode,15,Owode,03,Open Space At Olabitan Hospital Junction Owode School Road,027,27/15/03/027,Ogun Central,Owode/Odeda
Ogun,27,Obafemi/Owode,15,Owode,03,Open Space At Orita-Aje Sch Road Junction Owode,028,27/15/03/028,Ogun Central,Owode/Odeda
Ogun,27,Obafemi/Owode,15,Owode,03,"Open Space Beside Water Co-Operation,Wasimi Ataba",029,27/15/03/029,Ogun Central,Owode/Odeda
Ogun,27,Obafemi/Owode,15,Owode,03,Open Space At Orile Itori Odo Junction,030,27/15/03/030,Ogun Central,Owode/Odeda
Ogun,27,Obafemi/Owode,15,Owode,03,"Open Space At Balogun Near So-Save Co-Operation,Sogoye",031,27/15/03/031,Ogun Central,Owode/Odeda
Ogun,27,Obafemi/Owode,15,Owode,03,Open Space At Ariwo Junction Owode,032,27/15/03/032,Ogun Central,Owode/Odeda
Ogun,27,Obafemi/Owode,15,Owode,03,"Open Space At Balufe T-Junction,Ogidan",033,27/15/03/033,Ogun Central,Owode/Odeda
Ogun,27,Obafemi/Owode,15,Owode,03,"Open Space At Somide Estate, Owode",034,27/15/03/034,Ogun Central,Owode/Odeda
Ogun,27,Obafemi/Owode,15,Owode,03,"Open Space At Transformer Junction,Elere",035,27/15/03/035,Ogun Central,Owode/Odeda
Ogun,27,Obafemi/Owode,15,Owode,03,"Open Space At T-Junction, Lugboko Village",036,27/15/03/036,Ogun Central,Owode/Odeda
Ogun,27,Obafemi/Owode,15,Owode,03,"Open Space At Solid Rock Foundation Junction, Elere",037,27/15/03/037,Ogun Central,Owode/Odeda
Ogun,27,Obafemi/Owode,15,Owode,03,"Front Of Local Government Staff Quarters,Owode",038,27/15/03/038,Ogun Central,Owode/Odeda
Ogun,27,Obafemi/Owode,15,Owode,03,"Open Space At T-Junction Oke Odo Koselu, Someke",039,27/15/03/039,Ogun Central,Owode/Odeda
Ogun,27,Obafemi/Owode,15,Ajura,04,"St. Peters School, Siun  I",001,27/15/04/001,Ogun Central,Owode/Odeda
Ogun,27,Obafemi/Owode,15,Ajura,04,"St. Peters School, Siun  Ii",002,27/15/04/002,Ogun Central,Owode/Odeda
Ogun,27,Obafemi/Owode,15,Ajura,04,"St. John School, Ajura  I",003,27/15/04/003,Ogun Central,Owode/Odeda
Ogun,27,Obafemi/Owode,15,Ajura,04,"St. John School, Ajura  Ii",004,27/15/04/004,Ogun Central,Owode/Odeda
Ogun,27,Obafemi/Owode,15,Ajura,04,"A/C School, Otunba",005,27/15/04/005,Ogun Central,Owode/Odeda
Ogun,27,Obafemi/Owode,15,Ajura,04,"Comm. Sch, Orita Ijaye I",006,27/15/04/006,Ogun Central,Owode/Odeda
Ogun,27,Obafemi/Owode,15,Ajura,04,"Comm. Sch, Orita Ijaye Ii",007,27/15/04/007,Ogun Central,Owode/Odeda
Ogun,27,Obafemi/Owode,15,Ajura,04,St. Peter  Ang. Sch. Ikanna Balogun  I,008,27/15/04/008,Ogun Central,Owode/Odeda
Ogun,27,Obafemi/Owode,15,Ajura,04,"St. Peter Ang. Sch, Ikanna Balogun Ii",009,27/15/04/009,Ogun Central,Owode/Odeda
Ogun,27,Obafemi/Owode,15,Ajura,04,"St.Peters Sch.,Awo Apena",010,27/15/04/010,Ogun Central,Owode/Odeda
Ogun,27,Obafemi/Owode,15,Ajura,04,"N.U.D. School, Orile - Imo I",011,27/15/04/011,Ogun Central,Owode/Odeda
Ogun,27,Obafemi/Owode,15,Ajura,04,"N.U.D. School, Orile - Imo Ii",012,27/15/04/012,Ogun Central,Owode/Odeda
Ogun,27,Obafemi/Owode,15,Ajura,04,Eredo Alase Village Square,013,27/15/04/013,Ogun Central,Owode/Odeda
Ogun,27,Obafemi/Owode,15,Ajura,04,"O.O.L.G. School, Potoki",014,27/15/04/014,Ogun Central,Owode/Odeda
Ogun,27,Obafemi/Owode,15,Ajura,04,"Ang. School,  Semore  I",015,27/15/04/015,Ogun Central,Owode/Odeda
Ogun,27,Obafemi/Owode,15,Ajura,04,"Ang. School,  Semore  Ii",016,27/15/04/016,Ogun Central,Owode/Odeda
Ogun,27,Obafemi/Owode,15,Ajura,04,Seriki,017,27/15/04/017,Ogun Central,Owode/Odeda
Ogun,27,Obafemi/Owode,15,Ajura,04,Ikanna Oluwo,018,27/15/04/018,Ogun Central,Owode/Odeda
Ogun,27,Obafemi/Owode,15,Ajura,04,Market Square Siun,019,27/15/04/019,Ogun Central,Owode/Odeda
Ogun,27,Obafemi/Owode,15,Ajura,04,Open Space At Bara Town Junction,020,27/15/04/020,Ogun Central,Owode/Odeda
Ogun,27,Obafemi/Owode,15,Moloko-Asipa,05,"United Ang. School, Moloko - Asipa  I",001,27/15/05/001,Ogun Central,Owode/Odeda
Ogun,27,Obafemi/Owode,15,Moloko-Asipa,05,"United Ang. School, Moloko - Asipa  Ii",002,27/15/05/002,Ogun Central,Owode/Odeda
Ogun,27,Obafemi/Owode,15,Moloko-Asipa,05,"O.O.L.G. School, Oba Seriki",003,27/15/05/003,Ogun Central,Owode/Odeda
Ogun,27,Obafemi/Owode,15,Moloko-Asipa,05,"Araromi Market, Asu",004,27/15/05/004,Ogun Central,Owode/Odeda
Ogun,27,Obafemi/Owode,15,Moloko-Asipa,05,"Community Hall, Kobape",005,27/15/05/005,Ogun Central,Owode/Odeda
Ogun,27,Obafemi/Owode,15,Moloko-Asipa,05,"O.O.L.G. School, Mogbafofo",006,27/15/05/006,Ogun Central,Owode/Odeda
Ogun,27,Obafemi/Owode,15,Moloko-Asipa,05,"A/C School, Osiki",007,27/15/05/007,Ogun Central,Owode/Odeda
Ogun,27,Obafemi/Owode,15,Moloko-Asipa,05,"R.C.M. School, Idowu Ofonran",008,27/15/05/008,Ogun Central,Owode/Odeda
Ogun,27,Obafemi/Owode,15,Moloko-Asipa,05,"O.O.L.G. School, Aro-Ere",009,27/15/05/009,Ogun Central,Owode/Odeda
Ogun,27,Obafemi/Owode,15,Moloko-Asipa,05,"Ang. Pry. School, Onipepeye",010,27/15/05/010,Ogun Central,Owode/Odeda
Ogun,27,Obafemi/Owode,15,Moloko-Asipa,05,N.U.D. Pry. Sch. Magbagbodun,011,27/15/05/011,Ogun Central,Owode/Odeda
Ogun,27,Obafemi/Owode,15,Moloko-Asipa,05,Imo Emulu,012,27/15/05/012,Ogun Central,Owode/Odeda
Ogun,27,Obafemi/Owode,15,Moloko-Asipa,05,Okusan Village,013,27/15/05/013,Ogun Central,Owode/Odeda
Ogun,27,Obafemi/Owode,15,Moloko-Asipa,05,Libegun Village,014,27/15/05/014,Ogun Central,Owode/Odeda
Ogun,27,Obafemi/Owode,15,Moloko-Asipa,05,"African Church Pry Sch., Kerewu Kobape",015,27/15/05/015,Ogun Central,Owode/Odeda
Ogun,27,Obafemi/Owode,15,Moloko-Asipa,05,Open Space At Iga-Ijemo Village Moloko-Asipa,016,27/15/05/016,Ogun Central,Owode/Odeda
Ogun,27,Obafemi/Owode,15,Onidundu,06,"Christ Ang. Sch., Afojupanla",001,27/15/06/001,Ogun Central,Owode/Odeda
Ogun,27,Obafemi/Owode,15,Onidundu,06,"A/C School, Soseri",002,27/15/06/002,Ogun Central,Owode/Odeda
Ogun,27,Obafemi/Owode,15,Onidundu,06,"Front Of Maternity Centre, Onidundu",003,27/15/06/003,Ogun Central,Owode/Odeda
Ogun,27,Obafemi/Owode,15,Onidundu,06,"Village Square, Sowunmi",004,27/15/06/004,Ogun Central,Owode/Odeda
Ogun,27,Obafemi/Owode,15,Onidundu,06,"A/C School, Orogbo - Lamodi",005,27/15/06/005,Ogun Central,Owode/Odeda
Ogun,27,Obafemi/Owode,15,Onidundu,06,"A/C School, Laloko",006,27/15/06/006,Ogun Central,Owode/Odeda
Ogun,27,Obafemi/Owode,15,Onidundu,06,"O.O.L.G. School, Ogbe, Odujoko",007,27/15/06/007,Ogun Central,Owode/Odeda
Ogun,27,Obafemi/Owode,15,Onidundu,06,"A/C School, Musin Ore",008,27/15/06/008,Ogun Central,Owode/Odeda
Ogun,27,Obafemi/Owode,15,Onidundu,06,"O.O.L.G. School, Ajana - Liyebi",009,27/15/06/009,Ogun Central,Owode/Odeda
Ogun,27,Obafemi/Owode,15,Onidundu,06,Ijemo Lusi (School),010,27/15/06/010,Ogun Central,Owode/Odeda
Ogun,27,Obafemi/Owode,15,Onidundu,06,Akisan,011,27/15/06/011,Ogun Central,Owode/Odeda
Ogun,27,Obafemi/Owode,15,Onidundu,06,Omun,012,27/15/06/012,Ogun Central,Owode/Odeda
Ogun,27,Obafemi/Owode,15,Onidundu,06,Erinfunoke,013,27/15/06/013,Ogun Central,Owode/Odeda
Ogun,27,Obafemi/Owode,15,Oba,07,"Christ Ang. School, Oba  I",001,27/15/07/001,Ogun Central,Owode/Odeda
Ogun,27,Obafemi/Owode,15,Oba,07,"Christ Ang. School, Oba  Ii",002,27/15/07/002,Ogun Central,Owode/Odeda
Ogun,27,Obafemi/Owode,15,Oba,07,O.O.L.G Sch Sodubi,003,27/15/07/003,Ogun Central,Owode/Odeda
Ogun,27,Obafemi/Owode,15,Oba,07,"St. Matt. Ang. Sch., Lademo I",004,27/15/07/004,Ogun Central,Owode/Odeda
Ogun,27,Obafemi/Owode,15,Oba,07,"St. Matt. Ang. Sch., Lademo  Ii",005,27/15/07/005,Ogun Central,Owode/Odeda
Ogun,27,Obafemi/Owode,15,Oba,07,"St, Peter Ang. School Saare",006,27/15/07/006,Ogun Central,Owode/Odeda
Ogun,27,Obafemi/Owode,15,Oba,07,"O.O.L.G. School Ajade, Ogundipe",007,27/15/07/007,Ogun Central,Owode/Odeda
Ogun,27,Obafemi/Owode,15,Oba,07,"A/C Sch. Odana, Asaponde",008,27/15/07/008,Ogun Central,Owode/Odeda
Ogun,27,Obafemi/Owode,15,Oba,07,"O.O.L.G. School, Adigbe I",009,27/15/07/009,Ogun Central,Owode/Odeda
Ogun,27,Obafemi/Owode,15,Oba,07,"O.O.L.G. School, Adigbe Ii",010,27/15/07/010,Ogun Central,Owode/Odeda
Ogun,27,Obafemi/Owode,15,Oba,07,Oluwo Village Via Onikolobo,011,27/15/07/011,Ogun Central,Owode/Odeda
Ogun,27,Obafemi/Owode,15,Oba,07,Eriti Village,012,27/15/07/012,Ogun Central,Owode/Odeda
Ogun,27,Obafemi/Owode,15,Oba,07,"R.C.M. School, Oluwo-Oke I",013,27/15/07/013,Ogun Central,Owode/Odeda
Ogun,27,Obafemi/Owode,15,Oba,07,"R.C.M. School, Oluwo-Oke Ii",014,27/15/07/014,Ogun Central,Owode/Odeda
Ogun,27,Obafemi/Owode,15,Oba,07,"Village Square, Igbomeku",015,27/15/07/015,Ogun Central,Owode/Odeda
Ogun,27,Obafemi/Owode,15,Oba,07,St. Paul Pry. Sch. Oke-Ogbun,016,27/15/07/016,Ogun Central,Owode/Odeda
Ogun,27,Obafemi/Owode,15,Oba,07,Village Square Sogbamu,017,27/15/07/017,Ogun Central,Owode/Odeda
Ogun,27,Obafemi/Owode,15,Oba,07,Pry. Sch. Agodo,018,27/15/07/018,Ogun Central,Owode/Odeda
Ogun,27,Obafemi/Owode,15,Oba,07,Open Space  Near Alh. Adegbero'S House,019,27/15/07/019,Ogun Central,Owode/Odeda
Ogun,27,Obafemi/Owode,15,Oba,07,Open Space Alh. Ajia'S House(Opp.),020,27/15/07/020,Ogun Central,Owode/Odeda
Ogun,27,Obafemi/Owode,15,Oba,07,Adedotun,021,27/15/07/021,Ogun Central,Owode/Odeda
Ogun,27,Obafemi/Owode,15,Oba,07,Poly Gate,022,27/15/07/022,Ogun Central,Owode/Odeda
Ogun,27,Obafemi/Owode,15,Oba,07,O.O.L.G.School Adigbe Iii,023,27/15/07/023,Ogun Central,Owode/Odeda
Ogun,27,Obafemi/Owode,15,Oba,07,O.O.L.G.School Adigbe Iv,024,27/15/07/024,Ogun Central,Owode/Odeda
Ogun,27,Obafemi/Owode,15,Oba,07,"Oolg School,Megi Alagada, Oba",025,27/15/07/025,Ogun Central,Owode/Odeda
Ogun,27,Obafemi/Owode,15,Oba,07,Open Space At Erin Market Oba,026,27/15/07/026,Ogun Central,Owode/Odeda
Ogun,27,Obafemi/Owode,15,Oba,07,Open Space Opp. Greenland Academy Sodubi (Near Eid Ground),027,27/15/07/027,Ogun Central,Owode/Odeda
Ogun,27,Obafemi/Owode,15,Oba,07,"Open Space At Platinum Hotel Inukonu Str, Adigbe",028,27/15/07/028,Ogun Central,Owode/Odeda
Ogun,27,Obafemi/Owode,15,Oba,07,Open Space At Asiribo Junction Adigbe,029,27/15/07/029,Ogun Central,Owode/Odeda
Ogun,27,Obafemi/Owode,15,Oba,07,"Open Space At Kehinde Martins Thomas Estate, Oloke Extension , Ojere",030,27/15/07/030,Ogun Central,Owode/Odeda
Ogun,27,Obafemi/Owode,15,Oba,07,"Open Space At Big Master Junction,Japo, Adigbe",031,27/15/07/031,Ogun Central,Owode/Odeda
Ogun,27,Obafemi/Owode,15,Oba,07,"Open Space Beside Old Railway Junction, Agbamaya",032,27/15/07/032,Ogun Central,Owode/Odeda
Ogun,27,Obafemi/Owode,15,Oba,07,Open Space At Temitope Opako,033,27/15/07/033,Ogun Central,Owode/Odeda
Ogun,27,Obafemi/Owode,15,Oba,07,"Open Space Opp. Baale Akintibubo Crescent Oke-Odo Japo, Adigbe",034,27/15/07/034,Ogun Central,Owode/Odeda
Ogun,27,Obafemi/Owode,15,Oba,07,Open Space At Asipa Junction Beside Transformer Shogbamu Road,035,27/15/07/035,Ogun Central,Owode/Odeda
Ogun,27,Obafemi/Owode,15,Oba,07,"Open Space At T-Junction,Odemo (Asiribo)",036,27/15/07/036,Ogun Central,Owode/Odeda
Ogun,27,Obafemi/Owode,15,Oba,07,Open Space At T-Junction Street Abule Oba Adigbe,037,27/15/07/037,Ogun Central,Owode/Odeda
Ogun,27,Obafemi/Owode,15,Oba,07,Open Space Under R-Powerline Olope Abule Ojere,038,27/15/07/038,Ogun Central,Owode/Odeda
Ogun,27,Obafemi/Owode,15,Egbeda,08,"O.O.L.G. School, Ayerose",001,27/15/08/001,Ogun Central,Owode/Odeda
Ogun,27,Obafemi/Owode,15,Egbeda,08,"O.O.L.G. School, Egbeda",002,27/15/08/002,Ogun Central,Owode/Odeda
Ogun,27,Obafemi/Owode,15,Egbeda,08,"O.O.L.G. School, Masa",003,27/15/08/003,Ogun Central,Owode/Odeda
Ogun,27,Obafemi/Owode,15,Egbeda,08,"St. James  Ang. Sch, Ototo I",004,27/15/08/004,Ogun Central,Owode/Odeda
Ogun,27,Obafemi/Owode,15,Egbeda,08,"St. James  Ang. Sch, Ototo Ii",005,27/15/08/005,Ogun Central,Owode/Odeda
Ogun,27,Obafemi/Owode,15,Egbeda,08,Village Square Elefun,006,27/15/08/006,Ogun Central,Owode/Odeda
Ogun,27,Obafemi/Owode,15,Egbeda,08,"St. Peter Ang. Sch., Igbo-Itoku",007,27/15/08/007,Ogun Central,Owode/Odeda
Ogun,27,Obafemi/Owode,15,Egbeda,08,"St. Peters Ang. Sch, Agbangba",008,27/15/08/008,Ogun Central,Owode/Odeda
Ogun,27,Obafemi/Owode,15,Egbeda,08,Adedero Market Area,009,27/15/08/009,Ogun Central,Owode/Odeda
Ogun,27,Obafemi/Owode,15,Egbeda,08,"O.O.L.G. Sch., Agboke-Lukari",010,27/15/08/010,Ogun Central,Owode/Odeda
Ogun,27,Obafemi/Owode,15,Egbeda,08,Nlemo Village,011,27/15/08/011,Ogun Central,Owode/Odeda
Ogun,27,Obafemi/Owode,15,Egbeda,08,Jaguna Itoku Village (Jagan Iloko Village),012,27/15/08/012,Ogun Central,Owode/Odeda
Ogun,27,Obafemi/Owode,15,Egbeda,08,"Open Space At Opp Transformer At Abule-Oko Junction, Laderin Ext.",013,27/15/08/013,Ogun Central,Owode/Odeda
Ogun,27,Obafemi/Owode,15,Egbeda,08,Open Space At Water Corporation Laderin Junction,014,27/15/08/014,Ogun Central,Owode/Odeda
Ogun,27,Obafemi/Owode,15,Egbeda,08,"Community Town Hall, Wasimi Araromi Ajebo Road",015,27/15/08/015,Ogun Central,Owode/Odeda
Ogun,27,Obafemi/Owode,15,Kajola,09,"St. Peter A/C School, Ajibayo",001,27/15/09/001,Ogun Central,Owode/Odeda
Ogun,27,Obafemi/Owode,15,Kajola,09,"Methodist School Oyero, Ikosofe",002,27/15/09/002,Ogun Central,Owode/Odeda
Ogun,27,Obafemi/Owode,15,Kajola,09,"St. James School, Kajola",003,27/15/09/003,Ogun Central,Owode/Odeda
Ogun,27,Obafemi/Owode,15,Kajola,09,"O.O.L.G. School, Idi Osan",004,27/15/09/004,Ogun Central,Owode/Odeda
Ogun,27,Obafemi/Owode,15,Kajola,09,"Ang. School, Kuti",005,27/15/09/005,Ogun Central,Owode/Odeda
Ogun,27,Obafemi/Owode,15,Kajola,09,"Ang. School, Odo-Ijesa",006,27/15/09/006,Ogun Central,Owode/Odeda
Ogun,27,Obafemi/Owode,15,Kajola,09,"Ang. School, Aberu Agba  I",007,27/15/09/007,Ogun Central,Owode/Odeda
Ogun,27,Obafemi/Owode,15,Kajola,09,"Ang. School, Aberu Agba  Ii",008,27/15/09/008,Ogun Central,Owode/Odeda
Ogun,27,Obafemi/Owode,15,Kajola,09,"Pry. School, Isan-Onigbagbo",009,27/15/09/009,Ogun Central,Owode/Odeda
Ogun,27,Obafemi/Owode,15,Kajola,09,Alapako Village,010,27/15/09/010,Ogun Central,Owode/Odeda
Ogun,27,Obafemi/Owode,15,Kajola,09,Soonu Village,011,27/15/09/011,Ogun Central,Owode/Odeda
Ogun,27,Obafemi/Owode,15,Kajola,09,Open Space At Kajola Market Beside Transformer,012,27/15/09/012,Ogun Central,Owode/Odeda
Ogun,27,Obafemi/Owode,15,Obafemi,10,"Central School, Obafemi I",001,27/15/10/001,Ogun Central,Owode/Odeda
Ogun,27,Obafemi/Owode,15,Obafemi,10,"Central School, Obafemi Ii",002,27/15/10/002,Ogun Central,Owode/Odeda
Ogun,27,Obafemi/Owode,15,Obafemi,10,"Front Of Dispensary, Igbari - Ake",003,27/15/10/003,Ogun Central,Owode/Odeda
Ogun,27,Obafemi/Owode,15,Obafemi,10,Ang. Sch. Alaha  I,004,27/15/10/004,Ogun Central,Owode/Odeda
Ogun,27,Obafemi/Owode,15,Obafemi,10,Ang. Sch. Alaha  Ii,005,27/15/10/005,Ogun Central,Owode/Odeda
Ogun,27,Obafemi/Owode,15,Obafemi,10,"St. Peters Ang. Sch.,Ilogbo-Olofin",006,27/15/10/006,Ogun Central,Owode/Odeda
Ogun,27,Obafemi/Owode,15,Obafemi,10,"O.O.L.G. School, Apena Erunbe",007,27/15/10/007,Ogun Central,Owode/Odeda
Ogun,27,Obafemi/Owode,15,Obafemi,10,"St. Theresa R.C.M. School, Gbure",008,27/15/10/008,Ogun Central,Owode/Odeda
Ogun,27,Obafemi/Owode,15,Obafemi,10,"Village Square, Agborun",009,27/15/10/009,Ogun Central,Owode/Odeda
Ogun,27,Obafemi/Owode,15,Obafemi,10,"O.O.L.G. School, Baase Iporo",010,27/15/10/010,Ogun Central,Owode/Odeda
Ogun,27,Obafemi/Owode,15,Obafemi,10,"Front Of Maternity Centre, Apena- Ake",011,27/15/10/011,Ogun Central,Owode/Odeda
Ogun,27,Obafemi/Owode,15,Obafemi,10,"N.U.D. School, Igbedu",012,27/15/10/012,Ogun Central,Owode/Odeda
Ogun,27,Obafemi/Owode,15,Obafemi,10,Market Square Obafemi,013,27/15/10/013,Ogun Central,Owode/Odeda
Ogun,27,Obafemi/Owode,15,Obafemi,10,"St. Stephen Ang. Pry Sch., Oloparun, Obafemi",014,27/15/10/014,Ogun Central,Owode/Odeda
Ogun,27,Obafemi/Owode,15,Ajebo,11,"Ajebo High School, Ajebo  I",001,27/15/11/001,Ogun Central,Owode/Odeda
Ogun,27,Obafemi/Owode,15,Ajebo,11,"Ajebo High Schoo, Ajebo Ii",002,27/15/11/002,Ogun Central,Owode/Odeda
Ogun,27,Obafemi/Owode,15,Ajebo,11,St. John Sch. Owojo  I,003,27/15/11/003,Ogun Central,Owode/Odeda
Ogun,27,Obafemi/Owode,15,Ajebo,11,St. John Sch. Owojo  Ii,004,27/15/11/004,Ogun Central,Owode/Odeda
Ogun,27,Obafemi/Owode,15,Ajebo,11,"Market Square, Fidiwo",005,27/15/11/005,Ogun Central,Owode/Odeda
Ogun,27,Obafemi/Owode,15,Ajebo,11,"N.U.D. School, Oluwo-Ifote",006,27/15/11/006,Ogun Central,Owode/Odeda
Ogun,27,Obafemi/Owode,15,Ajebo,11,"St. Peter Sch, Abatan",007,27/15/11/007,Ogun Central,Owode/Odeda
Ogun,27,Obafemi/Owode,15,Ajebo,11,"O.O.L.G. School, Oyebola",008,27/15/11/008,Ogun Central,Owode/Odeda
Ogun,27,Obafemi/Owode,15,Ajebo,11,"St. James School, Akinola",009,27/15/11/009,Ogun Central,Owode/Odeda
Ogun,27,Obafemi/Owode,15,Ajebo,11,"Bapt School, Erinle",010,27/15/11/010,Ogun Central,Owode/Odeda
Ogun,27,Obafemi/Owode,15,Ajebo,11,"C & C School, Olugbo Odeyemi",011,27/15/11/011,Ogun Central,Owode/Odeda
Ogun,27,Obafemi/Owode,15,Ajebo,11,"Ang. Sch, Itoko-Apata",012,27/15/11/012,Ogun Central,Owode/Odeda
Ogun,27,Obafemi/Owode,15,Ajebo,11,Open Space At Ajebo Garage,013,27/15/11/013,Ogun Central,Owode/Odeda
Ogun,27,Obafemi/Owode,15,Alapako-Oni,12,"St. Peter'S Ang. School, Alapako-Oni",001,27/15/12/001,Ogun Central,Owode/Odeda
Ogun,27,Obafemi/Owode,15,Alapako-Oni,12,"St. Paul Ang. School, Abujana",002,27/15/12/002,Ogun Central,Owode/Odeda
Ogun,27,Obafemi/Owode,15,Alapako-Oni,12,"Ang. School,Seriki-Sotayo",003,27/15/12/003,Ogun Central,Owode/Odeda
Ogun,27,Obafemi/Owode,15,Alapako-Oni,12,"O.O.L.G. School, Ogunmakin  I",004,27/15/12/004,Ogun Central,Owode/Odeda
Ogun,27,Obafemi/Owode,15,Alapako-Oni,12,"O.O.L.G. School, Ogunmakin Ii",005,27/15/12/005,Ogun Central,Owode/Odeda
Ogun,27,Obafemi/Owode,15,Alapako-Oni,12,"O.O.L.G. School, Imolisa",006,27/15/12/006,Ogun Central,Owode/Odeda
Ogun,27,Obafemi/Owode,15,Alapako-Oni,12,United Pry. School Boodo  I,007,27/15/12/007,Ogun Central,Owode/Odeda
Ogun,27,Obafemi/Owode,15,Alapako-Oni,12,United Pry. School Boodo  Ii,008,27/15/12/008,Ogun Central,Owode/Odeda
Ogun,27,Obafemi/Owode,15,Alapako-Oni,12,"O.O.L.G. School, Akindele",009,27/15/12/009,Ogun Central,Owode/Odeda
Ogun,27,Obafemi/Owode,15,Alapako-Oni,12,Abule Ogunmakin ( Sowunmi),010,27/15/12/010,Ogun Central,Owode/Odeda
Ogun,27,Obafemi/Owode,15,Alapako-Oni,12,Ladijo - Pry Sch,011,27/15/12/011,Ogun Central,Owode/Odeda
Ogun,27,Obafemi/Owode,15,Alapako-Oni,12,"Open Space At Iga Ikereku, Alapako-Oni",012,27/15/12/012,Ogun Central,Owode/Odeda
Ogun,27,Odeda,16,Odeda,01,Odeda Market  I,001,27/16/01/001,Ogun Central,Owode/Odeda
Ogun,27,Odeda,16,Odeda,01,Odeda Market  Ii,002,27/16/01/002,Ogun Central,Owode/Odeda
Ogun,27,Odeda,16,Odeda,01,Ika Aina Titun Village,003,27/16/01/003,Ogun Central,Owode/Odeda
Ogun,27,Odeda,16,Odeda,01,Rogun Pry. School,004,27/16/01/004,Ogun Central,Owode/Odeda
Ogun,27,Odeda,16,Odeda,01,Ogijan Village,005,27/16/01/005,Ogun Central,Owode/Odeda
Ogun,27,Odeda,16,Odeda,01,Ogboye Pry. School,006,27/16/01/006,Ogun Central,Owode/Odeda
Ogun,27,Odeda,16,Odeda,01,Aralamo Village,007,27/16/01/007,Ogun Central,Owode/Odeda
Ogun,27,Odeda,16,Odeda,01,Olugbo Market,008,27/16/01/008,Ogun Central,Owode/Odeda
Ogun,27,Odeda,16,Odeda,01,"Ile-Olu, Pry. School",009,27/16/01/009,Ogun Central,Owode/Odeda
Ogun,27,Odeda,16,Odeda,01,Baale Ogunbayo,010,27/16/01/010,Ogun Central,Owode/Odeda
Ogun,27,Odeda,16,Odeda,01,Oluga Pry. School,011,27/16/01/011,Ogun Central,Owode/Odeda
Ogun,27,Odeda,16,Odeda,01,Arege Pry. School,012,27/16/01/012,Ogun Central,Owode/Odeda
Ogun,27,Odeda,16,Odeda,01,Sanyaolu Olobe,013,27/16/01/013,Ogun Central,Owode/Odeda
Ogun,27,Odeda,16,Odeda,01,Ilagbe Village,014,27/16/01/014,Ogun Central,Owode/Odeda
Ogun,27,Odeda,16,Odeda,01,Ogboye Pry. School,015,27/16/01/015,Ogun Central,Owode/Odeda
Ogun,27,Odeda,16,Odeda,01,Open Space Beside Olu Odeda Palace,016,27/16/01/016,Ogun Central,Owode/Odeda
Ogun,27,Odeda,16,Odeda,01,Infront Of Ministry Of Youth And Agro Service,017,27/16/01/017,Ogun Central,Owode/Odeda
Ogun,27,Odeda,16,Odeda,01,"St Paul Ang School Sokan, Odeda",018,27/16/01/018,Ogun Central,Owode/Odeda
Ogun,27,Odeda,16,Odeda,01,St Saviours Anglican Pry School Olugbo,019,27/16/01/019,Ogun Central,Owode/Odeda
Ogun,27,Odeda,16,Odeda,01,Open Space At Apata Village  Via Oluga,020,27/16/01/020,Ogun Central,Owode/Odeda
Ogun,27,Odeda,16,Odeda,01,"St Peters Anglican  Pry School, Ile Olu",021,27/16/01/021,Ogun Central,Owode/Odeda
Ogun,27,Odeda,16,Odeda,01,Open Space At Ogeleje Vilage,022,27/16/01/022,Ogun Central,Owode/Odeda
Ogun,27,Odeda,16,Odeda,01,Open Space At The Back Of Police  Barrack  Odeda,023,27/16/01/023,Ogun Central,Owode/Odeda
Ogun,27,Odeda,16,Odeda,01,Open Space At Iwaye Odeda,024,27/16/01/024,Ogun Central,Owode/Odeda
Ogun,27,Odeda,16,Odeda,01,Open Space Opposite Ministry Of Agric Eweje,025,27/16/01/025,Ogun Central,Owode/Odeda
Ogun,27,Odeda,16,Balogun Itesi,02,Toba Pry. School,001,27/16/02/001,Ogun Central,Owode/Odeda
Ogun,27,Odeda,16,Balogun Itesi,02,Obelu Village,002,27/16/02/002,Ogun Central,Owode/Odeda
Ogun,27,Odeda,16,Balogun Itesi,02,Segile Village,003,27/16/02/003,Ogun Central,Owode/Odeda
Ogun,27,Odeda,16,Balogun Itesi,02,"Aderu Pry, School",004,27/16/02/004,Ogun Central,Owode/Odeda
Ogun,27,Odeda,16,Balogun Itesi,02,Apena Kemta,005,27/16/02/005,Ogun Central,Owode/Odeda
Ogun,27,Odeda,16,Balogun Itesi,02,Emulu,006,27/16/02/006,Ogun Central,Owode/Odeda
Ogun,27,Odeda,16,Balogun Itesi,02,Papa Oja,007,27/16/02/007,Ogun Central,Owode/Odeda
Ogun,27,Odeda,16,Balogun Itesi,02,Ode Laitan Pry. School,008,27/16/02/008,Ogun Central,Owode/Odeda
Ogun,27,Odeda,16,Olodo,03,Maternity Centre Olodo,001,27/16/03/001,Ogun Central,Owode/Odeda
Ogun,27,Odeda,16,Olodo,03,"All Saints Pry. School, Otere, Ikereku",002,27/16/03/002,Ogun Central,Owode/Odeda
Ogun,27,Odeda,16,Olodo,03,Obo Ogunsola Village,003,27/16/03/003,Ogun Central,Owode/Odeda
Ogun,27,Odeda,16,Olodo,03,Otere Ogunkola Village,004,27/16/03/004,Ogun Central,Owode/Odeda
Ogun,27,Odeda,16,Olodo,03,Oju Ogun Pry.School,005,27/16/03/005,Ogun Central,Owode/Odeda
Ogun,27,Odeda,16,Olodo,03,Ikija Village,006,27/16/03/006,Ogun Central,Owode/Odeda
Ogun,27,Odeda,16,Olodo,03,Baagbon Pry. School,007,27/16/03/007,Ogun Central,Owode/Odeda
Ogun,27,Odeda,16,Olodo,03,Afojuowo Village,008,27/16/03/008,Ogun Central,Owode/Odeda
Ogun,27,Odeda,16,Olodo,03,Adepegba Village,009,27/16/03/009,Ogun Central,Owode/Odeda
Ogun,27,Odeda,16,Olodo,03,Agbe Pry. School,010,27/16/03/010,Ogun Central,Owode/Odeda
Ogun,27,Odeda,16,Olodo,03,Mogan Pry. School,011,27/16/03/011,Ogun Central,Owode/Odeda
Ogun,27,Odeda,16,Olodo,03,Bamgbose Village,012,27/16/03/012,Ogun Central,Owode/Odeda
Ogun,27,Odeda,16,Olodo,03,Orile Keesi Grammar Sch Ii,013,27/16/03/013,Ogun Central,Owode/Odeda
Ogun,27,Odeda,16,Olodo,03,Open Field At Iso Isu Olodo,014,27/16/03/014,Ogun Central,Owode/Odeda
Ogun,27,Odeda,16,Alagbagba,04,"C.A.C. Pry. School, Alagbagba",001,27/16/04/001,Ogun Central,Owode/Odeda
Ogun,27,Odeda,16,Alagbagba,04,"Abule, Ola Pry. School",002,27/16/04/002,Ogun Central,Owode/Odeda
Ogun,27,Odeda,16,Alagbagba,04,Babapupa. Pry. School,003,27/16/04/003,Ogun Central,Owode/Odeda
Ogun,27,Odeda,16,Alagbagba,04,Ogundipe Vollage,004,27/16/04/004,Ogun Central,Owode/Odeda
Ogun,27,Odeda,16,Alagbagba,04,Owu Village,005,27/16/04/005,Ogun Central,Owode/Odeda
Ogun,27,Odeda,16,Alagbagba,04,"Ijemo Fadipe, Pry. School I",006,27/16/04/006,Ogun Central,Owode/Odeda
Ogun,27,Odeda,16,Alagbagba,04,Lerin Olorode,007,27/16/04/007,Ogun Central,Owode/Odeda
Ogun,27,Odeda,16,Alagbagba,04,Amimiawo Village,008,27/16/04/008,Ogun Central,Owode/Odeda
Ogun,27,Odeda,16,Alagbagba,04,Abakuyamo Village,009,27/16/04/009,Ogun Central,Owode/Odeda
Ogun,27,Odeda,16,Alagbagba,04,Balogun Lanloko Village,010,27/16/04/010,Ogun Central,Owode/Odeda
Ogun,27,Odeda,16,Alagbagba,04,Ojebiyi Village,011,27/16/04/011,Ogun Central,Owode/Odeda
Ogun,27,Odeda,16,Alagbagba,04,Elegunmefa Village,012,27/16/04/012,Ogun Central,Owode/Odeda
Ogun,27,Odeda,16,Alagbagba,04,"African  Church  Pry  School , Baba Pupa Ii",013,27/16/04/013,Ogun Central,Owode/Odeda
Ogun,27,Odeda,16,Ilugun,05,"St. James Pry. Sch. I, Ilugun",001,27/16/05/001,Ogun Central,Owode/Odeda
Ogun,27,Odeda,16,Ilugun,05,Olofin Pry School,002,27/16/05/002,Ogun Central,Owode/Odeda
Ogun,27,Odeda,16,Ilugun,05,"St. Andrews Pry Sch. I, Kila",003,27/16/05/003,Ogun Central,Owode/Odeda
Ogun,27,Odeda,16,Ilugun,05,Okiri Ojule Pry. School,004,27/16/05/004,Ogun Central,Owode/Odeda
Ogun,27,Odeda,16,Ilugun,05,Kugba Ajagbe Pry. School,005,27/16/05/005,Ogun Central,Owode/Odeda
Ogun,27,Odeda,16,Ilugun,05,Akonko Pry School,006,27/16/05/006,Ogun Central,Owode/Odeda
Ogun,27,Odeda,16,Ilugun,05,Akintoye Pry. School,007,27/16/05/007,Ogun Central,Owode/Odeda
Ogun,27,Odeda,16,Ilugun,05,Onireke Village,008,27/16/05/008,Ogun Central,Owode/Odeda
Ogun,27,Odeda,16,Ilugun,05,Olowo Village,009,27/16/05/009,Ogun Central,Owode/Odeda
Ogun,27,Odeda,16,Ilugun,05,Alagba Village,010,27/16/05/010,Ogun Central,Owode/Odeda
Ogun,27,Odeda,16,Ilugun,05,Olokemeji Pry. School  I,011,27/16/05/011,Ogun Central,Owode/Odeda
Ogun,27,Odeda,16,Ilugun,05,Adewusi Pry. School,012,27/16/05/012,Ogun Central,Owode/Odeda
Ogun,27,Odeda,16,Ilugun,05,"O.L.G. Pry. School, Efon Adanri",013,27/16/05/013,Ogun Central,Owode/Odeda
Ogun,27,Odeda,16,Ilugun,05,Daodu Village,014,27/16/05/014,Ogun Central,Owode/Odeda
Ogun,27,Odeda,16,Ilugun,05,Olosan Village,015,27/16/05/015,Ogun Central,Owode/Odeda
Ogun,27,Odeda,16,Ilugun,05,"Oguntolu Pry School, Itoko Fadipe",016,27/16/05/016,Ogun Central,Owode/Odeda
Ogun,27,Odeda,16,Ilugun,05,"Ilugun Iluwa Bakatari, Model Health Care",017,27/16/05/017,Ogun Central,Owode/Odeda
Ogun,27,Odeda,16,Ilugun,05,"Iyana  Efon , Kila",018,27/16/05/018,Ogun Central,Owode/Odeda
Ogun,27,Odeda,16,Ilugun,05,Open Space In Front Of Ilugun Lcda,019,27/16/05/019,Ogun Central,Owode/Odeda
Ogun,27,Odeda,16,Ilugun,05,St James  Pry Sch Ii  Ilugun,020,27/16/05/020,Ogun Central,Owode/Odeda
Ogun,27,Odeda,16,Ilugun,05,Kila  Market I,021,27/16/05/021,Ogun Central,Owode/Odeda
Ogun,27,Odeda,16,Ilugun,05,Kila Market Ii,022,27/16/05/022,Ogun Central,Owode/Odeda
Ogun,27,Odeda,16,Osiele,06,"St. Mary'S Pry. Sch., I, Osiele",001,27/16/06/001,Ogun Central,Owode/Odeda
Ogun,27,Odeda,16,Osiele,06,"St. Mary'S Pry. Sch.,Ii, Osiele",002,27/16/06/002,Ogun Central,Owode/Odeda
Ogun,27,Odeda,16,Osiele,06,Camp Village,003,27/16/06/003,Ogun Central,Owode/Odeda
Ogun,27,Odeda,16,Osiele,06,Apakila Village,004,27/16/06/004,Ogun Central,Owode/Odeda
Ogun,27,Odeda,16,Osiele,06,Idi-Aka Village,005,27/16/06/005,Ogun Central,Owode/Odeda
Ogun,27,Odeda,16,Osiele,06,C.P.S. Iwo Alli,006,27/16/06/006,Ogun Central,Owode/Odeda
Ogun,27,Odeda,16,Osiele,06,Ogboja Pry. School,007,27/16/06/007,Ogun Central,Owode/Odeda
Ogun,27,Odeda,16,Osiele,06,O.L.G. Itesi Ajegunle  I,008,27/16/06/008,Ogun Central,Owode/Odeda
Ogun,27,Odeda,16,Osiele,06,Jagun Akinfenwa,009,27/16/06/009,Ogun Central,Owode/Odeda
Ogun,27,Odeda,16,Osiele,06,Open Space In Front Of Fce  Gate Osiele,010,27/16/06/010,Ogun Central,Owode/Odeda
Ogun,27,Odeda,16,Osiele,06,Open Space Front Of Osiele Primary Health Centre,011,27/16/06/011,Ogun Central,Owode/Odeda
Ogun,27,Odeda,16,Osiele,06,Open Field At Ifesowapo Abata Community,012,27/16/06/012,Ogun Central,Owode/Odeda
Ogun,27,Odeda,16,Osiele,06,Open Field At Agbetu Village,013,27/16/06/013,Ogun Central,Owode/Odeda
Ogun,27,Odeda,16,Osiele,06,"Open Field Opp Surulere, Sawmill",014,27/16/06/014,Ogun Central,Owode/Odeda
Ogun,27,Odeda,16,Osiele,06,Open Field At Fatola Estate,015,27/16/06/015,Ogun Central,Owode/Odeda
Ogun,27,Odeda,16,Osiele,06,Surulere Community Town Hall,016,27/16/06/016,Ogun Central,Owode/Odeda
Ogun,27,Odeda,16,Osiele,06,Old Nitel Building I,017,27/16/06/017,Ogun Central,Owode/Odeda
Ogun,27,Odeda,16,Osiele,06,Old Nitel Building Ii,018,27/16/06/018,Ogun Central,Owode/Odeda
Ogun,27,Odeda,16,Osiele,06,Open Space At Wonderland Estate,019,27/16/06/019,Ogun Central,Owode/Odeda
Ogun,27,Odeda,16,Osiele,06,Fce School Gate Ii,020,27/16/06/020,Ogun Central,Owode/Odeda
Ogun,27,Odeda,16,Osiele,06,Open Space  At Araromi Idera Community  I,021,27/16/06/021,Ogun Central,Owode/Odeda
Ogun,27,Odeda,16,Osiele,06,Open Space  At Araromi Idera Community   Ii,022,27/16/06/022,Ogun Central,Owode/Odeda
Ogun,27,Odeda,16,Osiele,06,Junction Beside Alado Block Industry Via Harmony Estate Police,023,27/16/06/023,Ogun Central,Owode/Odeda
Ogun,27,Odeda,16,Osiele,06,Oluja  Junction Alanco Osiele,024,27/16/06/024,Ogun Central,Owode/Odeda
Ogun,27,Odeda,16,Osiele,06,Open Field Opposite Min Of Agric Lesho,025,27/16/06/025,Ogun Central,Owode/Odeda
Ogun,27,Odeda,16,Obantoko,07,"O.L.G. School I, Obantoko  I",001,27/16/07/001,Ogun Central,Owode/Odeda
Ogun,27,Odeda,16,Obantoko,07,"O.L.G. School I, Obantoko  Ii",002,27/16/07/002,Ogun Central,Owode/Odeda
Ogun,27,Odeda,16,Obantoko,07,"N.U.D. Gram School, Obantoko",003,27/16/07/003,Ogun Central,Owode/Odeda
Ogun,27,Odeda,16,Obantoko,07,Akingbade Village,004,27/16/07/004,Ogun Central,Owode/Odeda
Ogun,27,Odeda,16,Obantoko,07,Anigilaje Village,005,27/16/07/005,Ogun Central,Owode/Odeda
Ogun,27,Odeda,16,Obantoko,07,Aaya Pry. School,006,27/16/07/006,Ogun Central,Owode/Odeda
Ogun,27,Odeda,16,Obantoko,07,Ayetoro Budo,007,27/16/07/007,Ogun Central,Owode/Odeda
Ogun,27,Odeda,16,Obantoko,07,Isolu Village,008,27/16/07/008,Ogun Central,Owode/Odeda
Ogun,27,Odeda,16,Obantoko,07,Ajegunle Farm Settlement,009,27/16/07/009,Ogun Central,Owode/Odeda
Ogun,27,Odeda,16,Obantoko,07,Ilugun Itoko,010,27/16/07/010,Ogun Central,Owode/Odeda
Ogun,27,Odeda,16,Obantoko,07,Ilupeju Alagbede,011,27/16/07/011,Ogun Central,Owode/Odeda
Ogun,27,Odeda,16,Obantoko,07,O.L.G. Obantoko School Ii(Morekete),012,27/16/07/012,Ogun Central,Owode/Odeda
Ogun,27,Odeda,16,Obantoko,07,Ahmadiyya Egbatedo School,013,27/16/07/013,Ogun Central,Owode/Odeda
Ogun,27,Odeda,16,Obantoko,07,Booth At Alogi Bus Stop,014,27/16/07/014,Ogun Central,Owode/Odeda
Ogun,27,Odeda,16,Obantoko,07,Open Space At Iyanbu Community Obantoko,015,27/16/07/015,Ogun Central,Owode/Odeda
Ogun,27,Odeda,16,Obantoko,07,Ogo Oluwa Agbala Itura Iyanbu,016,27/16/07/016,Ogun Central,Owode/Odeda
Ogun,27,Odeda,16,Obantoko,07,Ajangbohun Town Hall,017,27/16/07/017,Ogun Central,Owode/Odeda
Ogun,27,Odeda,16,Obantoko,07,Community  Pry Sch Apena Sojobi Eleweran,018,27/16/07/018,Ogun Central,Owode/Odeda
Ogun,27,Odeda,16,Obantoko,07,Open Space At Maami Market Eleweran,019,27/16/07/019,Ogun Central,Owode/Odeda
Ogun,27,Odeda,16,Obantoko,07,Aregbe Central Community Hall,020,27/16/07/020,Ogun Central,Owode/Odeda
Ogun,27,Odeda,16,Obantoko,07,Open Field Beside Nut Estate Ifelodun Community Gbonagun,021,27/16/07/021,Ogun Central,Owode/Odeda
Ogun,27,Odeda,16,Obantoko,07,Ileri Ayo Community Town Hall Osara,022,27/16/07/022,Ogun Central,Owode/Odeda
Ogun,27,Odeda,16,Obantoko,07,"St Micheal Anglican Sch, Kangudu",023,27/16/07/023,Ogun Central,Owode/Odeda
Ogun,27,Odeda,16,Obantoko,07,Olorungbemi Community  Hall Apete Obantoko,024,27/16/07/024,Ogun Central,Owode/Odeda
Ogun,27,Odeda,16,Obantoko,07,Open Field Beside Shalom Bus Stop Olorun Sogo,025,27/16/07/025,Ogun Central,Owode/Odeda
Ogun,27,Odeda,16,Obantoko,07,St Micheal Anglican Sch Annex Asalu Oyetola,026,27/16/07/026,Ogun Central,Owode/Odeda
Ogun,27,Odeda,16,Obantoko,07,Community Town Hall Tirinmi,027,27/16/07/027,Ogun Central,Owode/Odeda
Ogun,27,Odeda,16,Obantoko,07,Town Hall Akepe Oluwa Estate,028,27/16/07/028,Ogun Central,Owode/Odeda
Ogun,27,Odeda,16,Obantoko,07,Primary Health Centre Ilugun Itoko,029,27/16/07/029,Ogun Central,Owode/Odeda
Ogun,27,Odeda,16,Obantoko,07,Open Space At Litti Itoko,030,27/16/07/030,Ogun Central,Owode/Odeda
Ogun,27,Odeda,16,Obantoko,07,Open Field At Hill Top Abule Aro,031,27/16/07/031,Ogun Central,Owode/Odeda
Ogun,27,Odeda,16,Obantoko,07,Primary Health Centre Mile 7 Alakiri,032,27/16/07/032,Ogun Central,Owode/Odeda
Ogun,27,Odeda,16,Obantoko,07,Aaya Pry School  Annex Osara,033,27/16/07/033,Ogun Central,Owode/Odeda
Ogun,27,Odeda,16,Obantoko,07,African Church Nur & Pry Sch. Abule Odo Atokun,034,27/16/07/034,Ogun Central,Owode/Odeda
Ogun,27,Odeda,16,Obantoko,07,Junction  In Front Of Tubnik Clinic  Agbenuoye,035,27/16/07/035,Ogun Central,Owode/Odeda
Ogun,27,Odeda,16,Obantoko,07,Open Space Pakuro Obantoko,036,27/16/07/036,Ogun Central,Owode/Odeda
Ogun,27,Odeda,16,Obantoko,07,American Junction Via Alogi,037,27/16/07/037,Ogun Central,Owode/Odeda
Ogun,27,Odeda,16,Obantoko,07,Open Space In Front Of Obantoko Police Station,038,27/16/07/038,Ogun Central,Owode/Odeda
Ogun,27,Odeda,16,Alabata,08,"O.L.G. Pry. School, Alabata",001,27/16/08/001,Ogun Central,Owode/Odeda
Ogun,27,Odeda,16,Alabata,08,Okiji/Malaka,002,27/16/08/002,Ogun Central,Owode/Odeda
Ogun,27,Odeda,16,Alabata,08,Balogun Agurodo,003,27/16/08/003,Ogun Central,Owode/Odeda
Ogun,27,Odeda,16,Alabata,08,Adao Village,004,27/16/08/004,Ogun Central,Owode/Odeda
Ogun,27,Odeda,16,Alabata,08,Tejeoun Village,005,27/16/08/005,Ogun Central,Owode/Odeda
Ogun,27,Odeda,16,Alabata,08,Faami Village,006,27/16/08/006,Ogun Central,Owode/Odeda
Ogun,27,Odeda,16,Alabata,08,Onsemo,007,27/16/08/007,Ogun Central,Owode/Odeda
Ogun,27,Odeda,16,Alabata,08,O.L.G. Pry Sch Alabata   Ii,008,27/16/08/008,Ogun Central,Owode/Odeda
Ogun,27,Odeda,16,Obete,09,Obete Akanbi Pry. School I,001,27/16/09/001,Ogun Central,Owode/Odeda
Ogun,27,Odeda,16,Obete,09,Apojola Pry. School,002,27/16/09/002,Ogun Central,Owode/Odeda
Ogun,27,Odeda,16,Obete,09,Mologede Village,003,27/16/09/003,Ogun Central,Owode/Odeda
Ogun,27,Odeda,16,Obete,09,Abule Set Pry. School,004,27/16/09/004,Ogun Central,Owode/Odeda
Ogun,27,Odeda,16,Obete,09,Sanusi Village,005,27/16/09/005,Ogun Central,Owode/Odeda
Ogun,27,Odeda,16,Obete,09,Luhani Village,006,27/16/09/006,Ogun Central,Owode/Odeda
Ogun,27,Odeda,16,Obete,09,Okedi Village,007,27/16/09/007,Ogun Central,Owode/Odeda
Ogun,27,Odeda,16,Obete,09,Ayoyo Village,008,27/16/09/008,Ogun Central,Owode/Odeda
Ogun,27,Odeda,16,Obete,09,Alamutu,009,27/16/09/009,Ogun Central,Owode/Odeda
Ogun,27,Odeda,16,Obete,09,Itesi Lijigun [Apojola Pry. Sch. Ii],010,27/16/09/010,Ogun Central,Owode/Odeda
Ogun,27,Odeda,16,Opeji,10,"O.L.G. School I, Opeji",001,27/16/10/001,Ogun Central,Owode/Odeda
Ogun,27,Odeda,16,Opeji,10,"O.L.G. School I, Mawuko",002,27/16/10/002,Ogun Central,Owode/Odeda
Ogun,27,Odeda,16,Opeji,10,"O.L.G. School , Baale Oya",003,27/16/10/003,Ogun Central,Owode/Odeda
Ogun,27,Odeda,16,Opeji,10,"O.L.G. School, Adako",004,27/16/10/004,Ogun Central,Owode/Odeda
Ogun,27,Odeda,16,Opeji,10,Bode Olude I,005,27/16/10/005,Ogun Central,Owode/Odeda
Ogun,27,Odeda,16,Opeji,10,Fadage,006,27/16/10/006,Ogun Central,Owode/Odeda
Ogun,27,Odeda,16,Opeji,10,Ijo-Agbe Village,007,27/16/10/007,Ogun Central,Owode/Odeda
Ogun,27,Odeda,16,Opeji,10,"O.L.G. Pry School, Onigbagbo",008,27/16/10/008,Ogun Central,Owode/Odeda
Ogun,27,Odeda,16,Opeji,10,Laba - Olorin,009,27/16/10/009,Ogun Central,Owode/Odeda
Ogun,27,Odeda,16,Opeji,10,Elegbaada Village,010,27/16/10/010,Ogun Central,Owode/Odeda
Ogun,27,Odeda,16,Opeji,10,"Booth Opp. Alhaji Fasiu'S House, Bode - Olude",011,27/16/10/011,Ogun Central,Owode/Odeda
Ogun,27,Odeda,16,Opeji,10,Bode Olude Ii,012,27/16/10/012,Ogun Central,Owode/Odeda
Ogun,27,Odeda,16,Opeji,10,Open Space At Ifetedo Busstop Okudun Village,013,27/16/10/013,Ogun Central,Owode/Odeda
Ogun,27,Odeda,16,Opeji,10,Olg Sch Ilupeju Agbakin Annex,014,27/16/10/014,Ogun Central,Owode/Odeda
Ogun,27,Odeda,16,Opeji,10,Open  Space At Oke Ola Community,015,27/16/10/015,Ogun Central,Owode/Odeda
Ogun,27,Odeda,16,Opeji,10,O.L.G. Pry School Agba Akin Emere Bode Olude,016,27/16/10/016,Ogun Central,Owode/Odeda
Ogun,27,Odeda,16,Opeji,10,Primary Health Centre Baleshi Town,017,27/16/10/017,Ogun Central,Owode/Odeda
Ogun,27,Odeda,16,Opeji,10,Methodist  Pry Sch  Fijabi Via Bodeolude,018,27/16/10/018,Ogun Central,Owode/Odeda
Ogun,27,Odeda,16,Opeji,10,O.L.G Sch Opeji Ii,019,27/16/10/019,Ogun Central,Owode/Odeda
Ogun,27,Odogbolu,17,Imosan,01,"St.Peters Primary School, Imosan",001,27/17/01/001,Ogun East,Ijebu Ode /Odogbolu /Ijebu North East
Ogun,27,Odogbolu,17,Imosan,01,St. Peter School Imosan,002,27/17/01/002,Ogun East,Ijebu Ode /Odogbolu /Ijebu North East
Ogun,27,Odogbolu,17,Imosan,01,"Ajeregun Road, Front Eba Tutu House, Iperin",003,27/17/01/003,Ogun East,Ijebu Ode /Odogbolu /Ijebu North East
Ogun,27,Odogbolu,17,Imosan,01,Odoyanta,004,27/17/01/004,Ogun East,Ijebu Ode /Odogbolu /Ijebu North East
Ogun,27,Odogbolu,17,Imosan,01,"Ifesowapo Comprehensive High School, Imosan",005,27/17/01/005,Ogun East,Ijebu Ode /Odogbolu /Ijebu North East
Ogun,27,Odogbolu,17,Imosan,01,"Odogbolu L.G Orphanage School, Imosan",006,27/17/01/006,Ogun East,Ijebu Ode /Odogbolu /Ijebu North East
Ogun,27,Odogbolu,17,Imosan,01,"Open Space Odolewu Square, Imosan",007,27/17/01/007,Ogun East,Ijebu Ode /Odogbolu /Ijebu North East
Ogun,27,Odogbolu,17,Imosan,01,"Community Primary School, Iperin",008,27/17/01/008,Ogun East,Ijebu Ode /Odogbolu /Ijebu North East
Ogun,27,Odogbolu,17,Imosan,01,"Open Space Paramount Estate, Odoyanta",009,27/17/01/009,Ogun East,Ijebu Ode /Odogbolu /Ijebu North East
Ogun,27,Odogbolu,17,Imodi,02,"Recretation Center,Imodi",001,27/17/02/001,Ogun East,Ijebu Ode /Odogbolu /Ijebu North East
Ogun,27,Odogbolu,17,Imodi,02,St.Mattew Pry.Sch.,002,27/17/02/002,Ogun East,Ijebu Ode /Odogbolu /Ijebu North East
Ogun,27,Odogbolu,17,Imodi,02,Opp.Ikangba Church,003,27/17/02/003,Ogun East,Ijebu Ode /Odogbolu /Ijebu North East
Ogun,27,Odogbolu,17,Imodi,02,Christ Ang Pry.Sch.Agoro,004,27/17/02/004,Ogun East,Ijebu Ode /Odogbolu /Ijebu North East
Ogun,27,Odogbolu,17,Imodi,02,"Opp.St.John Church,Erinlu",005,27/17/02/005,Ogun East,Ijebu Ode /Odogbolu /Ijebu North East
Ogun,27,Odogbolu,17,Imodi,02,"Market Square,Imodi",006,27/17/02/006,Ogun East,Ijebu Ode /Odogbolu /Ijebu North East
Ogun,27,Odogbolu,17,Imodi,02,Moslem Pry.Sch.Imodi,007,27/17/02/007,Ogun East,Ijebu Ode /Odogbolu /Ijebu North East
Ogun,27,Odogbolu,17,Imodi,02,Black And White Hotel,008,27/17/02/008,Ogun East,Ijebu Ode /Odogbolu /Ijebu North East
Ogun,27,Odogbolu,17,Imodi,02,Recretation Center Ii,009,27/17/02/009,Ogun East,Ijebu Ode /Odogbolu /Ijebu North East
Ogun,27,Odogbolu,17,Imodi,02,Opp.Ikangba Church Ii,010,27/17/02/010,Ogun East,Ijebu Ode /Odogbolu /Ijebu North East
Ogun,27,Odogbolu,17,Imodi,02,"Opp.St.John Church,Ii",011,27/17/02/011,Ogun East,Ijebu Ode /Odogbolu /Ijebu North East
Ogun,27,Odogbolu,17,Imodi,02,Open Space Royal Estate Imodi,012,27/17/02/012,Ogun East,Ijebu Ode /Odogbolu /Ijebu North East
Ogun,27,Odogbolu,17,Imodi,02,"Ikangba Comprehensive High School, Ikangba",013,27/17/02/013,Ogun East,Ijebu Ode /Odogbolu /Ijebu North East
Ogun,27,Odogbolu,17,Imodi,02,Health Post Agoro,014,27/17/02/014,Ogun East,Ijebu Ode /Odogbolu /Ijebu North East
Ogun,27,Odogbolu,17,Imodi,02,"Open Space, Housing Estate Junction, Idotun",015,27/17/02/015,Ogun East,Ijebu Ode /Odogbolu /Ijebu North East
Ogun,27,Odogbolu,17,Imodi,02,"Open Space Ayegbami Square, Imodi",016,27/17/02/016,Ogun East,Ijebu Ode /Odogbolu /Ijebu North East
Ogun,27,Odogbolu,17,Imodi,02,"Open Space Idi Iroko Community Road & Ikangba Estate, Ikangba",017,27/17/02/017,Ogun East,Ijebu Ode /Odogbolu /Ijebu North East
Ogun,27,Odogbolu,17,Imodi,02,Open Space Ajagbanla Unity Estate Erinlu,018,27/17/02/018,Ogun East,Ijebu Ode /Odogbolu /Ijebu North East
Ogun,27,Odogbolu,17,Okun-Owa,03,"St Philip'S Pry Sch, Okun Owa",001,27/17/03/001,Ogun East,Ijebu Ode /Odogbolu /Ijebu North East
Ogun,27,Odogbolu,17,Okun-Owa,03,"Moslem Pry. School, Okun Owa",002,27/17/03/002,Ogun East,Ijebu Ode /Odogbolu /Ijebu North East
Ogun,27,Odogbolu,17,Okun-Owa,03,Okun Owa Town Hall,003,27/17/03/003,Ogun East,Ijebu Ode /Odogbolu /Ijebu North East
Ogun,27,Odogbolu,17,Okun-Owa,03,"St. Judes Pry. School,  Ijesha Ijebu",004,27/17/03/004,Ogun East,Ijebu Ode /Odogbolu /Ijebu North East
Ogun,27,Odogbolu,17,Okun-Owa,03,"St. Peter'S School, Araromi Ake",005,27/17/03/005,Ogun East,Ijebu Ode /Odogbolu /Ijebu North East
Ogun,27,Odogbolu,17,Okun-Owa,03,"Viewing Centre Ijesha, Ijebu",006,27/17/03/006,Ogun East,Ijebu Ode /Odogbolu /Ijebu North East
Ogun,27,Odogbolu,17,Okun-Owa,03,St. Bana Bas Okun Owa,007,27/17/03/007,Ogun East,Ijebu Ode /Odogbolu /Ijebu North East
Ogun,27,Odogbolu,17,Okun-Owa,03,Booth Opp Otunba Olukoye'S Comp.,008,27/17/03/008,Ogun East,Ijebu Ode /Odogbolu /Ijebu North East
Ogun,27,Odogbolu,17,Okun-Owa,03,Comp. High Sch Okun Owa (Gate),009,27/17/03/009,Ogun East,Ijebu Ode /Odogbolu /Ijebu North East
Ogun,27,Odogbolu,17,Okun-Owa,03,"Open Space Idi Agbon Junction, Okun Owa",010,27/17/03/010,Ogun East,Ijebu Ode /Odogbolu /Ijebu North East
Ogun,27,Odogbolu,17,Okun-Owa,03,"Pry Health Centre, Odolowu",011,27/17/03/011,Ogun East,Ijebu Ode /Odogbolu /Ijebu North East
Ogun,27,Odogbolu,17,Odogbolu I,04,Odo Market,001,27/17/04/001,Ogun East,Ijebu Ode /Odogbolu /Ijebu North East
Ogun,27,Odogbolu,17,Odogbolu I,04,Itun Oriwu,002,27/17/04/002,Ogun East,Ijebu Ode /Odogbolu /Ijebu North East
Ogun,27,Odogbolu,17,Odogbolu I,04,"Ikosa Road, Frontage Adeyemi House",003,27/17/04/003,Ogun East,Ijebu Ode /Odogbolu /Ijebu North East
Ogun,27,Odogbolu,17,Odogbolu I,04,Itun Agbon,004,27/17/04/004,Ogun East,Ijebu Ode /Odogbolu /Ijebu North East
Ogun,27,Odogbolu,17,Odogbolu I,04,"Igbepa/Opposite, St. Paul Church",005,27/17/04/005,Ogun East,Ijebu Ode /Odogbolu /Ijebu North East
Ogun,27,Odogbolu,17,Odogbolu I,04,Odi Tami,006,27/17/04/006,Ogun East,Ijebu Ode /Odogbolu /Ijebu North East
Ogun,27,Odogbolu,17,Odogbolu I,04,Sabo Market,007,27/17/04/007,Ogun East,Ijebu Ode /Odogbolu /Ijebu North East
Ogun,27,Odogbolu,17,Odogbolu I,04,Odo Aloro,008,27/17/04/008,Ogun East,Ijebu Ode /Odogbolu /Ijebu North East
Ogun,27,Odogbolu,17,Odogbolu I,04,St. Mary Pry. Sch. Ogoji,009,27/17/04/009,Ogun East,Ijebu Ode /Odogbolu /Ijebu North East
Ogun,27,Odogbolu,17,Odogbolu I,04,"Moslem Primary School, Odogbolu",010,27/17/04/010,Ogun East,Ijebu Ode /Odogbolu /Ijebu North East
Ogun,27,Odogbolu,17,Odogbolu I,04,"Igbodile Square, Odogbolu",011,27/17/04/011,Ogun East,Ijebu Ode /Odogbolu /Ijebu North East
Ogun,27,Odogbolu,17,Odogbolu I,04,"Itunwade Square, Ikosa, Odogbolu",012,27/17/04/012,Ogun East,Ijebu Ode /Odogbolu /Ijebu North East
Ogun,27,Odogbolu,17,Odogbolu Ii,05,Itun Oke Quarters,001,27/17/05/001,Ogun East,Ijebu Ode /Odogbolu /Ijebu North East
Ogun,27,Odogbolu,17,Odogbolu Ii,05,"Federal Govt. College,Odogbolu",002,27/17/05/002,Ogun East,Ijebu Ode /Odogbolu /Ijebu North East
Ogun,27,Odogbolu,17,Odogbolu Ii,05,Itun Isoku (Beside Olorunfunmi House),003,27/17/05/003,Ogun East,Ijebu Ode /Odogbolu /Ijebu North East
Ogun,27,Odogbolu,17,Odogbolu Ii,05,Ubu Quartetrs,004,27/17/05/004,Ogun East,Ijebu Ode /Odogbolu /Ijebu North East
Ogun,27,Odogbolu,17,Odogbolu Ii,05,Odogbon Quarters,005,27/17/05/005,Ogun East,Ijebu Ode /Odogbolu /Ijebu North East
Ogun,27,Odogbolu,17,Odogbolu Ii,05,Iloda Quarters,006,27/17/05/006,Ogun East,Ijebu Ode /Odogbolu /Ijebu North East
Ogun,27,Odogbolu,17,Odogbolu Ii,05,"Efiyan , (Frontage 1St Choice Photo)",007,27/17/05/007,Ogun East,Ijebu Ode /Odogbolu /Ijebu North East
Ogun,27,Odogbolu,17,Odogbolu Ii,05,Idena,008,27/17/05/008,Ogun East,Ijebu Ode /Odogbolu /Ijebu North East
Ogun,27,Odogbolu,17,Odogbolu Ii,05,"Local Government Model Primary School, Odogbolu",009,27/17/05/009,Ogun East,Ijebu Ode /Odogbolu /Ijebu North East
Ogun,27,Odogbolu,17,Odogbolu Ii,05,"Open Space Eri Odo Square, Odogbolu",010,27/17/05/010,Ogun East,Ijebu Ode /Odogbolu /Ijebu North East
Ogun,27,Odogbolu,17,Odogbolu Ii,05,"Open Space Odoyangan Qtrs, Odogbolu",011,27/17/05/011,Ogun East,Ijebu Ode /Odogbolu /Ijebu North East
Ogun,27,Odogbolu,17,Odogbolu Ii,05,"Open Space Efiyan, Odogbolu",012,27/17/05/012,Ogun East,Ijebu Ode /Odogbolu /Ijebu North East
Ogun,27,Odogbolu,17,Aiyepe,06,"Opposite Aba Central, Mosque Aiyepe",001,27/17/06/001,Ogun East,Ijebu Ode /Odogbolu /Ijebu North East
Ogun,27,Odogbolu,17,Aiyepe,06,Idobiri Market Aiyepe,002,27/17/06/002,Ogun East,Ijebu Ode /Odogbolu /Ijebu North East
Ogun,27,Odogbolu,17,Aiyepe,06,Holy Trinity Pry Sch.Aiyepe,003,27/17/06/003,Ogun East,Ijebu Ode /Odogbolu /Ijebu North East
Ogun,27,Odogbolu,17,Aiyepe,06,"Opposite Market Odolowu, Mosque Aiyepe",004,27/17/06/004,Ogun East,Ijebu Ode /Odogbolu /Ijebu North East
Ogun,27,Odogbolu,17,Aiyepe,06,Opposite Ilakan Mosque,005,27/17/06/005,Ogun East,Ijebu Ode /Odogbolu /Ijebu North East
Ogun,27,Odogbolu,17,Aiyepe,06,"St. Paul School, Eyinwa",006,27/17/06/006,Ogun East,Ijebu Ode /Odogbolu /Ijebu North East
Ogun,27,Odogbolu,17,Aiyepe,06,"Market Square, Aba Aiyepe",007,27/17/06/007,Ogun East,Ijebu Ode /Odogbolu /Ijebu North East
Ogun,27,Odogbolu,17,Aiyepe,06,Frontage Bada House Agbowa Road,008,27/17/06/008,Ogun East,Ijebu Ode /Odogbolu /Ijebu North East
Ogun,27,Odogbolu,17,Aiyepe,06,"Open Space, Odo Ayeluja, Aba, Aiyepe",009,27/17/06/009,Ogun East,Ijebu Ode /Odogbolu /Ijebu North East
Ogun,27,Odogbolu,17,Aiyepe,06,"Aiyepe Community Grammar School, Aiyepe",010,27/17/06/010,Ogun East,Ijebu Ode /Odogbolu /Ijebu North East
Ogun,27,Odogbolu,17,Aiyepe,06,"Open Space T-Junction Old Sagamu / Agbowa Road, Aiyepe",011,27/17/06/011,Ogun East,Ijebu Ode /Odogbolu /Ijebu North East
Ogun,27,Odogbolu,17,Aiyepe,06,"Open Space Back Of Sawmill, Aiyepe",012,27/17/06/012,Ogun East,Ijebu Ode /Odogbolu /Ijebu North East
Ogun,27,Odogbolu,17,Aiyepe,06,"Aiyepe Comprehensive High School, Aiyepe",013,27/17/06/013,Ogun East,Ijebu Ode /Odogbolu /Ijebu North East
Ogun,27,Odogbolu,17,Aiyepe,06,"Open Space Barumi Junction Olowoporoku Street, Aba , Aiyepe",014,27/17/06/014,Ogun East,Ijebu Ode /Odogbolu /Ijebu North East
Ogun,27,Odogbolu,17,Ososa,07,"Obalufon Idomowo  Square, Ososa",001,27/17/07/001,Ogun East,Ijebu Ode /Odogbolu /Ijebu North East
Ogun,27,Odogbolu,17,Ososa,07,Catholic Sch. Ososa,002,27/17/07/002,Ogun East,Ijebu Ode /Odogbolu /Ijebu North East
Ogun,27,Odogbolu,17,Ososa,07,Ososa Town Hall,003,27/17/07/003,Ogun East,Ijebu Ode /Odogbolu /Ijebu North East
Ogun,27,Odogbolu,17,Ososa,07,Ososa Market/Dispensary,004,27/17/07/004,Ogun East,Ijebu Ode /Odogbolu /Ijebu North East
Ogun,27,Odogbolu,17,Ososa,07,Opposite Ijoku Mosque Ososa,005,27/17/07/005,Ogun East,Ijebu Ode /Odogbolu /Ijebu North East
Ogun,27,Odogbolu,17,Ososa,07,St. John School Ososa,006,27/17/07/006,Ogun East,Ijebu Ode /Odogbolu /Ijebu North East
Ogun,27,Odogbolu,17,Ososa,07,Sabo Market,007,27/17/07/007,Ogun East,Ijebu Ode /Odogbolu /Ijebu North East
Ogun,27,Odogbolu,17,Ososa,07,Obu Obasa Square Ososa,008,27/17/07/008,Ogun East,Ijebu Ode /Odogbolu /Ijebu North East
Ogun,27,Odogbolu,17,Ososa,07,"Moslem Primary School, Ososa",009,27/17/07/009,Ogun East,Ijebu Ode /Odogbolu /Ijebu North East
Ogun,27,Odogbolu,17,Ososa,07,"Open Space Oke Esin Square, Ososa",010,27/17/07/010,Ogun East,Ijebu Ode /Odogbolu /Ijebu North East
Ogun,27,Odogbolu,17,Ososa,07,"Osalakoye Square, Ososa",011,27/17/07/011,Ogun East,Ijebu Ode /Odogbolu /Ijebu North East
Ogun,27,Odogbolu,17,Ososa,07,"Police Station, Ososa",012,27/17/07/012,Ogun East,Ijebu Ode /Odogbolu /Ijebu North East
Ogun,27,Odogbolu,17,Ososa,07,"Open Space Odoowa Square, Ososa",013,27/17/07/013,Ogun East,Ijebu Ode /Odogbolu /Ijebu North East
Ogun,27,Odogbolu,17,Ososa,07,"Open Space Oremeji Close, Ososa",014,27/17/07/014,Ogun East,Ijebu Ode /Odogbolu /Ijebu North East
Ogun,27,Odogbolu,17,Idowa,08,Town Hall (Idowa Front),001,27/17/08/001,Ogun East,Ijebu Ode /Odogbolu /Ijebu North East
Ogun,27,Odogbolu,17,Idowa,08,"Iloye Maternity, Idowa",002,27/17/08/002,Ogun East,Ijebu Ode /Odogbolu /Ijebu North East
Ogun,27,Odogbolu,17,Idowa,08,"Town Hall, Idowa (Back)",003,27/17/08/003,Ogun East,Ijebu Ode /Odogbolu /Ijebu North East
Ogun,27,Odogbolu,17,Idowa,08,Opp. Chief Olu Adebanjo'S House (Booth),004,27/17/08/004,Ogun East,Ijebu Ode /Odogbolu /Ijebu North East
Ogun,27,Odogbolu,17,Idowa,08,"Open Space Adebayo Market, Idowa",005,27/17/08/005,Ogun East,Ijebu Ode /Odogbolu /Ijebu North East
Ogun,27,Odogbolu,17,Idowa,08,Comprehensive High Sch. Idowa,006,27/17/08/006,Ogun East,Ijebu Ode /Odogbolu /Ijebu North East
Ogun,27,Odogbolu,17,Idowa,08,"General Hospital, Idowa",007,27/17/08/007,Ogun East,Ijebu Ode /Odogbolu /Ijebu North East
Ogun,27,Odogbolu,17,Idowa,08,"Open Space Police Barrack Iloye, Idowa",008,27/17/08/008,Ogun East,Ijebu Ode /Odogbolu /Ijebu North East
Ogun,27,Odogbolu,17,Ibefun,09,Araromi Ibefun Water Works,001,27/17/09/001,Ogun East,Ijebu Ode /Odogbolu /Ijebu North East
Ogun,27,Odogbolu,17,Ibefun,09,"Owode Quarters, (Frontage) Osipitan'S House) Ibefun",002,27/17/09/002,Ogun East,Ijebu Ode /Odogbolu /Ijebu North East
Ogun,27,Odogbolu,17,Ibefun,09,Catholic Pry. Sch. Ibefun,003,27/17/09/003,Ogun East,Ijebu Ode /Odogbolu /Ijebu North East
Ogun,27,Odogbolu,17,Ibefun,09,Oketun Ibefun,004,27/17/09/004,Ogun East,Ijebu Ode /Odogbolu /Ijebu North East
Ogun,27,Odogbolu,17,Ibefun,09,"Frontage Of Maternity Centre, (Isale Ibefun)",005,27/17/09/005,Ogun East,Ijebu Ode /Odogbolu /Ijebu North East
Ogun,27,Odogbolu,17,Ibefun,09,Market Square Ibefun,006,27/17/09/006,Ogun East,Ijebu Ode /Odogbolu /Ijebu North East
Ogun,27,Odogbolu,17,Ibefun,09,Ansar-Ud-Deen Pry. Sch. Ibefun,007,27/17/09/007,Ogun East,Ijebu Ode /Odogbolu /Ijebu North East
Ogun,27,Odogbolu,17,Ibefun,09,Police Post Oreta,008,27/17/09/008,Ogun East,Ijebu Ode /Odogbolu /Ijebu North East
Ogun,27,Odogbolu,17,Ibefun,09,"Morning Market Square, Isale Ibefun",009,27/17/09/009,Ogun East,Ijebu Ode /Odogbolu /Ijebu North East
Ogun,27,Odogbolu,17,Ilado,10,Infornt Of Ilado Social Club Sibadewa Ilado,001,27/17/10/001,Ogun East,Ijebu Ode /Odogbolu /Ijebu North East
Ogun,27,Odogbolu,17,Ilado,10,"St. Luke Pry. School Imodi, Ijasi",002,27/17/10/002,Ogun East,Ijebu Ode /Odogbolu /Ijebu North East
Ogun,27,Odogbolu,17,Ilado,10,Odonselu Market,003,27/17/10/003,Ogun East,Ijebu Ode /Odogbolu /Ijebu North East
Ogun,27,Odogbolu,17,Ilado,10,Aba Tiwa/Aba Soobo,004,27/17/10/004,Ogun East,Ijebu Ode /Odogbolu /Ijebu North East
Ogun,27,Odogbolu,17,Ilado,10,Akio,005,27/17/10/005,Ogun East,Ijebu Ode /Odogbolu /Ijebu North East
Ogun,27,Odogbolu,17,Ilado,10,"St John Anglican Pry Sch, Ilado",006,27/17/10/006,Ogun East,Ijebu Ode /Odogbolu /Ijebu North East
Ogun,27,Odogbolu,17,Ilado,10,Town Hall Imodi-Ijasi,007,27/17/10/007,Ogun East,Ijebu Ode /Odogbolu /Ijebu North East
Ogun,27,Odogbolu,17,Ogbo/Moraika/Ita-Epo I,11,"Imoru, Opposite Imoru Church",001,27/17/11/001,Ogun East,Ijebu Ode /Odogbolu /Ijebu North East
Ogun,27,Odogbolu,17,Ogbo/Moraika/Ita-Epo I,11,Mobalufon Town Hall,002,27/17/11/002,Ogun East,Ijebu Ode /Odogbolu /Ijebu North East
Ogun,27,Odogbolu,17,Ogbo/Moraika/Ita-Epo I,11,Adefisan,003,27/17/11/003,Ogun East,Ijebu Ode /Odogbolu /Ijebu North East
Ogun,27,Odogbolu,17,Ogbo/Moraika/Ita-Epo I,11,"Atiba, St. James Pry. Sch. Atiba",004,27/17/11/004,Ogun East,Ijebu Ode /Odogbolu /Ijebu North East
Ogun,27,Odogbolu,17,Ogbo/Moraika/Ita-Epo I,11,"Town Hall, Egbe",005,27/17/11/005,Ogun East,Ijebu Ode /Odogbolu /Ijebu North East
Ogun,27,Odogbolu,17,Ogbo/Moraika/Ita-Epo I,11,United Pry. Sch. Oke Owa,006,27/17/11/006,Ogun East,Ijebu Ode /Odogbolu /Ijebu North East
Ogun,27,Odogbolu,17,Ogbo/Moraika/Ita-Epo I,11,Opposite Odo Epo Church,007,27/17/11/007,Ogun East,Ijebu Ode /Odogbolu /Ijebu North East
Ogun,27,Odogbolu,17,Ogbo/Moraika/Ita-Epo I,11,Imagbon Station,008,27/17/11/008,Ogun East,Ijebu Ode /Odogbolu /Ijebu North East
Ogun,27,Odogbolu,17,Ogbo/Moraika/Ita-Epo I,11,Federal Housing Estate Ikoto,009,27/17/11/009,Ogun East,Ijebu Ode /Odogbolu /Ijebu North East
Ogun,27,Odogbolu,17,Ogbo/Moraika/Ita-Epo I,11,"Infront Of Bale House, Latogun",010,27/17/11/010,Ogun East,Ijebu Ode /Odogbolu /Ijebu North East
Ogun,27,Odogbolu,17,Ogbo/Moraika/Ita-Epo I,11,Infront Of Olu Of Oregu'S House Araromi Oregun,011,27/17/11/011,Ogun East,Ijebu Ode /Odogbolu /Ijebu North East
Ogun,27,Odogbolu,17,Ogbo/Moraika/Ita-Epo I,11,"Market Square, Imaka",012,27/17/11/012,Ogun East,Ijebu Ode /Odogbolu /Ijebu North East
Ogun,27,Odogbolu,17,Ogbo/Moraika/Ita-Epo I,11,"Opposite Church, Emuren",013,27/17/11/013,Ogun East,Ijebu Ode /Odogbolu /Ijebu North East
Ogun,27,Odogbolu,17,Ogbo/Moraika/Ita-Epo I,11,Lumodan Imagbon,014,27/17/11/014,Ogun East,Ijebu Ode /Odogbolu /Ijebu North East
Ogun,27,Odogbolu,17,Ogbo/Moraika/Ita-Epo I,11,"O'Dua Comp. High School, Imoru",015,27/17/11/015,Ogun East,Ijebu Ode /Odogbolu /Ijebu North East
Ogun,27,Odogbolu,17,Ogbo/Moraika/Ita-Epo I,11,Open Space Isope Square Mobalufon,016,27/17/11/016,Ogun East,Ijebu Ode /Odogbolu /Ijebu North East
Ogun,27,Odogbolu,17,Ogbo/Moraika/Ita-Epo I,11,Open Space Mobalufon West Moraika,017,27/17/11/017,Ogun East,Ijebu Ode /Odogbolu /Ijebu North East
Ogun,27,Odogbolu,17,Ogbo/Moraika/Ita-Epo I,11,Adefisan Market,018,27/17/11/018,Ogun East,Ijebu Ode /Odogbolu /Ijebu North East
Ogun,27,Odogbolu,17,Ogbo/Moraika/Ita-Epo I,11,Moslem Pry Sch. Itanrin,019,27/17/11/019,Ogun East,Ijebu Ode /Odogbolu /Ijebu North East
Ogun,27,Odogbolu,17,Ogbo/Moraika/Ita-Epo I,11,"Atiba Town Hall Square, Atiba",020,27/17/11/020,Ogun East,Ijebu Ode /Odogbolu /Ijebu North East
Ogun,27,Odogbolu,17,Ogbo/Moraika/Ita-Epo I,11,"Open Space Power Line, Atiba",021,27/17/11/021,Ogun East,Ijebu Ode /Odogbolu /Ijebu North East
Ogun,27,Odogbolu,17,Ogbo/Moraika/Ita-Epo I,11,"Open Space Ibagba Square, Egbe",022,27/17/11/022,Ogun East,Ijebu Ode /Odogbolu /Ijebu North East
Ogun,27,Odogbolu,17,Ogbo/Moraika/Ita-Epo I,11,"Open Space Eyinfun Square, Egbe",023,27/17/11/023,Ogun East,Ijebu Ode /Odogbolu /Ijebu North East
Ogun,27,Odogbolu,17,Ogbo/Moraika/Ita-Epo I,11,"Holy Trinity Health Centre ,Ikoto",024,27/17/11/024,Ogun East,Ijebu Ode /Odogbolu /Ijebu North East
Ogun,27,Odogbolu,17,Ogbo/Moraika/Ita-Epo I,11,"Open Space Ogunlade Estate Junction, Oke Owa",025,27/17/11/025,Ogun East,Ijebu Ode /Odogbolu /Ijebu North East
Ogun,27,Odogbolu,17,Ogbo/Moraika/Ita-Epo I,11,"St Joseph Catholic Pry Sch. F.H. Estate, Ikoto",026,27/17/11/026,Ogun East,Ijebu Ode /Odogbolu /Ijebu North East
Ogun,27,Odogbolu,17,Ogbo/Moraika/Ita-Epo I,11,"St James Pry. School, Latogun",027,27/17/11/027,Ogun East,Ijebu Ode /Odogbolu /Ijebu North East
Ogun,27,Odogbolu,17,Ogbo/Moraika/Ita-Epo I,11,"Open Space T-Junction Ogunyemi Street, Oregun",028,27/17/11/028,Ogun East,Ijebu Ode /Odogbolu /Ijebu North East
Ogun,27,Odogbolu,17,Ala/Igbile,12,"Opposite Aluko Mosque, Aka",001,27/17/12/001,Ogun East,Ijebu Ode /Odogbolu /Ijebu North East
Ogun,27,Odogbolu,17,Ala/Igbile,12,"Town Hall Ala, Front",002,27/17/12/002,Ogun East,Ijebu Ode /Odogbolu /Ijebu North East
Ogun,27,Odogbolu,17,Ala/Igbile,12,"Frontage Maternity, Ilofa/Iwaye Igbile",003,27/17/12/003,Ogun East,Ijebu Ode /Odogbolu /Ijebu North East
Ogun,27,Odogbolu,17,Ala/Igbile,12,Sifolu/Owode Igbile,004,27/17/12/004,Ogun East,Ijebu Ode /Odogbolu /Ijebu North East
Ogun,27,Odogbolu,17,Ala/Igbile,12,Infront Of Olorilu'S House Oke-Orundun,005,27/17/12/005,Ogun East,Ijebu Ode /Odogbolu /Ijebu North East
Ogun,27,Odogbolu,17,Ala/Igbile,12,Araromi Square Ala,006,27/17/12/006,Ogun East,Ijebu Ode /Odogbolu /Ijebu North East
Ogun,27,Odogbolu,17,Ala/Igbile,12,"Town Hall, All Back",007,27/17/12/007,Ogun East,Ijebu Ode /Odogbolu /Ijebu North East
Ogun,27,Odogbolu,17,Jobore/Ibido/Ikise,13,"St. Michael Pry. School, Jobore",001,27/17/13/001,Ogun East,Ijebu Ode /Odogbolu /Ijebu North East
Ogun,27,Odogbolu,17,Jobore/Ibido/Ikise,13,"Olorunsogo Town Hall, Ibido",002,27/17/13/002,Ogun East,Ijebu Ode /Odogbolu /Ijebu North East
Ogun,27,Odogbolu,17,Jobore/Ibido/Ikise,13,"Frontage James House, Ikise",003,27/17/13/003,Ogun East,Ijebu Ode /Odogbolu /Ijebu North East
Ogun,27,Odogbolu,17,Jobore/Ibido/Ikise,13,"Town Hall, Jobore",004,27/17/13/004,Ogun East,Ijebu Ode /Odogbolu /Ijebu North East
Ogun,27,Odogbolu,17,Omu,14,"Z.I. Pry. School Oke, Oyinbo Omu",001,27/17/14/001,Ogun East,Ijebu Ode /Odogbolu /Ijebu North East
Ogun,27,Odogbolu,17,Omu,14,"U.N.A. Pry. School, Omu",002,27/17/14/002,Ogun East,Ijebu Ode /Odogbolu /Ijebu North East
Ogun,27,Odogbolu,17,Omu,14,"Saint Paul School, Omu",003,27/17/14/003,Ogun East,Ijebu Ode /Odogbolu /Ijebu North East
Ogun,27,Odogbolu,17,Omu,14,"Opposite Mota Mosque, Omu",004,27/17/14/004,Ogun East,Ijebu Ode /Odogbolu /Ijebu North East
Ogun,27,Odogbolu,17,Omu,14,"Frontage Olisa House, Omu",005,27/17/14/005,Ogun East,Ijebu Ode /Odogbolu /Ijebu North East
Ogun,27,Odogbolu,17,Omu,14,Opposite Irete Mosque,006,27/17/14/006,Ogun East,Ijebu Ode /Odogbolu /Ijebu North East
Ogun,27,Odogbolu,17,Omu,14,"Beside Ita Ale Market, Omu",007,27/17/14/007,Ogun East,Ijebu Ode /Odogbolu /Ijebu North East
Ogun,27,Odogbolu,17,Omu,14,"Frontage Ogunlana House, Degorunse",008,27/17/14/008,Ogun East,Ijebu Ode /Odogbolu /Ijebu North East
Ogun,27,Odogbolu,17,Omu,14,"Igbodile/Ayegbami, Omu",009,27/17/14/009,Ogun East,Ijebu Ode /Odogbolu /Ijebu North East
Ogun,27,Odogbolu,17,Omu,14,"Frontage Onaniyi'S House, Omu",010,27/17/14/010,Ogun East,Ijebu Ode /Odogbolu /Ijebu North East
Ogun,27,Odogbolu,17,Omu,14,"Z.I  Primary School, Omu",011,27/17/14/011,Ogun East,Ijebu Ode /Odogbolu /Ijebu North East
Ogun,27,Odogbolu,17,Omu,14,"Ifesowapo Daily Retail Market, Erebe",012,27/17/14/012,Ogun East,Ijebu Ode /Odogbolu /Ijebu North East
Ogun,27,Odogbolu,17,Ogbo/Moraika/Ita Epo Ii,15,Imaweje Town Hall,001,27/17/15/001,Ogun East,Ijebu Ode /Odogbolu /Ijebu North East
Ogun,27,Odogbolu,17,Ogbo/Moraika/Ita Epo Ii,15,"Opposite Church, Idagbo",002,27/17/15/002,Ogun East,Ijebu Ode /Odogbolu /Ijebu North East
Ogun,27,Odogbolu,17,Ogbo/Moraika/Ita Epo Ii,15,"Opposite Ibido, Ogbo Church",003,27/17/15/003,Ogun East,Ijebu Ode /Odogbolu /Ijebu North East
Ogun,27,Odogbolu,17,Ogbo/Moraika/Ita Epo Ii,15,Tasce Ijagun Bus-Stop,004,27/17/15/004,Ogun East,Ijebu Ode /Odogbolu /Ijebu North East
Ogun,27,Odogbolu,17,Ogbo/Moraika/Ita Epo Ii,15,Isanya Ogbo Maternity,005,27/17/15/005,Ogun East,Ijebu Ode /Odogbolu /Ijebu North East
Ogun,27,Odogbolu,17,Ogbo/Moraika/Ita Epo Ii,15,Market Square Okelamuren,006,27/17/15/006,Ogun East,Ijebu Ode /Odogbolu /Ijebu North East
Ogun,27,Odogbolu,17,Ogbo/Moraika/Ita Epo Ii,15,Abapawa,007,27/17/15/007,Ogun East,Ijebu Ode /Odogbolu /Ijebu North East
Ogun,27,Odogbolu,17,Ogbo/Moraika/Ita Epo Ii,15,"Araromi United Pry. School, Imaweje",008,27/17/15/008,Ogun East,Ijebu Ode /Odogbolu /Ijebu North East
Ogun,27,Odogbolu,17,Ogbo/Moraika/Ita Epo Ii,15,"Open Space Opp. Transformer, Imaweje",009,27/17/15/009,Ogun East,Ijebu Ode /Odogbolu /Ijebu North East
Ogun,27,Odogbolu,17,Ogbo/Moraika/Ita Epo Ii,15,"Town Hall,  Ijele",010,27/17/15/010,Ogun East,Ijebu Ode /Odogbolu /Ijebu North East
Ogun,27,Odogbolu,17,Ogbo/Moraika/Ita Epo Ii,15,"Town Hall ,Ilupeju",011,27/17/15/011,Ogun East,Ijebu Ode /Odogbolu /Ijebu North East
Ogun,27,Odogbolu,17,Ogbo/Moraika/Ita Epo Ii,15,Open Space Odo Agamegi,012,27/17/15/012,Ogun East,Ijebu Ode /Odogbolu /Ijebu North East
Ogun,27,Odogbolu,17,Ogbo/Moraika/Ita Epo Ii,15,Town Hall Ikofa,013,27/17/15/013,Ogun East,Ijebu Ode /Odogbolu /Ijebu North East
Ogun,27,Ogun Water Side,18,Iwopin,01,"L.G. School, Iwopin",001,27/18/01/001,Ogun East,Ijebu North/Ijebu East/Ogun Waterside
Ogun,27,Ogun Water Side,18,Iwopin,01,"St. Mary'S Pry. School, Oloju Meta",002,27/18/01/002,Ogun East,Ijebu North/Ijebu East/Ogun Waterside
Ogun,27,Ogun Water Side,18,Iwopin,01,"Fisheries Office, Ehindi",003,27/18/01/003,Ogun East,Ijebu North/Ijebu East/Ogun Waterside
Ogun,27,Ogun Water Side,18,Iwopin,01,"L.G. School, Imosiri",004,27/18/01/004,Ogun East,Ijebu North/Ijebu East/Ogun Waterside
Ogun,27,Ogun Water Side,18,Iwopin,01,Ebute Ilamo Square,005,27/18/01/005,Ogun East,Ijebu North/Ijebu East/Ogun Waterside
Ogun,27,Ogun Water Side,18,Iwopin,01,"I.P.R.C. Pry. School, Iwopin",006,27/18/01/006,Ogun East,Ijebu North/Ijebu East/Ogun Waterside
Ogun,27,Ogun Water Side,18,Iwopin,01,"L.G. School, Imekre",007,27/18/01/007,Ogun East,Ijebu North/Ijebu East/Ogun Waterside
Ogun,27,Ogun Water Side,18,Iwopin,01,"Town Ahll, Iwopin",008,27/18/01/008,Ogun East,Ijebu North/Ijebu East/Ogun Waterside
Ogun,27,Ogun Water Side,18,Iwopin,01,"St Peter'S Anglican Pry School, Iwopin",009,27/18/01/009,Ogun East,Ijebu North/Ijebu East/Ogun Waterside
Ogun,27,Ogun Water Side,18,Iwopin,01,"Open Space At Korede Market, Iwopin",010,27/18/01/010,Ogun East,Ijebu North/Ijebu East/Ogun Waterside
Ogun,27,Ogun Water Side,18,Iwopin,01,Community Primary School Aiyegbami,011,27/18/01/011,Ogun East,Ijebu North/Ijebu East/Ogun Waterside
Ogun,27,Ogun Water Side,18,Iwopin,01,"St. Kizito High School, Iwopin",012,27/18/01/012,Ogun East,Ijebu North/Ijebu East/Ogun Waterside
Ogun,27,Ogun Water Side,18,Iwopin,01,Old L.G Dispensary Health Centre,013,27/18/01/013,Ogun East,Ijebu North/Ijebu East/Ogun Waterside
Ogun,27,Ogun Water Side,18,Oni,02,"L.G Sch, Oni I",001,27/18/02/001,Ogun East,Ijebu North/Ijebu East/Ogun Waterside
Ogun,27,Ogun Water Side,18,Oni,02,L.G Sch. Oni Ii,002,27/18/02/002,Ogun East,Ijebu North/Ijebu East/Ogun Waterside
Ogun,27,Ogun Water Side,18,Oni,02,"St Peter'S Pry Sch, Ologbun",003,27/18/02/003,Ogun East,Ijebu North/Ijebu East/Ogun Waterside
Ogun,27,Ogun Water Side,18,Oni,02,"L.G Sch, Akila",004,27/18/02/004,Ogun East,Ijebu North/Ijebu East/Ogun Waterside
Ogun,27,Ogun Water Side,18,Oni,02,Orita Omo Square,005,27/18/02/005,Ogun East,Ijebu North/Ijebu East/Ogun Waterside
Ogun,27,Ogun Water Side,18,Oni,02,"L.G Sch, Alo",006,27/18/02/006,Ogun East,Ijebu North/Ijebu East/Ogun Waterside
Ogun,27,Ogun Water Side,18,Oni,02,"St Peters Pry Sch, Oriyanrin",007,27/18/02/007,Ogun East,Ijebu North/Ijebu East/Ogun Waterside
Ogun,27,Ogun Water Side,18,Oni,02,"Demolu Quarters, Oni",008,27/18/02/008,Ogun East,Ijebu North/Ijebu East/Ogun Waterside
Ogun,27,Ogun Water Side,18,Oni,02,"Maternity Centre, Oni",009,27/18/02/009,Ogun East,Ijebu North/Ijebu East/Ogun Waterside
Ogun,27,Ogun Water Side,18,Oni,02,"Open Space Opp, Balogun Bello'S House",010,27/18/02/010,Ogun East,Ijebu North/Ijebu East/Ogun Waterside
Ogun,27,Ogun Water Side,18,Oni,02,Open Space Opp. Awonuga'S House,011,27/18/02/011,Ogun East,Ijebu North/Ijebu East/Ogun Waterside
Ogun,27,Ogun Water Side,18,Oni,02,"L.G School Malofe, Oni",012,27/18/02/012,Ogun East,Ijebu North/Ijebu East/Ogun Waterside
Ogun,27,Ogun Water Side,18,Ibiade,03,Tebuwo Square,001,27/18/03/001,Ogun East,Ijebu North/Ijebu East/Ogun Waterside
Ogun,27,Ogun Water Side,18,Ibiade,03,"St. Mich. Pry School, Ibiade",002,27/18/03/002,Ogun East,Ijebu North/Ijebu East/Ogun Waterside
Ogun,27,Ogun Water Side,18,Ibiade,03,Toso Square,003,27/18/03/003,Ogun East,Ijebu North/Ijebu East/Ogun Waterside
Ogun,27,Ogun Water Side,18,Ibiade,03,Togbunri Square,004,27/18/03/004,Ogun East,Ijebu North/Ijebu East/Ogun Waterside
Ogun,27,Ogun Water Side,18,Ibiade,03,Tayoku Square,005,27/18/03/005,Ogun East,Ijebu North/Ijebu East/Ogun Waterside
Ogun,27,Ogun Water Side,18,Ibiade,03,Tipetu Square,006,27/18/03/006,Ogun East,Ijebu North/Ijebu East/Ogun Waterside
Ogun,27,Ogun Water Side,18,Ibiade,03,"L.G. School, Ibiade I",007,27/18/03/007,Ogun East,Ijebu North/Ijebu East/Ogun Waterside
Ogun,27,Ogun Water Side,18,Ibiade,03,"L.G. School, Ibiade Ii",008,27/18/03/008,Ogun East,Ijebu North/Ijebu East/Ogun Waterside
Ogun,27,Ogun Water Side,18,Ibiade,03,Araromi Quarters,009,27/18/03/009,Ogun East,Ijebu North/Ijebu East/Ogun Waterside
Ogun,27,Ogun Water Side,18,Ibiade,03,L.G. School Farm Settlement,010,27/18/03/010,Ogun East,Ijebu North/Ijebu East/Ogun Waterside
Ogun,27,Ogun Water Side,18,Ibiade,03,(Open Space) Zion Ibiade,011,27/18/03/011,Ogun East,Ijebu North/Ijebu East/Ogun Waterside
Ogun,27,Ogun Water Side,18,Ibiade,03,Open Space Opp. Odulaja'S House,012,27/18/03/012,Ogun East,Ijebu North/Ijebu East/Ogun Waterside
Ogun,27,Ogun Water Side,18,Ibiade,03,"Health Centre, Ibiade (Gen. Hospital Road)",013,27/18/03/013,Ogun East,Ijebu North/Ijebu East/Ogun Waterside
Ogun,27,Ogun Water Side,18,Lukogbe/Ilusin,04,L.G. School Lukogbe  I,001,27/18/04/001,Ogun East,Ijebu North/Ijebu East/Ogun Waterside
Ogun,27,Ogun Water Side,18,Lukogbe/Ilusin,04,L.G. School Lukogbe  Ii,002,27/18/04/002,Ogun East,Ijebu North/Ijebu East/Ogun Waterside
Ogun,27,Ogun Water Side,18,Lukogbe/Ilusin,04,Itun Melekun Lokula,003,27/18/04/003,Ogun East,Ijebu North/Ijebu East/Ogun Waterside
Ogun,27,Ogun Water Side,18,Lukogbe/Ilusin,04,L.G. School Ilusin  I,004,27/18/04/004,Ogun East,Ijebu North/Ijebu East/Ogun Waterside
Ogun,27,Ogun Water Side,18,Lukogbe/Ilusin,04,L.G. School Ilusin  Ii,005,27/18/04/005,Ogun East,Ijebu North/Ijebu East/Ogun Waterside
Ogun,27,Ogun Water Side,18,Lukogbe/Ilusin,04,Ilusin Zion,006,27/18/04/006,Ogun East,Ijebu North/Ijebu East/Ogun Waterside
Ogun,27,Ogun Water Side,18,Lukogbe/Ilusin,04,F.S.P. Market Agbure,007,27/18/04/007,Ogun East,Ijebu North/Ijebu East/Ogun Waterside
Ogun,27,Ogun Water Side,18,Lukogbe/Ilusin,04,L.G. School Arafin,008,27/18/04/008,Ogun East,Ijebu North/Ijebu East/Ogun Waterside
Ogun,27,Ogun Water Side,18,Lukogbe/Ilusin,04,Labour Camp,009,27/18/04/009,Ogun East,Ijebu North/Ijebu East/Ogun Waterside
Ogun,27,Ogun Water Side,18,Lukogbe/Ilusin,04,St. John'S Pry. Sch. Agodo,010,27/18/04/010,Ogun East,Ijebu North/Ijebu East/Ogun Waterside
Ogun,27,Ogun Water Side,18,Lukogbe/Ilusin,04,Labour Camp  I,011,27/18/04/011,Ogun East,Ijebu North/Ijebu East/Ogun Waterside
Ogun,27,Ogun Water Side,18,Lukogbe/Ilusin,04,Labour Camp  Ii,012,27/18/04/012,Ogun East,Ijebu North/Ijebu East/Ogun Waterside
Ogun,27,Ogun Water Side,18,Lukogbe/Ilusin,04,Labour Camp  Iii,013,27/18/04/013,Ogun East,Ijebu North/Ijebu East/Ogun Waterside
Ogun,27,Ogun Water Side,18,Lukogbe/Ilusin,04,Apatal Oduni Junction,014,27/18/04/014,Ogun East,Ijebu North/Ijebu East/Ogun Waterside
Ogun,27,Ogun Water Side,18,Lukogbe/Ilusin,04,Bagbe Camp,015,27/18/04/015,Ogun East,Ijebu North/Ijebu East/Ogun Waterside
Ogun,27,Ogun Water Side,18,Lukogbe/Ilusin,04,"Health Centre, Agbure",016,27/18/04/016,Ogun East,Ijebu North/Ijebu East/Ogun Waterside
Ogun,27,Ogun Water Side,18,Abigi,05,Moslem Pay School Abigi  I,001,27/18/05/001,Ogun East,Ijebu North/Ijebu East/Ogun Waterside
Ogun,27,Ogun Water Side,18,Abigi,05,Moslem Pay School Abigi Ii,002,27/18/05/002,Ogun East,Ijebu North/Ijebu East/Ogun Waterside
Ogun,27,Ogun Water Side,18,Abigi,05,St. Thomas Pry. School I Abigi,003,27/18/05/003,Ogun East,Ijebu North/Ijebu East/Ogun Waterside
Ogun,27,Ogun Water Side,18,Abigi,05,St. Thomas Pry. School Ii Abigi,004,27/18/05/004,Ogun East,Ijebu North/Ijebu East/Ogun Waterside
Ogun,27,Ogun Water Side,18,Abigi,05,Market Square Square Abigi  I,005,27/18/05/005,Ogun East,Ijebu North/Ijebu East/Ogun Waterside
Ogun,27,Ogun Water Side,18,Abigi,05,Market Square Abigi  Ii,006,27/18/05/006,Ogun East,Ijebu North/Ijebu East/Ogun Waterside
Ogun,27,Ogun Water Side,18,Abigi,05,L.G. School Ita-Ogun,007,27/18/05/007,Ogun East,Ijebu North/Ijebu East/Ogun Waterside
Ogun,27,Ogun Water Side,18,Abigi,05,Itatikeli Junction,008,27/18/05/008,Ogun East,Ijebu North/Ijebu East/Ogun Waterside
Ogun,27,Ogun Water Side,18,Abigi,05,"L.G. School, Ita-Out",009,27/18/05/009,Ogun East,Ijebu North/Ijebu East/Ogun Waterside
Ogun,27,Ogun Water Side,18,Abigi,05,Igbafo  I,010,27/18/05/010,Ogun East,Ijebu North/Ijebu East/Ogun Waterside
Ogun,27,Ogun Water Side,18,Abigi,05,Igbafo  Ii,011,27/18/05/011,Ogun East,Ijebu North/Ijebu East/Ogun Waterside
Ogun,27,Ogun Water Side,18,Abigi,05,Npc Office Abigi,012,27/18/05/012,Ogun East,Ijebu North/Ijebu East/Ogun Waterside
Ogun,27,Ogun Water Side,18,Abigi,05,Ayegbami Quarters,013,27/18/05/013,Ogun East,Ijebu North/Ijebu East/Ogun Waterside
Ogun,27,Ogun Water Side,18,Abigi,05,Pelebe At Oko-Igbo,014,27/18/05/014,Ogun East,Ijebu North/Ijebu East/Ogun Waterside
Ogun,27,Ogun Water Side,18,Abigi,05,"L.G School ,Ita Ogun Ii",015,27/18/05/015,Ogun East,Ijebu North/Ijebu East/Ogun Waterside
Ogun,27,Ogun Water Side,18,Efire,06,Ile-Ona Near Mosque,001,27/18/06/001,Ogun East,Ijebu North/Ijebu East/Ogun Waterside
Ogun,27,Ogun Water Side,18,Efire,06,Ifelo Dun United Pry. School,002,27/18/06/002,Ogun East,Ijebu North/Ijebu East/Ogun Waterside
Ogun,27,Ogun Water Side,18,Efire,06,Ona Eri Quarter'S,003,27/18/06/003,Ogun East,Ijebu North/Ijebu East/Ogun Waterside
Ogun,27,Ogun Water Side,18,Efire,06,Ubiku Camp,004,27/18/06/004,Ogun East,Ijebu North/Ijebu East/Ogun Waterside
Ogun,27,Ogun Water Side,18,Efire,06,L.G. School Bolounduro,005,27/18/06/005,Ogun East,Ijebu North/Ijebu East/Ogun Waterside
Ogun,27,Ogun Water Side,18,Efire,06,Calabar Camp  I,006,27/18/06/006,Ogun East,Ijebu North/Ijebu East/Ogun Waterside
Ogun,27,Ogun Water Side,18,Efire,06,Calabar Camp  Ii,007,27/18/06/007,Ogun East,Ijebu North/Ijebu East/Ogun Waterside
Ogun,27,Ogun Water Side,18,Efire,06,Aje Bamidele,008,27/18/06/008,Ogun East,Ijebu North/Ijebu East/Ogun Waterside
Ogun,27,Ogun Water Side,18,Efire,06,Onada Square,009,27/18/06/009,Ogun East,Ijebu North/Ijebu East/Ogun Waterside
Ogun,27,Ogun Water Side,18,Efire,06,Leren Camp,010,27/18/06/010,Ogun East,Ijebu North/Ijebu East/Ogun Waterside
Ogun,27,Ogun Water Side,18,Efire,06,Sunbare'S Camp [Jeremiah],011,27/18/06/011,Ogun East,Ijebu North/Ijebu East/Ogun Waterside
Ogun,27,Ogun Water Side,18,Ayede/Lomiro,07,"R.C.M. School, Ayede",001,27/18/07/001,Ogun East,Ijebu North/Ijebu East/Ogun Waterside
Ogun,27,Ogun Water Side,18,Ayede/Lomiro,07,"St. Luke'S School, Luwodo",002,27/18/07/002,Ogun East,Ijebu North/Ijebu East/Ogun Waterside
Ogun,27,Ogun Water Side,18,Ayede/Lomiro,07,"St. Paul'S School, Iyodan",003,27/18/07/003,Ogun East,Ijebu North/Ijebu East/Ogun Waterside
Ogun,27,Ogun Water Side,18,Ayede/Lomiro,07,"St. John'S School, Ajegunle",004,27/18/07/004,Ogun East,Ijebu North/Ijebu East/Ogun Waterside
Ogun,27,Ogun Water Side,18,Ayede/Lomiro,07,"C.M.S School, Lomiro",005,27/18/07/005,Ogun East,Ijebu North/Ijebu East/Ogun Waterside
Ogun,27,Ogun Water Side,18,Ayede/Lomiro,07,"Health Centre, Lofoluwa",006,27/18/07/006,Ogun East,Ijebu North/Ijebu East/Ogun Waterside
Ogun,27,Ogun Water Side,18,Ayede/Lomiro,07,"L.G. School, Idobilayo",007,27/18/07/007,Ogun East,Ijebu North/Ijebu East/Ogun Waterside
Ogun,27,Ogun Water Side,18,Ayede/Lomiro,07,"L.G. School, Ipai Kemore",008,27/18/07/008,Ogun East,Ijebu North/Ijebu East/Ogun Waterside
Ogun,27,Ogun Water Side,18,Ayede/Lomiro,07,Olola Camp,009,27/18/07/009,Ogun East,Ijebu North/Ijebu East/Ogun Waterside
Ogun,27,Ogun Water Side,18,Ayede/Lomiro,07,"St. Mich. Pry School, Ligun",010,27/18/07/010,Ogun East,Ijebu North/Ijebu East/Ogun Waterside
Ogun,27,Ogun Water Side,18,Ayede/Lomiro,07,Lapeti Baale'S Quarters,011,27/18/07/011,Ogun East,Ijebu North/Ijebu East/Ogun Waterside
Ogun,27,Ogun Water Side,18,Ayede/Lomiro,07,"St. Andrew'S Anglican Primary School, Ayede",012,27/18/07/012,Ogun East,Ijebu North/Ijebu East/Ogun Waterside
Ogun,27,Ogun Water Side,18,Ayede/Lomiro,07,"Lomiro Town Hall, Lomiro",013,27/18/07/013,Ogun East,Ijebu North/Ijebu East/Ogun Waterside
Ogun,27,Ogun Water Side,18,Ayede/Lomiro,07,"C.M.S School  (Ii), Lomiro",014,27/18/07/014,Ogun East,Ijebu North/Ijebu East/Ogun Waterside
Ogun,27,Ogun Water Side,18,Ayila/Itebu,08,St. Phillip'S Pry. School,001,27/18/08/001,Ogun East,Ijebu North/Ijebu East/Ogun Waterside
Ogun,27,Ogun Water Side,18,Ayila/Itebu,08,"St. John'S Pry. School, Ayila  I",002,27/18/08/002,Ogun East,Ijebu North/Ijebu East/Ogun Waterside
Ogun,27,Ogun Water Side,18,Ayila/Itebu,08,"St. John'S Pry Sch, Ayila Ii",003,27/18/08/003,Ogun East,Ijebu North/Ijebu East/Ogun Waterside
Ogun,27,Ogun Water Side,18,Ayila/Itebu,08,"St. Joseph R.C.M. School, Ayila",004,27/18/08/004,Ogun East,Ijebu North/Ijebu East/Ogun Waterside
Ogun,27,Ogun Water Side,18,Ayila/Itebu,08,"St. Joseph R.C.M. School, Ayila",005,27/18/08/005,Ogun East,Ijebu North/Ijebu East/Ogun Waterside
Ogun,27,Ogun Water Side,18,Ayila/Itebu,08,"St. David Pry. School, Aye Tumare",006,27/18/08/006,Ogun East,Ijebu North/Ijebu East/Ogun Waterside
Ogun,27,Ogun Water Side,18,Ayila/Itebu,08,"St. Marks School, Itebu",007,27/18/08/007,Ogun East,Ijebu North/Ijebu East/Ogun Waterside
Ogun,27,Ogun Water Side,18,Ayila/Itebu,08,Doluke Quarters,008,27/18/08/008,Ogun East,Ijebu North/Ijebu East/Ogun Waterside
Ogun,27,Ogun Water Side,18,Ayila/Itebu,08,Ago-Ajaye Quarters,009,27/18/08/009,Ogun East,Ijebu North/Ijebu East/Ogun Waterside
Ogun,27,Ogun Water Side,18,Makun/Irokun,09,"L.G. School, Makun Omi",001,27/18/09/001,Ogun East,Ijebu North/Ijebu East/Ogun Waterside
Ogun,27,Ogun Water Side,18,Makun/Irokun,09,Moha Village Square,002,27/18/09/002,Ogun East,Ijebu North/Ijebu East/Ogun Waterside
Ogun,27,Ogun Water Side,18,Makun/Irokun,09,"L.G. School, Eba",003,27/18/09/003,Ogun East,Ijebu North/Ijebu East/Ogun Waterside
Ogun,27,Ogun Water Side,18,Makun/Irokun,09,"L.G. School, Irokun",004,27/18/09/004,Ogun East,Ijebu North/Ijebu East/Ogun Waterside
Ogun,27,Ogun Water Side,18,Makun/Irokun,09,"L.G. School, Igbo-Edu",005,27/18/09/005,Ogun East,Ijebu North/Ijebu East/Ogun Waterside
Ogun,27,Ogun Water Side,18,Makun/Irokun,09,"L.G. School, Irokun Ii",006,27/18/09/006,Ogun East,Ijebu North/Ijebu East/Ogun Waterside
Ogun,27,Ogun Water Side,18,Makun/Irokun,09,"Maternity Centre, Makun-Omi",007,27/18/09/007,Ogun East,Ijebu North/Ijebu East/Ogun Waterside
Ogun,27,Ogun Water Side,18,Makun/Irokun,09,Ariyan Village Square,008,27/18/09/008,Ogun East,Ijebu North/Ijebu East/Ogun Waterside
Ogun,27,Ogun Water Side,18,Makun/Irokun,09,Aseph Camp Igbo-Edu  I,009,27/18/09/009,Ogun East,Ijebu North/Ijebu East/Ogun Waterside
Ogun,27,Ogun Water Side,18,Makun/Irokun,09,Aseph Camp Igbo-Edu  Ii,010,27/18/09/010,Ogun East,Ijebu North/Ijebu East/Ogun Waterside
Ogun,27,Ogun Water Side,18,Makun/Irokun,09,"Near Chief Tayo Ajayi'S House, Makun",011,27/18/09/011,Ogun East,Ijebu North/Ijebu East/Ogun Waterside
Ogun,27,Ogun Water Side,18,Makun/Irokun,09,"Town Hall, Imakun",012,27/18/09/012,Ogun East,Ijebu North/Ijebu East/Ogun Waterside
Ogun,27,Ogun Water Side,18,Ode-Omi,10,"L.G. School, Ode-Omi  I",001,27/18/10/001,Ogun East,Ijebu North/Ijebu East/Ogun Waterside
Ogun,27,Ogun Water Side,18,Ode-Omi,10,"L.G. School, Igbosere",002,27/18/10/002,Ogun East,Ijebu North/Ijebu East/Ogun Waterside
Ogun,27,Ogun Water Side,18,Ode-Omi,10,"L.G. School, Awodikora",003,27/18/10/003,Ogun East,Ijebu North/Ijebu East/Ogun Waterside
Ogun,27,Ogun Water Side,18,Ode-Omi,10,"L.G. School, Okun Ilete",004,27/18/10/004,Ogun East,Ijebu North/Ijebu East/Ogun Waterside
Ogun,27,Ogun Water Side,18,Ode-Omi,10,L.G. School Okun Elefon,005,27/18/10/005,Ogun East,Ijebu North/Ijebu East/Ogun Waterside
Ogun,27,Ogun Water Side,18,Ode-Omi,10,"Rice Mill, Bariken",006,27/18/10/006,Ogun East,Ijebu North/Ijebu East/Ogun Waterside
Ogun,27,Ogun Water Side,18,Ode-Omi,10,Okun Isekun,007,27/18/10/007,Ogun East,Ijebu North/Ijebu East/Ogun Waterside
Ogun,27,Ogun Water Side,18,Ode-Omi,10,Open Space At Ilete,008,27/18/10/008,Ogun East,Ijebu North/Ijebu East/Ogun Waterside
Ogun,27,Ogun Water Side,18,Ode-Omi,10,Open Space At Igbesere,009,27/18/10/009,Ogun East,Ijebu North/Ijebu East/Ogun Waterside
Ogun,27,Ogun Water Side,18,Ode-Omi,10,"Health Centre, Ode-Omi",010,27/18/10/010,Ogun East,Ijebu North/Ijebu East/Ogun Waterside
Ogun,27,Ogun Water Side,18,Ode-Omi,10,"Town Hall, Ode - Omi",011,27/18/10/011,Ogun East,Ijebu North/Ijebu East/Ogun Waterside
Ogun,27,Remo North,19,Ayegbami,01,Ago Aro Junction  I,001,27/19/01/001,Ogun East,Ikenne/Shagamu/Remo North
Ogun,27,Remo North,19,Ayegbami,01,Ago Aro Junction  Ii,002,27/19/01/002,Ogun East,Ikenne/Shagamu/Remo North
Ogun,27,Remo North,19,Ayegbami,01,Idi-Aba,003,27/19/01/003,Ogun East,Ikenne/Shagamu/Remo North
Ogun,27,Remo North,19,Ayegbami,01,St. Peters School,004,27/19/01/004,Ogun East,Ikenne/Shagamu/Remo North
Ogun,27,Remo North,19,Ayegbami,01,All Well (At Omo Olowo) I,005,27/19/01/005,Ogun East,Ikenne/Shagamu/Remo North
Ogun,27,Remo North,19,Ayegbami,01,All Well (At Omo Olowo) Ii,006,27/19/01/006,Ogun East,Ikenne/Shagamu/Remo North
Ogun,27,Remo North,19,Ayegbami,01,Araromi Midway  I,007,27/19/01/007,Ogun East,Ikenne/Shagamu/Remo North
Ogun,27,Remo North,19,Ayegbami,01,Araromi Midway  Ii,008,27/19/01/008,Ogun East,Ikenne/Shagamu/Remo North
Ogun,27,Remo North,19,Ayegbami,01,Lemo (At Itale),009,27/19/01/009,Ogun East,Ikenne/Shagamu/Remo North
Ogun,27,Remo North,19,Ayegbami,01,Alagomeji,010,27/19/01/010,Ogun East,Ikenne/Shagamu/Remo North
Ogun,27,Remo North,19,Ayegbami,01,Ifepe Mid-Way,011,27/19/01/011,Ogun East,Ikenne/Shagamu/Remo North
Ogun,27,Remo North,19,Ayegbami,01,Ayegbami (Tokotaya),012,27/19/01/012,Ogun East,Ikenne/Shagamu/Remo North
Ogun,27,Remo North,19,Ayegbami,01,Isara (Olopomewa),013,27/19/01/013,Ogun East,Ikenne/Shagamu/Remo North
Ogun,27,Remo North,19,Ayegbami,01,Motoye,014,27/19/01/014,Ogun East,Ikenne/Shagamu/Remo North
Ogun,27,Remo North,19,Ayegbami,01,Eredo,015,27/19/01/015,Ogun East,Ikenne/Shagamu/Remo North
Ogun,27,Remo North,19,Ayegbami,01,Sarepawo,016,27/19/01/016,Ogun East,Ikenne/Shagamu/Remo North
Ogun,27,Remo North,19,Ayegbami,01,"Open Space Front Of Maternity Centre, Mada",017,27/19/01/017,Ogun East,Ikenne/Shagamu/Remo North
Ogun,27,Remo North,19,Igan/Ajina,02,Oliwo Junction  I,001,27/19/02/001,Ogun East,Ikenne/Shagamu/Remo North
Ogun,27,Remo North,19,Igan/Ajina,02,Oliwo Junction  Ii,002,27/19/02/002,Ogun East,Ikenne/Shagamu/Remo North
Ogun,27,Remo North,19,Igan/Ajina,02,Ajina Square  I,003,27/19/02/003,Ogun East,Ikenne/Shagamu/Remo North
Ogun,27,Remo North,19,Igan/Ajina,02,Ajina Square  Ii,004,27/19/02/004,Ogun East,Ikenne/Shagamu/Remo North
Ogun,27,Remo North,19,Igan/Ajina,02,Ijabata  I,005,27/19/02/005,Ogun East,Ikenne/Shagamu/Remo North
Ogun,27,Remo North,19,Igan/Ajina,02,Ijabata  Ii,006,27/19/02/006,Ogun East,Ikenne/Shagamu/Remo North
Ogun,27,Remo North,19,Igan/Ajina,02,Ijabata  Iii,007,27/19/02/007,Ogun East,Ikenne/Shagamu/Remo North
Ogun,27,Remo North,19,Igan/Ajina,02,Ita Poke,008,27/19/02/008,Ogun East,Ikenne/Shagamu/Remo North
Ogun,27,Remo North,19,Igan/Ajina,02,Ago Aro,009,27/19/02/009,Ogun East,Ikenne/Shagamu/Remo North
Ogun,27,Remo North,19,Igan/Ajina,02,Majaako,010,27/19/02/010,Ogun East,Ikenne/Shagamu/Remo North
Ogun,27,Remo North,19,Igan/Ajina,02,Majaako'S Palace,011,27/19/02/011,Ogun East,Ikenne/Shagamu/Remo North
Ogun,27,Remo North,19,Igan/Ajina,02,Ile Awo Opp. Gen. Hospital,012,27/19/02/012,Ogun East,Ikenne/Shagamu/Remo North
Ogun,27,Remo North,19,Igan/Ajina,02,Ita Olimo,013,27/19/02/013,Ogun East,Ikenne/Shagamu/Remo North
Ogun,27,Remo North,19,Igan/Ajina,02,Erinla Midway,014,27/19/02/014,Ogun East,Ikenne/Shagamu/Remo North
Ogun,27,Remo North,19,Igan/Ajina,02,Poke,015,27/19/02/015,Ogun East,Ikenne/Shagamu/Remo North
Ogun,27,Remo North,19,Igan/Ajina,02,Madoga,016,27/19/02/016,Ogun East,Ikenne/Shagamu/Remo North
Ogun,27,Remo North,19,Moborode/Oke-Ola,03,"Oke Ola, Mid Way  I",001,27/19/03/001,Ogun East,Ikenne/Shagamu/Remo North
Ogun,27,Remo North,19,Moborode/Oke-Ola,03,"Oke Ola, Mid Way  Ii",002,27/19/03/002,Ogun East,Ikenne/Shagamu/Remo North
Ogun,27,Remo North,19,Moborode/Oke-Ola,03,"A.U.D. School, Isara  I",003,27/19/03/003,Ogun East,Ikenne/Shagamu/Remo North
Ogun,27,Remo North,19,Moborode/Oke-Ola,03,"A.U.D. School, Isara  Ii",004,27/19/03/004,Ogun East,Ikenne/Shagamu/Remo North
Ogun,27,Remo North,19,Moborode/Oke-Ola,03,"Wesley School, Isara  I",005,27/19/03/005,Ogun East,Ikenne/Shagamu/Remo North
Ogun,27,Remo North,19,Moborode/Oke-Ola,03,"Wesley School, Isara  Ii",006,27/19/03/006,Ogun East,Ikenne/Shagamu/Remo North
Ogun,27,Remo North,19,Moborode/Oke-Ola,03,Obalende Junction,007,27/19/03/007,Ogun East,Ikenne/Shagamu/Remo North
Ogun,27,Remo North,19,Moborode/Oke-Ola,03,Idi-Obi,008,27/19/03/008,Ogun East,Ikenne/Shagamu/Remo North
Ogun,27,Remo North,19,Moborode/Oke-Ola,03,Imorisa Mid-Way,009,27/19/03/009,Ogun East,Ikenne/Shagamu/Remo North
Ogun,27,Remo North,19,Moborode/Oke-Ola,03,L.G School Ageta,010,27/19/03/010,Ogun East,Ikenne/Shagamu/Remo North
Ogun,27,Remo North,19,Odofin/Imagbo/Petekun/Dawara,04,L.G. School Odo  I,001,27/19/04/001,Ogun East,Ikenne/Shagamu/Remo North
Ogun,27,Remo North,19,Odofin/Imagbo/Petekun/Dawara,04,L.G. School Odo  Ii,002,27/19/04/002,Ogun East,Ikenne/Shagamu/Remo North
Ogun,27,Remo North,19,Odofin/Imagbo/Petekun/Dawara,04,L.G. School Jowoje,003,27/19/04/003,Ogun East,Ikenne/Shagamu/Remo North
Ogun,27,Remo North,19,Odofin/Imagbo/Petekun/Dawara,04,L.G. School Gbasemo,004,27/19/04/004,Ogun East,Ikenne/Shagamu/Remo North
Ogun,27,Remo North,19,Odofin/Imagbo/Petekun/Dawara,04,L.G. School Imagbon,005,27/19/04/005,Ogun East,Ikenne/Shagamu/Remo North
Ogun,27,Remo North,19,Odofin/Imagbo/Petekun/Dawara,04,"L.G. School, Eluju",006,27/19/04/006,Ogun East,Ikenne/Shagamu/Remo North
Ogun,27,Remo North,19,Odofin/Imagbo/Petekun/Dawara,04,Oloparun Village Square,007,27/19/04/007,Ogun East,Ikenne/Shagamu/Remo North
Ogun,27,Remo North,19,Odofin/Imagbo/Petekun/Dawara,04,Egunfoye Village Square I,008,27/19/04/008,Ogun East,Ikenne/Shagamu/Remo North
Ogun,27,Remo North,19,Odofin/Imagbo/Petekun/Dawara,04,Egunfoye Village Square Ii,009,27/19/04/009,Ogun East,Ikenne/Shagamu/Remo North
Ogun,27,Remo North,19,Odofin/Imagbo/Petekun/Dawara,04,Lagban Pry. School,010,27/19/04/010,Ogun East,Ikenne/Shagamu/Remo North
Ogun,27,Remo North,19,Odofin/Imagbo/Petekun/Dawara,04,Iresi Village,011,27/19/04/011,Ogun East,Ikenne/Shagamu/Remo North
Ogun,27,Remo North,19,Odofin/Imagbo/Petekun/Dawara,04,Peteku Lisa Village Ii,012,27/19/04/012,Ogun East,Ikenne/Shagamu/Remo North
Ogun,27,Remo North,19,Odofin/Imagbo/Petekun/Dawara,04,Peteku Lisa Village Iii,013,27/19/04/013,Ogun East,Ikenne/Shagamu/Remo North
Ogun,27,Remo North,19,Odofin/Imagbo/Petekun/Dawara,04,Deyoruwa,014,27/19/04/014,Ogun East,Ikenne/Shagamu/Remo North
Ogun,27,Remo North,19,Odofin/Imagbo/Petekun/Dawara,04,Dawara,015,27/19/04/015,Ogun East,Ikenne/Shagamu/Remo North
Ogun,27,Remo North,19,Odofin/Imagbo/Petekun/Dawara,04,Opekere,016,27/19/04/016,Ogun East,Ikenne/Shagamu/Remo North
Ogun,27,Remo North,19,Odofin/Imagbo/Petekun/Dawara,04,Alagbe,017,27/19/04/017,Ogun East,Ikenne/Shagamu/Remo North
Ogun,27,Remo North,19,Odofin/Imagbo/Petekun/Dawara,04,Oliwo,018,27/19/04/018,Ogun East,Ikenne/Shagamu/Remo North
Ogun,27,Remo North,19,Ilara,05,"United School, Ilara  I",001,27/19/05/001,Ogun East,Ikenne/Shagamu/Remo North
Ogun,27,Remo North,19,Ilara,05,"United School, Ilara  Ii",002,27/19/05/002,Ogun East,Ikenne/Shagamu/Remo North
Ogun,27,Remo North,19,Ilara,05,Ayegbami St. Middle  I,003,27/19/05/003,Ogun East,Ikenne/Shagamu/Remo North
Ogun,27,Remo North,19,Ilara,05,Ayegbami St. Middle  Ii,004,27/19/05/004,Ogun East,Ikenne/Shagamu/Remo North
Ogun,27,Remo North,19,Ilara,05,J. Junction Ilara  I,005,27/19/05/005,Ogun East,Ikenne/Shagamu/Remo North
Ogun,27,Remo North,19,Ilara,05,J. Junction Ilara  Ii,006,27/19/05/006,Ogun East,Ikenne/Shagamu/Remo North
Ogun,27,Remo North,19,Ilara,05,"Open Space Front Of Mtn Mast, Ilara",007,27/19/05/007,Ogun East,Ikenne/Shagamu/Remo North
Ogun,27,Remo North,19,Ilara,05,"Open Space At Araromi, Ilara",008,27/19/05/008,Ogun East,Ikenne/Shagamu/Remo North
Ogun,27,Remo North,19,Ilara,05,"Open Space At Obaoluaye, Ilara",009,27/19/05/009,Ogun East,Ikenne/Shagamu/Remo North
Ogun,27,Remo North,19,Akaka,06,"United School, Akaka  I",001,27/19/06/001,Ogun East,Ikenne/Shagamu/Remo North
Ogun,27,Remo North,19,Akaka,06,"United School, Akaka  Ii",002,27/19/06/002,Ogun East,Ikenne/Shagamu/Remo North
Ogun,27,Remo North,19,Akaka,06,Afonlade  I,003,27/19/06/003,Ogun East,Ikenne/Shagamu/Remo North
Ogun,27,Remo North,19,Akaka,06,Afonlade  Ii,004,27/19/06/004,Ogun East,Ikenne/Shagamu/Remo North
Ogun,27,Remo North,19,Akaka,06,Salu Village Square,005,27/19/06/005,Ogun East,Ikenne/Shagamu/Remo North
Ogun,27,Remo North,19,Akaka,06,"United School, Ake Amure",006,27/19/06/006,Ogun East,Ikenne/Shagamu/Remo North
Ogun,27,Remo North,19,Akaka,06,Maternity Centre Akaka,007,27/19/06/007,Ogun East,Ikenne/Shagamu/Remo North
Ogun,27,Remo North,19,Akaka,06,Agorigo,008,27/19/06/008,Ogun East,Ikenne/Shagamu/Remo North
Ogun,27,Remo North,19,Akaka,06,Aboro,009,27/19/06/009,Ogun East,Ikenne/Shagamu/Remo North
Ogun,27,Remo North,19,Akaka,06,Abeayika,010,27/19/06/010,Ogun East,Ikenne/Shagamu/Remo North
Ogun,27,Remo North,19,Akaka,06,Abule Balogun,011,27/19/06/011,Ogun East,Ikenne/Shagamu/Remo North
Ogun,27,Remo North,19,Ipara,07,Market Square Ipara  I,001,27/19/07/001,Ogun East,Ikenne/Shagamu/Remo North
Ogun,27,Remo North,19,Ipara,07,Market Square Ipara  Ii,002,27/19/07/002,Ogun East,Ikenne/Shagamu/Remo North
Ogun,27,Remo North,19,Ipara,07,Local Govt. Sch. Ipara  I,003,27/19/07/003,Ogun East,Ikenne/Shagamu/Remo North
Ogun,27,Remo North,19,Ipara,07,Local Govt. Sch. Ipara  Ii,004,27/19/07/004,Ogun East,Ikenne/Shagamu/Remo North
Ogun,27,Remo North,19,Ipara,07,United Sch. Ipara  I,005,27/19/07/005,Ogun East,Ikenne/Shagamu/Remo North
Ogun,27,Remo North,19,Ipara,07,United Sch. Ipara  Ii,006,27/19/07/006,Ogun East,Ikenne/Shagamu/Remo North
Ogun,27,Remo North,19,Ipara,07,Abule Sonoyi,007,27/19/07/007,Ogun East,Ikenne/Shagamu/Remo North
Ogun,27,Remo North,19,Ipara,07,Ayegbami  I,008,27/19/07/008,Ogun East,Ikenne/Shagamu/Remo North
Ogun,27,Remo North,19,Ipara,07,Ayegbami  Ii,009,27/19/07/009,Ogun East,Ikenne/Shagamu/Remo North
Ogun,27,Remo North,19,Ipara,07,Community High School Ipara,010,27/19/07/010,Ogun East,Ikenne/Shagamu/Remo North
Ogun,27,Remo North,19,Orile-Oko,08,"Anglican School, Isan",001,27/19/08/001,Ogun East,Ikenne/Shagamu/Remo North
Ogun,27,Remo North,19,Orile-Oko,08,"L.G. School, Okodelokun",002,27/19/08/002,Ogun East,Ikenne/Shagamu/Remo North
Ogun,27,Remo North,19,Orile-Oko,08,"L.G. School, Atoba",003,27/19/08/003,Ogun East,Ikenne/Shagamu/Remo North
Ogun,27,Remo North,19,Orile-Oko,08,United Hall Azana,004,27/19/08/004,Ogun East,Ikenne/Shagamu/Remo North
Ogun,27,Remo North,19,Orile-Oko,08,Ajegunle Village Square,005,27/19/08/005,Ogun East,Ikenne/Shagamu/Remo North
Ogun,27,Remo North,19,Orile-Oko,08,Araromi Market,006,27/19/08/006,Ogun East,Ikenne/Shagamu/Remo North
Ogun,27,Remo North,19,Orile-Oko,08,Ogunmuyiwa Village,007,27/19/08/007,Ogun East,Ikenne/Shagamu/Remo North
Ogun,27,Remo North,19,Orile-Oko,08,Kajola Village,008,27/19/08/008,Ogun East,Ikenne/Shagamu/Remo North
Ogun,27,Remo North,19,Orile-Oko,08,"Oliwo Village, Village Square",009,27/19/08/009,Ogun East,Ikenne/Shagamu/Remo North
Ogun,27,Remo North,19,Ode I,09,"Xt. Church School, Odo  I",001,27/19/09/001,Ogun East,Ikenne/Shagamu/Remo North
Ogun,27,Remo North,19,Ode I,09,"Xt. Church School, Odo  Ii",002,27/19/09/002,Ogun East,Ikenne/Shagamu/Remo North
Ogun,27,Remo North,19,Ode I,09,Ode Remo Town Hall  I,003,27/19/09/003,Ogun East,Ikenne/Shagamu/Remo North
Ogun,27,Remo North,19,Ode I,09,Ode Remo Town Hall  Ii,004,27/19/09/004,Ogun East,Ikenne/Shagamu/Remo North
Ogun,27,Remo North,19,Ode I,09,Nloku Market  I,005,27/19/09/005,Ogun East,Ikenne/Shagamu/Remo North
Ogun,27,Remo North,19,Ode I,09,Nloku Market  Ii,006,27/19/09/006,Ogun East,Ikenne/Shagamu/Remo North
Ogun,27,Remo North,19,Ode I,09,Maternity Centre  I,007,27/19/09/007,Ogun East,Ikenne/Shagamu/Remo North
Ogun,27,Remo North,19,Ode I,09,Maternity Centre  Ii,008,27/19/09/008,Ogun East,Ikenne/Shagamu/Remo North
Ogun,27,Remo North,19,Ode I,09,Ode Remo High Sch.  I,009,27/19/09/009,Ogun East,Ikenne/Shagamu/Remo North
Ogun,27,Remo North,19,Ode I,09,Ode Remo High Sch.  Ii,010,27/19/09/010,Ogun East,Ikenne/Shagamu/Remo North
Ogun,27,Remo North,19,Ode I,09,Ajina Square  I,011,27/19/09/011,Ogun East,Ikenne/Shagamu/Remo North
Ogun,27,Remo North,19,Ode I,09,Ajina Square  Ii,012,27/19/09/012,Ogun East,Ikenne/Shagamu/Remo North
Ogun,27,Remo North,19,Ode I,09,Itamaro Near Olonba Osidero House  I,013,27/19/09/013,Ogun East,Ikenne/Shagamu/Remo North
Ogun,27,Remo North,19,Ode I,09,Itamaro Near Oldnba Osibero House   Ii,014,27/19/09/014,Ogun East,Ikenne/Shagamu/Remo North
Ogun,27,Remo North,19,Ode I,09,"Ajina A.U.D Sch,Ode I",015,27/19/09/015,Ogun East,Ikenne/Shagamu/Remo North
Ogun,27,Remo North,19,Ode Ii,10,"A.U.D. School, Ode  I",001,27/19/10/001,Ogun East,Ikenne/Shagamu/Remo North
Ogun,27,Remo North,19,Ode Ii,10,"A.U.D. School, Ode  Ii",002,27/19/10/002,Ogun East,Ikenne/Shagamu/Remo North
Ogun,27,Remo North,19,Ode Ii,10,"Wesley School, Ode I",003,27/19/10/003,Ogun East,Ikenne/Shagamu/Remo North
Ogun,27,Remo North,19,Ode Ii,10,"Wesley School, Ode Ii",004,27/19/10/004,Ogun East,Ikenne/Shagamu/Remo North
Ogun,27,Remo North,19,Ode Ii,10,Itun-Ode/Igodo Near Asiru'S Mosque,005,27/19/10/005,Ogun East,Ikenne/Shagamu/Remo North
Ogun,27,Remo North,19,Ode Ii,10,Agbero Market  I,006,27/19/10/006,Ogun East,Ikenne/Shagamu/Remo North
Ogun,27,Remo North,19,Ode Ii,10,Agbero Market  Ii,007,27/19/10/007,Ogun East,Ikenne/Shagamu/Remo North
Ogun,27,Remo North,19,Ode Ii,10,Oke-Ola (Near Aderanga'S House) I,008,27/19/10/008,Ogun East,Ikenne/Shagamu/Remo North
Ogun,27,Remo North,19,Ode Ii,10,Oke-Ola (Near Aderanga'S House) Ii,009,27/19/10/009,Ogun East,Ikenne/Shagamu/Remo North
Ogun,27,Remo North,19,Ode Ii,10,Maridan Street Adebonyi I,010,27/19/10/010,Ogun East,Ikenne/Shagamu/Remo North
Ogun,27,Remo North,19,Ode Ii,10,Maridan Street Adebonyi Ii,011,27/19/10/011,Ogun East,Ikenne/Shagamu/Remo North
Ogun,27,Remo North,19,Ode Ii,10,Maridan Street Adebonyi Iii,012,27/19/10/012,Ogun East,Ikenne/Shagamu/Remo North
Ogun,27,Remo North,19,Ode Ii,10,Ita Olisa Near Balogun'S Mosque,013,27/19/10/013,Ogun East,Ikenne/Shagamu/Remo North
Ogun,27,Remo North,19,Ode Ii,10,Ita Olisa,014,27/19/10/014,Ogun East,Ikenne/Shagamu/Remo North
Ogun,27,Remo North,19,Ode Ii,10,Agbero Market Iii,015,27/19/10/015,Ogun East,Ikenne/Shagamu/Remo North
Ogun,27,Remo North,19,Ode Ii,10,Oke-Ola Iii,016,27/19/10/016,Ogun East,Ikenne/Shagamu/Remo North
Ogun,27,Remo North,19,Ode Ii,10,Muslim Pry.Sch.Olomowewe Ode,017,27/19/10/017,Ogun East,Ikenne/Shagamu/Remo North
Ogun,27,Sagamu,20,Oko/Epe/Itula I,01,Open Space At Sagamu Round About,001,27/20/01/001,Ogun East,Ikenne/Shagamu/Remo North
Ogun,27,Sagamu,20,Oko/Epe/Itula I,01,"Wesley School, Oko  I",002,27/20/01/002,Ogun East,Ikenne/Shagamu/Remo North
Ogun,27,Sagamu,20,Oko/Epe/Itula I,01,"Wesley School, Oko  Ii",003,27/20/01/003,Ogun East,Ikenne/Shagamu/Remo North
Ogun,27,Sagamu,20,Oko/Epe/Itula I,01,Open Space At Old Oja Ale Epe I,004,27/20/01/004,Ogun East,Ikenne/Shagamu/Remo North
Ogun,27,Sagamu,20,Oko/Epe/Itula I,01,Open Space Near Nursery School Ejiiro I,005,27/20/01/005,Ogun East,Ikenne/Shagamu/Remo North
Ogun,27,Sagamu,20,Oko/Epe/Itula I,01,Soyindo Wesley School  I,006,27/20/01/006,Ogun East,Ikenne/Shagamu/Remo North
Ogun,27,Sagamu,20,Oko/Epe/Itula I,01,A.U.D. School Oko  I,007,27/20/01/007,Ogun East,Ikenne/Shagamu/Remo North
Ogun,27,Sagamu,20,Oko/Epe/Itula I,01,"Open Space @ Araromi Junction Phase 1, Along Sagamu-Ikenne Road",008,27/20/01/008,Ogun East,Ikenne/Shagamu/Remo North
Ogun,27,Sagamu,20,Oko/Epe/Itula I,01,"Open Space @ Orije Junction, Harmony Joint Community, Sagamu-Ikenne Road",009,27/20/01/009,Ogun East,Ikenne/Shagamu/Remo North
Ogun,27,Sagamu,20,Oko/Epe/Itula I,01,"Remo Secondary School, Sagamu",010,27/20/01/010,Ogun East,Ikenne/Shagamu/Remo North
Ogun,27,Sagamu,20,Oko/Epe/Itula I,01,Open Space @Araromi Phase Ii Orion Academy,011,27/20/01/011,Ogun East,Ikenne/Shagamu/Remo North
Ogun,27,Sagamu,20,Oko/Epe/Itula Ii,02,Open Space Near Alado,001,27/20/02/001,Ogun East,Ikenne/Shagamu/Remo North
Ogun,27,Sagamu,20,Oko/Epe/Itula Ii,02,Owonifaris House Opposite  I,002,27/20/02/002,Ogun East,Ikenne/Shagamu/Remo North
Ogun,27,Sagamu,20,Oko/Epe/Itula Ii,02,St. Collumcile School  I,003,27/20/02/003,Ogun East,Ikenne/Shagamu/Remo North
Ogun,27,Sagamu,20,Oko/Epe/Itula Ii,02,Open Space K & S  Oriokuta,004,27/20/02/004,Ogun East,Ikenne/Shagamu/Remo North
Ogun,27,Sagamu,20,Oko/Epe/Itula Ii,02,Open Space At Degorunsen Junction I,005,27/20/02/005,Ogun East,Ikenne/Shagamu/Remo North
Ogun,27,Sagamu,20,Oko/Epe/Itula Ii,02,Open Space At Degorunsen Upper,006,27/20/02/006,Ogun East,Ikenne/Shagamu/Remo North
Ogun,27,Sagamu,20,Oko/Epe/Itula Ii,02,Open Space At Iga Losi/Akarigbo,007,27/20/02/007,Ogun East,Ikenne/Shagamu/Remo North
Ogun,27,Sagamu,20,Oko/Epe/Itula Ii,02,Open Space At Ajina/Isokun St. Junction,008,27/20/02/008,Ogun East,Ikenne/Shagamu/Remo North
Ogun,27,Sagamu,20,Oko/Epe/Itula Ii,02,Open Space Near K & S Church,009,27/20/02/009,Ogun East,Ikenne/Shagamu/Remo North
Ogun,27,Sagamu,20,Oko/Epe/Itula Ii,02,Open Space Opp. Lowa Ibu,010,27/20/02/010,Ogun East,Ikenne/Shagamu/Remo North
Ogun,27,Sagamu,20,Oko/Epe/Itula Ii,02,Open Space Opposite Ipoji,011,27/20/02/011,Ogun East,Ikenne/Shagamu/Remo North
Ogun,27,Sagamu,20,Oko/Epe/Itula Ii,02,Open Space At Mabadeje Junction  I,012,27/20/02/012,Ogun East,Ikenne/Shagamu/Remo North
Ogun,27,Sagamu,20,Oko/Epe/Itula Ii,02,Open Space At Adiewocoat-Bakare Junction,013,27/20/02/013,Ogun East,Ikenne/Shagamu/Remo North
Ogun,27,Sagamu,20,Oko/Epe/Itula Ii,02,"Open Space Beside Aiyepe Police  Station, Sakura",014,27/20/02/014,Ogun East,Ikenne/Shagamu/Remo North
Ogun,27,Sagamu,20,Oko/Epe/Itula Ii,02,Open Space At Sola Sobowale Junction Beside Transformer,015,27/20/02/015,Ogun East,Ikenne/Shagamu/Remo North
Ogun,27,Sagamu,20,Oko/Epe/Itula Ii,02,"Open Space Beside Sakura Palace By The Transformer,Sakura",016,27/20/02/016,Ogun East,Ikenne/Shagamu/Remo North
Ogun,27,Sagamu,20,Oko/Epe/Itula Ii,02,Open Space Aiyepe Junction,017,27/20/02/017,Ogun East,Ikenne/Shagamu/Remo North
Ogun,27,Sagamu,20,Ayegbami/Ijokun,03,Open Space Beside Odekun,001,27/20/03/001,Ogun East,Ikenne/Shagamu/Remo North
Ogun,27,Sagamu,20,Ayegbami/Ijokun,03,Open Space Beside Jebe,002,27/20/03/002,Ogun East,Ikenne/Shagamu/Remo North
Ogun,27,Sagamu,20,Ayegbami/Ijokun,03,Open Space Near Oloko,003,27/20/03/003,Ogun East,Ikenne/Shagamu/Remo North
Ogun,27,Sagamu,20,Ayegbami/Ijokun,03,Open Space At Kamiyo Street,004,27/20/03/004,Ogun East,Ikenne/Shagamu/Remo North
Ogun,27,Sagamu,20,Ayegbami/Ijokun,03,Open Space At Sode,005,27/20/03/005,Ogun East,Ikenne/Shagamu/Remo North
Ogun,27,Sagamu,20,Ayegbami/Ijokun,03,Open Space Near Awosanya,006,27/20/03/006,Ogun East,Ikenne/Shagamu/Remo North
Ogun,27,Sagamu,20,Ayegbami/Ijokun,03,St. Paul'S School Ijokun,007,27/20/03/007,Ogun East,Ikenne/Shagamu/Remo North
Ogun,27,Sagamu,20,Ayegbami/Ijokun,03,Open Space Near Old Garage Ijokun,008,27/20/03/008,Ogun East,Ikenne/Shagamu/Remo North
Ogun,27,Sagamu,20,Ayegbami/Ijokun,03,"Open Space At Masunkunmo Junction By The Communication Mast, Aiyepe Road",009,27/20/03/009,Ogun East,Ikenne/Shagamu/Remo North
Ogun,27,Sagamu,20,Ayegbami/Ijokun,03,"Open Space Jebe Street End, Aiyegbami",010,27/20/03/010,Ogun East,Ikenne/Shagamu/Remo North
Ogun,27,Sagamu,20,Ayegbami/Ijokun,03,"Open Space Beside Akeredolu  Youth Water Project, Ayegbami",011,27/20/03/011,Ogun East,Ikenne/Shagamu/Remo North
Ogun,27,Sagamu,20,Ayegbami/Ijokun,03,"Open Space By Rainbow/Ogunsola Street Junction, Ehingbeti",012,27/20/03/012,Ogun East,Ikenne/Shagamu/Remo North
Ogun,27,Sagamu,20,Ayegbami/Ijokun,03,"African Church Pry Sch, Apelogun Sagamu",013,27/20/03/013,Ogun East,Ikenne/Shagamu/Remo North
Ogun,27,Sagamu,20,Ayegbami/Ijokun,03,St Paul School Aiyepe,014,27/20/03/014,Ogun East,Ikenne/Shagamu/Remo North
Ogun,27,Sagamu,20,Ayegbami/Ijokun,03,"Open Space At End Babatunde Awosanya Street, Ayegbami",015,27/20/03/015,Ogun East,Ikenne/Shagamu/Remo North
Ogun,27,Sagamu,20,Sabo 1,04,Open Space At Johnson Ogunsola,001,27/20/04/001,Ogun East,Ikenne/Shagamu/Remo North
Ogun,27,Sagamu,20,Sabo 1,04,Open Space At Dan-Tajira I,002,27/20/04/002,Ogun East,Ikenne/Shagamu/Remo North
Ogun,27,Sagamu,20,Sabo 1,04,Open Space At Dan-Tajira  Upper,003,27/20/04/003,Ogun East,Ikenne/Shagamu/Remo North
Ogun,27,Sagamu,20,Sabo 1,04,Open Space Opposite Olori Ilu,004,27/20/04/004,Ogun East,Ikenne/Shagamu/Remo North
Ogun,27,Sagamu,20,Sabo 1,04,Open Space Beside Oluwakemi,005,27/20/04/005,Ogun East,Ikenne/Shagamu/Remo North
Ogun,27,Sagamu,20,Sabo 1,04,Open Space At Gbasemo Street,006,27/20/04/006,Ogun East,Ikenne/Shagamu/Remo North
Ogun,27,Sagamu,20,Sabo 1,04,Open Space At Buraimo Street,007,27/20/04/007,Ogun East,Ikenne/Shagamu/Remo North
Ogun,27,Sagamu,20,Sabo 1,04,Open Space Opposite Mercy Hospital,008,27/20/04/008,Ogun East,Ikenne/Shagamu/Remo North
Ogun,27,Sagamu,20,Sabo 1,04,Open Space Near G.R.A. Beginning I,009,27/20/04/009,Ogun East,Ikenne/Shagamu/Remo North
Ogun,27,Sagamu,20,Sabo 1,04,Open Space At Mosinmi,010,27/20/04/010,Ogun East,Ikenne/Shagamu/Remo North
Ogun,27,Sagamu,20,Sabo 1,04,Open Space At Okulaja Street,011,27/20/04/011,Ogun East,Ikenne/Shagamu/Remo North
Ogun,27,Sagamu,20,Sabo 1,04,Open Space Near Mrs Okubote House,012,27/20/04/012,Ogun East,Ikenne/Shagamu/Remo North
Ogun,27,Sagamu,20,Sabo 1,04,Open Space Near Jubril Balogun,013,27/20/04/013,Ogun East,Ikenne/Shagamu/Remo North
Ogun,27,Sagamu,20,Sabo 1,04,Open Space At Kaara Trailer Park I,014,27/20/04/014,Ogun East,Ikenne/Shagamu/Remo North
Ogun,27,Sagamu,20,Sabo 1,04,Open Space At Fakoya Street,015,27/20/04/015,Ogun East,Ikenne/Shagamu/Remo North
Ogun,27,Sagamu,20,Sabo 1,04,Opposite Star-Light,016,27/20/04/016,Ogun East,Ikenne/Shagamu/Remo North
Ogun,27,Sagamu,20,Sabo 1,04,"Open Space @ Kawefunmi Junction, Gra Quarters",017,27/20/04/017,Ogun East,Ikenne/Shagamu/Remo North
Ogun,27,Sagamu,20,Sabo 1,04,"Open Space @ Boss Junction, Gra Road Sabo",018,27/20/04/018,Ogun East,Ikenne/Shagamu/Remo North
Ogun,27,Sagamu,20,Sabo 1,04,Open Space @ Sabo Gra Health Centre,019,27/20/04/019,Ogun East,Ikenne/Shagamu/Remo North
Ogun,27,Sagamu,20,Sabo 1,04,Open Space At Olodo Junction Sabo,020,27/20/04/020,Ogun East,Ikenne/Shagamu/Remo North
Ogun,27,Sagamu,20,Sabo 1,04,"Open Space @ Ademosu Street, Beside Communication Mast, Sabo",021,27/20/04/021,Ogun East,Ikenne/Shagamu/Remo North
Ogun,27,Sagamu,20,Sabo 1,04,"Open Space @ Kolawole Junction, Opposite Aa Rano Petrol Station, Akarigbo Road, Sabo",022,27/20/04/022,Ogun East,Ikenne/Shagamu/Remo North
Ogun,27,Sagamu,20,Sabo 1,04,"Open Space @ Kaara Trailer Park Ii, Akarigbo Road",023,27/20/04/023,Ogun East,Ikenne/Shagamu/Remo North
Ogun,27,Sagamu,20,Sabo 1,04,Open Space @ Bisuga Junction Beside Transformer,024,27/20/04/024,Ogun East,Ikenne/Shagamu/Remo North
Ogun,27,Sagamu,20,Sabo 1,04,"Open Space @ Nelson Ogunlesi, Sabo",025,27/20/04/025,Ogun East,Ikenne/Shagamu/Remo North
Ogun,27,Sagamu,20,Sabo 1,04,"Infront Of Wapco Second Gate,Powerline",026,27/20/04/026,Ogun East,Ikenne/Shagamu/Remo North
Ogun,27,Sagamu,20,Sabo 1,04,"Open Space @ Sabitu Junction,Sabo",027,27/20/04/027,Ogun East,Ikenne/Shagamu/Remo North
Ogun,27,Sagamu,20,Sabo 1,04,Open  Space @ Adenusi Street Sabo,028,27/20/04/028,Ogun East,Ikenne/Shagamu/Remo North
Ogun,27,Sagamu,20,Sabo 1,04,Open Space At Awofala Street Oke Odo Sabo,029,27/20/04/029,Ogun East,Ikenne/Shagamu/Remo North
Ogun,27,Sagamu,20,Sabo 1,04,Open Space Opposite Gra Quarters,030,27/20/04/030,Ogun East,Ikenne/Shagamu/Remo North
Ogun,27,Sagamu,20,Sabo 1,04,Open Space Alausa Junction Isoso Gra Phase I,031,27/20/04/031,Ogun East,Ikenne/Shagamu/Remo North
Ogun,27,Sagamu,20,Sabo 1,04,"Open Space Obafemi Awolowo Av,Gra Phase I",032,27/20/04/032,Ogun East,Ikenne/Shagamu/Remo North
Ogun,27,Sagamu,20,Sabo 1,04,"Open Space @Awofela Str,Sabo",033,27/20/04/033,Ogun East,Ikenne/Shagamu/Remo North
Ogun,27,Sagamu,20,Sabo 1,04,Open Space @Olodo Roundabout Sabo End,034,27/20/04/034,Ogun East,Ikenne/Shagamu/Remo North
Ogun,27,Sagamu,20,Sabo Ii,05,Open Space Opposite Kings Crown Hotel,001,27/20/05/001,Ogun East,Ikenne/Shagamu/Remo North
Ogun,27,Sagamu,20,Sabo Ii,05,Open Space Near Seriki,002,27/20/05/002,Ogun East,Ikenne/Shagamu/Remo North
Ogun,27,Sagamu,20,Sabo Ii,05,L.G School I Sabo I,003,27/20/05/003,Ogun East,Ikenne/Shagamu/Remo North
Ogun,27,Sagamu,20,Sabo Ii,05,Open Space Near Agura Road Upper,004,27/20/05/004,Ogun East,Ikenne/Shagamu/Remo North
Ogun,27,Sagamu,20,Sabo Ii,05,Market Square Ode-Lemo Road I,005,27/20/05/005,Ogun East,Ikenne/Shagamu/Remo North
Ogun,27,Sagamu,20,Sabo Ii,05,Open Space Near Agura Road End,006,27/20/05/006,Ogun East,Ikenne/Shagamu/Remo North
Ogun,27,Sagamu,20,Sabo Ii,05,Opp. Nursery School Odujoko I,007,27/20/05/007,Ogun East,Ikenne/Shagamu/Remo North
Ogun,27,Sagamu,20,Sabo Ii,05,Open Space At Sode Lane,008,27/20/05/008,Ogun East,Ikenne/Shagamu/Remo North
Ogun,27,Sagamu,20,Sabo Ii,05,Muslim  High School I,009,27/20/05/009,Ogun East,Ikenne/Shagamu/Remo North
Ogun,27,Sagamu,20,Sabo Ii,05,Open Space Near Temidire School,010,27/20/05/010,Ogun East,Ikenne/Shagamu/Remo North
Ogun,27,Sagamu,20,Sabo Ii,05,Open Space At Odi Olowo / Akarigbo Street,011,27/20/05/011,Ogun East,Ikenne/Shagamu/Remo North
Ogun,27,Sagamu,20,Sabo Ii,05,Open Space At Onigbale Street,012,27/20/05/012,Ogun East,Ikenne/Shagamu/Remo North
Ogun,27,Sagamu,20,Sabo Ii,05,Remo Divisional High School I,013,27/20/05/013,Ogun East,Ikenne/Shagamu/Remo North
Ogun,27,Sagamu,20,Sabo Ii,05,Bucknors House By Nepa I,014,27/20/05/014,Ogun East,Ikenne/Shagamu/Remo North
Ogun,27,Sagamu,20,Sabo Ii,05,Open Space At Taiwo Goriola,015,27/20/05/015,Ogun East,Ikenne/Shagamu/Remo North
Ogun,27,Sagamu,20,Sabo Ii,05,"Open Space Near Agura Road Middle,(Igbelefun)",016,27/20/05/016,Ogun East,Ikenne/Shagamu/Remo North
Ogun,27,Sagamu,20,Sabo Ii,05,"Open Space At Laga Junction, Sabo",017,27/20/05/017,Ogun East,Ikenne/Shagamu/Remo North
Ogun,27,Sagamu,20,Sabo Ii,05,"Open Space At Oko Igbo Junction, Abijawuta, Atoyo Beside Transformer",018,27/20/05/018,Ogun East,Ikenne/Shagamu/Remo North
Ogun,27,Sagamu,20,Sabo Ii,05,"Open Space At Onikoyi Round About, Sabo",019,27/20/05/019,Ogun East,Ikenne/Shagamu/Remo North
Ogun,27,Sagamu,20,Sabo Ii,05,"Open Space At Happy Day Junction, Sabo",020,27/20/05/020,Ogun East,Ikenne/Shagamu/Remo North
Ogun,27,Sagamu,20,Sabo Ii,05,"Open Space At Community Center,Lisoku Road, Ibelefun",021,27/20/05/021,Ogun East,Ikenne/Shagamu/Remo North
Ogun,27,Sagamu,20,Sabo Ii,05,Open Space Ita Merin Community Hall,022,27/20/05/022,Ogun East,Ikenne/Shagamu/Remo North
Ogun,27,Sagamu,20,Sabo Ii,05,"Open Space At Ayodele Junction Opp Transformer, Ibelefun Adeboku",023,27/20/05/023,Ogun East,Ikenne/Shagamu/Remo North
Ogun,27,Sagamu,20,Sabo Ii,05,"Open Space @ Health  Centre Junction, Powerline Aruba",024,27/20/05/024,Ogun East,Ikenne/Shagamu/Remo North
Ogun,27,Sagamu,20,Sabo Ii,05,"Open Space @ Cementry Junction, Atoyo",025,27/20/05/025,Ogun East,Ikenne/Shagamu/Remo North
Ogun,27,Sagamu,20,Sabo Ii,05,Open Space @Oginni Community (Proposed Health Centre),026,27/20/05/026,Ogun East,Ikenne/Shagamu/Remo North
Ogun,27,Sagamu,20,Sabo Ii,05,Open Space @ Atoyo Egbe - Isopo Beside Transformer,027,27/20/05/027,Ogun East,Ikenne/Shagamu/Remo North
Ogun,27,Sagamu,20,Sabo Ii,05,"Open  Space @ Market Square,  Ibelefun Simpata, Along Ode - Lemo Road",028,27/20/05/028,Ogun East,Ikenne/Shagamu/Remo North
Ogun,27,Sagamu,20,Sabo Ii,05,"Open Space At Eleyowo Market, Eleyowo",029,27/20/05/029,Ogun East,Ikenne/Shagamu/Remo North
Ogun,27,Sagamu,20,Sabo Ii,05,"Open Space At Onigbale End, Sabo",030,27/20/05/030,Ogun East,Ikenne/Shagamu/Remo North
Ogun,27,Sagamu,20,Isokun / Oyebajo,06,Open Space Near  Agolo,001,27/20/06/001,Ogun East,Ikenne/Shagamu/Remo North
Ogun,27,Sagamu,20,Isokun / Oyebajo,06,St. Paul'S School Alagbo,002,27/20/06/002,Ogun East,Ikenne/Shagamu/Remo North
Ogun,27,Sagamu,20,Isokun / Oyebajo,06,Open Space At Alagbonmefa I,003,27/20/06/003,Ogun East,Ikenne/Shagamu/Remo North
Ogun,27,Sagamu,20,Isokun / Oyebajo,06,Ranikan Quarters I,004,27/20/06/004,Ogun East,Ikenne/Shagamu/Remo North
Ogun,27,Sagamu,20,Isokun / Oyebajo,06,Open Space At Iraye Street,005,27/20/06/005,Ogun East,Ikenne/Shagamu/Remo North
Ogun,27,Sagamu,20,Isokun / Oyebajo,06,Methodist College I,006,27/20/06/006,Ogun East,Ikenne/Shagamu/Remo North
Ogun,27,Sagamu,20,Isokun / Oyebajo,06,Open Space At Ogunlana Araromi Junction I,007,27/20/06/007,Ogun East,Ikenne/Shagamu/Remo North
Ogun,27,Sagamu,20,Isokun / Oyebajo,06,Ajegunle / Akaringbo Street,008,27/20/06/008,Ogun East,Ikenne/Shagamu/Remo North
Ogun,27,Sagamu,20,Isokun / Oyebajo,06,Open Space @ Sabintu/Ajegunle Junction.,009,27/20/06/009,Ogun East,Ikenne/Shagamu/Remo North
Ogun,27,Sagamu,20,Isokun / Oyebajo,06,Methodist Comphrensive College Second Gate,010,27/20/06/010,Ogun East,Ikenne/Shagamu/Remo North
Ogun,27,Sagamu,20,Isokun / Oyebajo,06,Open Space @Oyebajo/Baruwa Junction,011,27/20/06/011,Ogun East,Ikenne/Shagamu/Remo North
Ogun,27,Sagamu,20,Isokun / Oyebajo,06,Open Space @ Oyebajo Midway By Onimale Lane.,012,27/20/06/012,Ogun East,Ikenne/Shagamu/Remo North
Ogun,27,Sagamu,20,Isokun / Oyebajo,06,Open Space @Owolewa Junction.,013,27/20/06/013,Ogun East,Ikenne/Shagamu/Remo North
Ogun,27,Sagamu,20,Isokun / Oyebajo,06,Open Space At Itunoke Roundabout,014,27/20/06/014,Ogun East,Ikenne/Shagamu/Remo North
Ogun,27,Sagamu,20,Ijagba,07,L.G. School I,001,27/20/07/001,Ogun East,Ikenne/Shagamu/Remo North
Ogun,27,Sagamu,20,Ijagba,07,L.G. School Ii,002,27/20/07/002,Ogun East,Ikenne/Shagamu/Remo North
Ogun,27,Sagamu,20,Ijagba,07,Open Space Opposite Of Ile- Ifa,003,27/20/07/003,Ogun East,Ikenne/Shagamu/Remo North
Ogun,27,Sagamu,20,Ijagba,07,Open Space Near Afinju Babalawo Street,004,27/20/07/004,Ogun East,Ikenne/Shagamu/Remo North
Ogun,27,Sagamu,20,Ijagba,07,Open Space Near Legunsen Palace,005,27/20/07/005,Ogun East,Ikenne/Shagamu/Remo North
Ogun,27,Sagamu,20,Ijagba,07,Onijagbas Palace,006,27/20/07/006,Ogun East,Ikenne/Shagamu/Remo North
Ogun,27,Sagamu,20,Ijagba,07,Open Space At Ita Ijagba Junction,007,27/20/07/007,Ogun East,Ikenne/Shagamu/Remo North
Ogun,27,Sagamu,20,Ijagba,07,Onirere Opposite No. 30,008,27/20/07/008,Ogun East,Ikenne/Shagamu/Remo North
Ogun,27,Sagamu,20,Ijagba,07,"L.G School , Ijagba Iii",009,27/20/07/009,Ogun East,Ikenne/Shagamu/Remo North
Ogun,27,Sagamu,20,Latawa,08,Open Space At Latawa Palace I,001,27/20/08/001,Ogun East,Ikenne/Shagamu/Remo North
Ogun,27,Sagamu,20,Latawa,08,Open Space Near Ogunmekun Street,002,27/20/08/002,Ogun East,Ikenne/Shagamu/Remo North
Ogun,27,Sagamu,20,Latawa,08,Open Space At Latawa Square I,003,27/20/08/003,Ogun East,Ikenne/Shagamu/Remo North
Ogun,27,Sagamu,20,Latawa,08,Open Space Near Araromi,004,27/20/08/004,Ogun East,Ikenne/Shagamu/Remo North
Ogun,27,Sagamu,20,Latawa,08,Open Space Near Mechanic Site /Kajola,005,27/20/08/005,Ogun East,Ikenne/Shagamu/Remo North
Ogun,27,Sagamu,20,Latawa,08,U.A.M.C. Eleja I,006,27/20/08/006,Ogun East,Ikenne/Shagamu/Remo North
Ogun,27,Sagamu,20,Latawa,08,U.A.M.C. Eleja Ii,007,27/20/08/007,Ogun East,Ikenne/Shagamu/Remo North
Ogun,27,Sagamu,20,Latawa,08,Open Space At Bolaji Street Ajegunle,008,27/20/08/008,Ogun East,Ikenne/Shagamu/Remo North
Ogun,27,Sagamu,20,Ode -Lemo,09,St. John'S Pry. School Ode - Lemo,001,27/20/09/001,Ogun East,Ikenne/Shagamu/Remo North
Ogun,27,Sagamu,20,Ode -Lemo,09,Open Space Near Lemo,002,27/20/09/002,Ogun East,Ikenne/Shagamu/Remo North
Ogun,27,Sagamu,20,Ode -Lemo,09,Open Space Near Baba Ijo,003,27/20/09/003,Ogun East,Ikenne/Shagamu/Remo North
Ogun,27,Sagamu,20,Ode -Lemo,09,A.U.D. School Ode - Lemo I,004,27/20/09/004,Ogun East,Ikenne/Shagamu/Remo North
Ogun,27,Sagamu,20,Ode -Lemo,09,A.U.D. School Ode - Lemo Ii,005,27/20/09/005,Ogun East,Ikenne/Shagamu/Remo North
Ogun,27,Sagamu,20,Ode -Lemo,09,Open Space At Ile - Aje Market Ode,006,27/20/09/006,Ogun East,Ikenne/Shagamu/Remo North
Ogun,27,Sagamu,20,Ode -Lemo,09,Open Space Ita Merin Square,007,27/20/09/007,Ogun East,Ikenne/Shagamu/Remo North
Ogun,27,Sagamu,20,Ode -Lemo,09,St. Paul'S School Igbololo,008,27/20/09/008,Ogun East,Ikenne/Shagamu/Remo North
Ogun,27,Sagamu,20,Ode -Lemo,09,St. Paul'S School Emuren I,009,27/20/09/009,Ogun East,Ikenne/Shagamu/Remo North
Ogun,27,Sagamu,20,Ode -Lemo,09,Itun Elemuren Street I,010,27/20/09/010,Ogun East,Ikenne/Shagamu/Remo North
Ogun,27,Sagamu,20,Ode -Lemo,09,Open Space At Market Square I,011,27/20/09/011,Ogun East,Ikenne/Shagamu/Remo North
Ogun,27,Sagamu,20,Ode -Lemo,09,Open Space At Emuren Market Square Ii,012,27/20/09/012,Ogun East,Ikenne/Shagamu/Remo North
Ogun,27,Sagamu,20,Ode -Lemo,09,Open Space At Oke-Ayo Junction By Waterbohole,013,27/20/09/013,Ogun East,Ikenne/Shagamu/Remo North
Ogun,27,Sagamu,20,Ode -Lemo,09,Open Space At Okeselu By Community Water Borehole,014,27/20/09/014,Ogun East,Ikenne/Shagamu/Remo North
Ogun,27,Sagamu,20,Ode -Lemo,09,Open Space At Oke- Arobi Junction By Transformer,015,27/20/09/015,Ogun East,Ikenne/Shagamu/Remo North
Ogun,27,Sagamu,20,Ode -Lemo,09,Open Space At Iganke Junction Emuren By Adron Homes,016,27/20/09/016,Ogun East,Ikenne/Shagamu/Remo North
Ogun,27,Sagamu,20,Ogijo/ Likosi,10,St . Paul'S School Igbode,001,27/20/10/001,Ogun East,Ikenne/Shagamu/Remo North
Ogun,27,Sagamu,20,Ogijo/ Likosi,10,Open Space At Osigboyede Village I,002,27/20/10/002,Ogun East,Ikenne/Shagamu/Remo North
Ogun,27,Sagamu,20,Ogijo/ Likosi,10,St. Michael R.C.M. Fakale,003,27/20/10/003,Ogun East,Ikenne/Shagamu/Remo North
Ogun,27,Sagamu,20,Ogijo/ Likosi,10,U.A.M.C. School Iraye,004,27/20/10/004,Ogun East,Ikenne/Shagamu/Remo North
Ogun,27,Sagamu,20,Ogijo/ Likosi,10,St. Francis School Igbosoro,005,27/20/10/005,Ogun East,Ikenne/Shagamu/Remo North
Ogun,27,Sagamu,20,Ogijo/ Likosi,10,St. John School Ogijo I,006,27/20/10/006,Ogun East,Ikenne/Shagamu/Remo North
Ogun,27,Sagamu,20,Ogijo/ Likosi,10,St. John School Ogijo Ii,007,27/20/10/007,Ogun East,Ikenne/Shagamu/Remo North
Ogun,27,Sagamu,20,Ogijo/ Likosi,10,Open Space At Lisa'S House,008,27/20/10/008,Ogun East,Ikenne/Shagamu/Remo North
Ogun,27,Sagamu,20,Ogijo/ Likosi,10,Wesley School Erefun,009,27/20/10/009,Ogun East,Ikenne/Shagamu/Remo North
Ogun,27,Sagamu,20,Ogijo/ Likosi,10,Open Space Opposite Catholic Abafon,010,27/20/10/010,Ogun East,Ikenne/Shagamu/Remo North
Ogun,27,Sagamu,20,Ogijo/ Likosi,10,L.G School Igbaga,011,27/20/10/011,Ogun East,Ikenne/Shagamu/Remo North
Ogun,27,Sagamu,20,Ogijo/ Likosi,10,Mosimi Village,012,27/20/10/012,Ogun East,Ikenne/Shagamu/Remo North
Ogun,27,Sagamu,20,Ogijo/ Likosi,10,L.G. School Ita - Merin,013,27/20/10/013,Ogun East,Ikenne/Shagamu/Remo North
Ogun,27,Sagamu,20,Ogijo/ Likosi,10,A.U.D. School Imushin - Ogijo,014,27/20/10/014,Ogun East,Ikenne/Shagamu/Remo North
Ogun,27,Sagamu,20,Ogijo/ Likosi,10,Eyin Egbe Village,015,27/20/10/015,Ogun East,Ikenne/Shagamu/Remo North
Ogun,27,Sagamu,20,Ogijo/ Likosi,10,Wesley School Sotunbo,016,27/20/10/016,Ogun East,Ikenne/Shagamu/Remo North
Ogun,27,Sagamu,20,Ogijo/ Likosi,10,C.A.C. School Ogijo I,017,27/20/10/017,Ogun East,Ikenne/Shagamu/Remo North
Ogun,27,Sagamu,20,Ogijo/ Likosi,10,Ewu Oloja Primary School,018,27/20/10/018,Ogun East,Ikenne/Shagamu/Remo North
Ogun,27,Sagamu,20,Ogijo/ Likosi,10,L.G School Ajaregun I,019,27/20/10/019,Ogun East,Ikenne/Shagamu/Remo North
Ogun,27,Sagamu,20,Ogijo/ Likosi,10,"Open Space Beside Transformer, Association Avenue Agodo",020,27/20/10/020,Ogun East,Ikenne/Shagamu/Remo North
Ogun,27,Sagamu,20,Ogijo/ Likosi,10,Open Space At Oniburuku Junction Opp Cda Electrification Project,021,27/20/10/021,Ogun East,Ikenne/Shagamu/Remo North
Ogun,27,Sagamu,20,Ogijo/ Likosi,10,Open Space @ Gasline Eyita,022,27/20/10/022,Ogun East,Ikenne/Shagamu/Remo North
Ogun,27,Sagamu,20,Ogijo/ Likosi,10,"Open Space @Round About Onijagun, Ogijo",023,27/20/10/023,Ogun East,Ikenne/Shagamu/Remo North
Ogun,27,Sagamu,20,Ogijo/ Likosi,10,Idiagbalumo Ogede,024,27/20/10/024,Ogun East,Ikenne/Shagamu/Remo North
Ogun,27,Sagamu,20,Ogijo/ Likosi,10,Beside Oriokuta Palace,025,27/20/10/025,Ogun East,Ikenne/Shagamu/Remo North
Ogun,27,Sagamu,20,Ogijo/ Likosi,10,Open Space At Igbo Ogijo,026,27/20/10/026,Ogun East,Ikenne/Shagamu/Remo North
Ogun,27,Sagamu,20,Ogijo/ Likosi,10,"Imoro Ogijo Community Pry School, Ogijo",027,27/20/10/027,Ogun East,Ikenne/Shagamu/Remo North
Ogun,27,Sagamu,20,Ogijo/ Likosi,10,Open Space @ Okada Park Oshodi - Oke,028,27/20/10/028,Ogun East,Ikenne/Shagamu/Remo North
Ogun,27,Sagamu,20,Ogijo/ Likosi,10,Open Space Beside Pz Estate Transformer,029,27/20/10/029,Ogun East,Ikenne/Shagamu/Remo North
Ogun,27,Sagamu,20,Ogijo/ Likosi,10,"Arogunre-Melufen Junction Beside Transformer, Melufen",030,27/20/10/030,Ogun East,Ikenne/Shagamu/Remo North
Ogun,27,Sagamu,20,Ogijo/ Likosi,10,Idomogun Town Hall Ogijo,031,27/20/10/031,Ogun East,Ikenne/Shagamu/Remo North
Ogun,27,Sagamu,20,Ogijo/ Likosi,10,"Ogijo Community High School, Ogijo",032,27/20/10/032,Ogun East,Ikenne/Shagamu/Remo North
Ogun,27,Sagamu,20,Ogijo/ Likosi,10,Halen Junction Nasfat Ogijo,033,27/20/10/033,Ogun East,Ikenne/Shagamu/Remo North
Ogun,27,Sagamu,20,Ogijo/ Likosi,10,Onafowokan Estate Itaoliwo(Ogijo),034,27/20/10/034,Ogun East,Ikenne/Shagamu/Remo North
Ogun,27,Sagamu,20,Ogijo/ Likosi,10,"Open Space Infront Of Agbowa Community Market, Agbowa Erefun",035,27/20/10/035,Ogun East,Ikenne/Shagamu/Remo North
Ogun,27,Sagamu,20,Ogijo/ Likosi,10,Open Space At Miracle Junction Opp Communication Mast,036,27/20/10/036,Ogun East,Ikenne/Shagamu/Remo North
Ogun,27,Sagamu,20,Ogijo/ Likosi,10,Open Space Oke Oko Gas Line,037,27/20/10/037,Ogun East,Ikenne/Shagamu/Remo North
Ogun,27,Sagamu,20,Ogijo/ Likosi,10,"Open Space @ Powerline Junction Phonix, Ogijo",038,27/20/10/038,Ogun East,Ikenne/Shagamu/Remo North
Ogun,27,Sagamu,20,Ogijo/ Likosi,10,"Open Space @ Ita - Sanni Bus Stop, Ogijo",039,27/20/10/039,Ogun East,Ikenne/Shagamu/Remo North
Ogun,27,Sagamu,20,Ogijo/ Likosi,10,"Oloorode Market, Eriyo-Aga Opp Nnpc Gasline",040,27/20/10/040,Ogun East,Ikenne/Shagamu/Remo North
Ogun,27,Sagamu,20,Ogijo/ Likosi,10,"Open Space At Ori Oke Junction, Beside Transformer, Eriyo",041,27/20/10/041,Ogun East,Ikenne/Shagamu/Remo North
Ogun,27,Sagamu,20,Ogijo/ Likosi,10,"Open Space @ Arigbabu Junction, Mosinmi",042,27/20/10/042,Ogun East,Ikenne/Shagamu/Remo North
Ogun,27,Sagamu,20,Ogijo/ Likosi,10,Magbon Elepete Junction,043,27/20/10/043,Ogun East,Ikenne/Shagamu/Remo North
Ogun,27,Sagamu,20,Ogijo/ Likosi,10,Ereko Junction Ogijo,044,27/20/10/044,Ogun East,Ikenne/Shagamu/Remo North
Ogun,27,Sagamu,20,Ogijo/ Likosi,10,"Ijagba Community High School, Sotunbo",045,27/20/10/045,Ogun East,Ikenne/Shagamu/Remo North
Ogun,27,Sagamu,20,Ogijo/ Likosi,10,"Open Space @ Oluwaseyi Square, Powerline Eyita-Moro Odo Kekere",046,27/20/10/046,Ogun East,Ikenne/Shagamu/Remo North
Ogun,27,Sagamu,20,Ogijo/ Likosi,10,"Open Space @ Malatori Junction, Ogijo",047,27/20/10/047,Ogun East,Ikenne/Shagamu/Remo North
Ogun,27,Sagamu,20,Ogijo/ Likosi,10,"Open Space At Moshood Odunsi-Alh Imam Yunus Junction, Alase",048,27/20/10/048,Ogun East,Ikenne/Shagamu/Remo North
Ogun,27,Sagamu,20,Ogijo/ Likosi,10,"Open Space At Delord, Beside Transformer, Oke Ibu",049,27/20/10/049,Ogun East,Ikenne/Shagamu/Remo North
Ogun,27,Sagamu,20,Ogijo/ Likosi,10,Open Space @ Likosi Market,050,27/20/10/050,Ogun East,Ikenne/Shagamu/Remo North
Ogun,27,Sagamu,20,Ogijo/ Likosi,10,"Open Space @ Iyana Tipper Junction, Ewu-Oloja",051,27/20/10/051,Ogun East,Ikenne/Shagamu/Remo North
Ogun,27,Sagamu,20,Ogijo/ Likosi,10,"Open Space @ Likosi Old Soldier Bus Stop, God Pass Them Dejuwogbo, Powerline.",052,27/20/10/052,Ogun East,Ikenne/Shagamu/Remo North
Ogun,27,Sagamu,20,Ogijo/ Likosi,10,"Open Space @ Ilara Junction, Ogijo",053,27/20/10/053,Ogun East,Ikenne/Shagamu/Remo North
Ogun,27,Sagamu,20,Ogijo/ Likosi,10,"Open Space @ Oke - Oko/Ogede Square, Beside Transformer, Ogijo",054,27/20/10/054,Ogun East,Ikenne/Shagamu/Remo North
Ogun,27,Sagamu,20,Ogijo/ Likosi,10,Escobar Bus Stop Junction (Ogijo),055,27/20/10/055,Ogun East,Ikenne/Shagamu/Remo North
Ogun,27,Sagamu,20,Ogijo/ Likosi,10,Open Space At Alh Temiasunwo Nitosi Ile Olowo Junction,056,27/20/10/056,Ogun East,Ikenne/Shagamu/Remo North
Ogun,27,Sagamu,20,Surulere,11,Wesley School Makun I,001,27/20/11/001,Ogun East,Ikenne/Shagamu/Remo North
Ogun,27,Sagamu,20,Surulere,11,Z. I. School Makun I,002,27/20/11/002,Ogun East,Ikenne/Shagamu/Remo North
Ogun,27,Sagamu,20,Surulere,11,Open Space At Akorede Midway,003,27/20/11/003,Ogun East,Ikenne/Shagamu/Remo North
Ogun,27,Sagamu,20,Surulere,11,Open Space At Akorede Upper,004,27/20/11/004,Ogun East,Ikenne/Shagamu/Remo North
Ogun,27,Sagamu,20,Surulere,11,A.U.D. School Makun,005,27/20/11/005,Ogun East,Ikenne/Shagamu/Remo North
Ogun,27,Sagamu,20,Surulere,11,Sokoya Memorial School I,006,27/20/11/006,Ogun East,Ikenne/Shagamu/Remo North
Ogun,27,Sagamu,20,Surulere,11,Open Space At Akorede Lower,007,27/20/11/007,Ogun East,Ikenne/Shagamu/Remo North
Ogun,27,Sagamu,20,Surulere,11,Akorede Junction,008,27/20/11/008,Ogun East,Ikenne/Shagamu/Remo North
Ogun,27,Sagamu,20,Surulere,11,"Open Space @ Osotunsen/Akogun Okeowo Square, Ewuga.",009,27/20/11/009,Ogun East,Ikenne/Shagamu/Remo North
Ogun,27,Sagamu,20,Surulere,11,Makun High School Snr Section,010,27/20/11/010,Ogun East,Ikenne/Shagamu/Remo North
Ogun,27,Sagamu,20,Surulere,11,A.U.D School Makun,011,27/20/11/011,Ogun East,Ikenne/Shagamu/Remo North
Ogun,27,Sagamu,20,Surulere,11,Wesley School Makun Ii,012,27/20/11/012,Ogun East,Ikenne/Shagamu/Remo North
Ogun,27,Sagamu,20,Surulere,11,Z.I School Makun Ii,013,27/20/11/013,Ogun East,Ikenne/Shagamu/Remo North
Ogun,27,Sagamu,20,Surulere,11,Open Space At Apena Sokoya,014,27/20/11/014,Ogun East,Ikenne/Shagamu/Remo North
Ogun,27,Sagamu,20,Surulere,11,"Open Space @ Meditop Hospital Junction, Isale Ojumele",015,27/20/11/015,Ogun East,Ikenne/Shagamu/Remo North
Ogun,27,Sagamu,20,Surulere,11,Open Space Akorede Midway Ii,016,27/20/11/016,Ogun East,Ikenne/Shagamu/Remo North
Ogun,27,Sagamu,20,Surulere,11,Open Space At Akorede Phase Ii,017,27/20/11/017,Ogun East,Ikenne/Shagamu/Remo North
Ogun,27,Sagamu,20,Surulere,11,Open Space At Iwera,018,27/20/11/018,Ogun East,Ikenne/Shagamu/Remo North
Ogun,27,Sagamu,20,Isote,12,Open Space Opp Daodu'S House I,001,27/20/12/001,Ogun East,Ikenne/Shagamu/Remo North
Ogun,27,Sagamu,20,Isote,12,Open Space Opp. Agbon Oluwatedo,002,27/20/12/002,Ogun East,Ikenne/Shagamu/Remo North
Ogun,27,Sagamu,20,Isote,12,Open Space At Radelu Isote Junction,003,27/20/12/003,Ogun East,Ikenne/Shagamu/Remo North
Ogun,27,Sagamu,20,Isote,12,Open Space At Ewusi House,004,27/20/12/004,Ogun East,Ikenne/Shagamu/Remo North
Ogun,27,Sagamu,20,Isote,12,Open Space At Isote Street Midway,005,27/20/12/005,Ogun East,Ikenne/Shagamu/Remo North
Ogun,27,Sagamu,20,Isote,12,Open Space At Oyekan House,006,27/20/12/006,Ogun East,Ikenne/Shagamu/Remo North
Ogun,27,Sagamu,20,Isote,12,Open Space At Odiolowo/ Olukokun,007,27/20/12/007,Ogun East,Ikenne/Shagamu/Remo North
Ogun,27,Sagamu,20,Isote,12,Open Space At Osisanya St. Midway,008,27/20/12/008,Ogun East,Ikenne/Shagamu/Remo North
Ogun,27,Sagamu,20,Simawa / Iwelepe,13,St. Paul'S School Simawe,001,27/20/13/001,Ogun East,Ikenne/Shagamu/Remo North
Ogun,27,Sagamu,20,Simawa / Iwelepe,13,Open Space At Ewu Boun,002,27/20/13/002,Ogun East,Ikenne/Shagamu/Remo North
Ogun,27,Sagamu,20,Simawa / Iwelepe,13,Open Space At Alawuin Village,003,27/20/13/003,Ogun East,Ikenne/Shagamu/Remo North
Ogun,27,Sagamu,20,Simawa / Iwelepe,13,St Paul'S School Iwelepe,004,27/20/13/004,Ogun East,Ikenne/Shagamu/Remo North
Ogun,27,Sagamu,20,Simawa / Iwelepe,13,Open Space At Oyeleke Settlement,005,27/20/13/005,Ogun East,Ikenne/Shagamu/Remo North
Ogun,27,Sagamu,20,Simawa / Iwelepe,13,L.G. School Kamiyi,006,27/20/13/006,Ogun East,Ikenne/Shagamu/Remo North
Ogun,27,Sagamu,20,Simawa / Iwelepe,13,St. Paul'S School Ayetoro,007,27/20/13/007,Ogun East,Ikenne/Shagamu/Remo North
Ogun,27,Sagamu,20,Simawa / Iwelepe,13,St. Paul'S School Oke -Ate,008,27/20/13/008,Ogun East,Ikenne/Shagamu/Remo North
Ogun,27,Sagamu,20,Simawa / Iwelepe,13,Open Space At Ewu Osi,009,27/20/13/009,Ogun East,Ikenne/Shagamu/Remo North
Ogun,27,Sagamu,20,Simawa / Iwelepe,13,L.G. Agunfoye,010,27/20/13/010,Ogun East,Ikenne/Shagamu/Remo North
Ogun,27,Sagamu,20,Simawa / Iwelepe,13,Open Space At Ewu Dodo,011,27/20/13/011,Ogun East,Ikenne/Shagamu/Remo North
Ogun,27,Sagamu,20,Simawa / Iwelepe,13,Open Space At Egbejoda /Araromi Junction,012,27/20/13/012,Ogun East,Ikenne/Shagamu/Remo North
Ogun,27,Sagamu,20,Simawa / Iwelepe,13,Open Space At Asunora,013,27/20/13/013,Ogun East,Ikenne/Shagamu/Remo North
Ogun,27,Sagamu,20,Simawa / Iwelepe,13,Open Space At Ewu Bale,014,27/20/13/014,Ogun East,Ikenne/Shagamu/Remo North
Ogun,27,Sagamu,20,Simawa / Iwelepe,13,Open Space At Mechanic Village,015,27/20/13/015,Ogun East,Ikenne/Shagamu/Remo North
Ogun,27,Sagamu,20,Simawa / Iwelepe,13,Open Space At Ewu Boun Ii,016,27/20/13/016,Ogun East,Ikenne/Shagamu/Remo North
Ogun,27,Sagamu,20,Simawa / Iwelepe,13,Open Space At Obadore Market Simawa,017,27/20/13/017,Ogun East,Ikenne/Shagamu/Remo North
Ogun,27,Sagamu,20,Simawa / Iwelepe,13,Community Square Igbo-Iwaju Village Simawa,018,27/20/13/018,Ogun East,Ikenne/Shagamu/Remo North
Ogun,27,Sagamu,20,Simawa / Iwelepe,13,Open Space At Community Hall Igbepa,019,27/20/13/019,Ogun East,Ikenne/Shagamu/Remo North
Ogun,27,Sagamu,20,Simawa / Iwelepe,13,Open Space @ Ologbun-Wonpori Market Simawa,020,27/20/13/020,Ogun East,Ikenne/Shagamu/Remo North
Ogun,27,Sagamu,20,Simawa / Iwelepe,13,Open Space Ewu Oloja  Junction Simawa,021,27/20/13/021,Ogun East,Ikenne/Shagamu/Remo North
Ogun,27,Sagamu,20,Simawa / Iwelepe,13,Open Space Ipa/Soso Junction Simawa,022,27/20/13/022,Ogun East,Ikenne/Shagamu/Remo North
Ogun,27,Sagamu,20,Simawa / Iwelepe,13,Open Space@Apple Tee Junction Apele Makun Sagamu,023,27/20/13/023,Ogun East,Ikenne/Shagamu/Remo North
Ogun,27,Sagamu,20,Simawa / Iwelepe,13,Open Space At Oju Oduwa Ige Community Junction Sagamu,024,27/20/13/024,Ogun East,Ikenne/Shagamu/Remo North
Ogun,27,Sagamu,20,Simawa / Iwelepe,13,Open Space Areke Community,025,27/20/13/025,Ogun East,Ikenne/Shagamu/Remo North
Ogun,27,Sagamu,20,Agbowa,14,Open Space At Wanponrin Court,001,27/20/14/001,Ogun East,Ikenne/Shagamu/Remo North
Ogun,27,Sagamu,20,Agbowa,14,Open Space At Rasusi Compound,002,27/20/14/002,Ogun East,Ikenne/Shagamu/Remo North
Ogun,27,Sagamu,20,Agbowa,14,Open Space At Oke - Agbawo Near Awoyemi,003,27/20/14/003,Ogun East,Ikenne/Shagamu/Remo North
Ogun,27,Sagamu,20,Agbowa,14,St. Paul'S School Makun,004,27/20/14/004,Ogun East,Ikenne/Shagamu/Remo North
Ogun,27,Sagamu,20,Agbowa,14,Open Space At Oguro St. Midway,005,27/20/14/005,Ogun East,Ikenne/Shagamu/Remo North
Ogun,27,Sagamu,20,Agbowa,14,Open Space At Kajola St. Upper,006,27/20/14/006,Ogun East,Ikenne/Shagamu/Remo North
Ogun,27,Sagamu,20,Agbowa,14,Open Space At Ajebo Lane,007,27/20/14/007,Ogun East,Ikenne/Shagamu/Remo North
Ogun,27,Sagamu,20,Agbowa,14,Open Space At Our Mother'S Place,008,27/20/14/008,Ogun East,Ikenne/Shagamu/Remo North
Ogun,27,Sagamu,20,Agbowa,14,Open Space In Front Of Sheu Tijani,009,27/20/14/009,Ogun East,Ikenne/Shagamu/Remo North
Ogun,27,Sagamu,20,Agbowa,14,Open Space At Tipper'S Garage,010,27/20/14/010,Ogun East,Ikenne/Shagamu/Remo North
Ogun,27,Sagamu,20,Agbowa,14,Open Space Near Sagamu Model School,011,27/20/14/011,Ogun East,Ikenne/Shagamu/Remo North
Ogun,27,Sagamu,20,Agbowa,14,Open Space At Beside Dalof Hotel,012,27/20/14/012,Ogun East,Ikenne/Shagamu/Remo North
Ogun,27,Sagamu,20,Agbowa,14,Open Space At Araromi Street Makun,013,27/20/14/013,Ogun East,Ikenne/Shagamu/Remo North
Ogun,27,Sagamu,20,Agbowa,14,Open Space Behind Sopoiki'S House,014,27/20/14/014,Ogun East,Ikenne/Shagamu/Remo North
Ogun,27,Sagamu,20,Agbowa,14,Open Space Near Awolowo Market,015,27/20/14/015,Ogun East,Ikenne/Shagamu/Remo North
Ogun,27,Sagamu,20,Agbowa,14,Open Space @ Ajaka Second Round About.,016,27/20/14/016,Ogun East,Ikenne/Shagamu/Remo North
Ogun,27,Sagamu,20,Agbowa,14,"Open Space @ Odija Square Behind Nepa Office Makun, Sagamu",017,27/20/14/017,Ogun East,Ikenne/Shagamu/Remo North
Ogun,27,Sagamu,20,Agbowa,14,"Open Space @Ijebu Ode Motor Park, Express Junction Sagamu",018,27/20/14/018,Ogun East,Ikenne/Shagamu/Remo North
Ogun,27,Sagamu,20,Agbowa,14,"Open Space @ Remo Poly Junction, Ewu - Oliwo Sagamu",019,27/20/14/019,Ogun East,Ikenne/Shagamu/Remo North
Ogun,27,Sagamu,20,Agbowa,14,St Paul School Anglican School Ii Makun,020,27/20/14/020,Ogun East,Ikenne/Shagamu/Remo North
Ogun,27,Sagamu,20,Agbowa,14,Open Space At Muleruwa/Kekereifa Junction Agbowa Sagamu,021,27/20/14/021,Ogun East,Ikenne/Shagamu/Remo North
Ogun,27,Sagamu,20,Agbowa,14,Open Space @ Kajola Junction,022,27/20/14/022,Ogun East,Ikenne/Shagamu/Remo North
Ogun,27,Sagamu,20,Agbowa,14,Open Space @ Adeniji Street Near Communication Mast,023,27/20/14/023,Ogun East,Ikenne/Shagamu/Remo North
Ogun,27,Sagamu,20,Agbowa,14,Open Space At Omobowale Eleshi End Powerline Ajaka,024,27/20/14/024,Ogun East,Ikenne/Shagamu/Remo North
Ogun,27,Sagamu,20,Agbowa,14,Open Space At David Shomefun Genesis Junction Ewu Oliwo,025,27/20/14/025,Ogun East,Ikenne/Shagamu/Remo North
Ogun,27,Sagamu,20,Agbowa,14,"Otunba Gbenga Daniel Model School, Ewu Oluwo",026,27/20/14/026,Ogun East,Ikenne/Shagamu/Remo North
Ogun,27,Sagamu,20,Agbowa,14,Open Space At Ori-Apata Ewu Oliwo,027,27/20/14/027,Ogun East,Ikenne/Shagamu/Remo North
Ogun,27,Sagamu,20,Agbowa,14,Open Space Ewu Oliwo White House Junction,028,27/20/14/028,Ogun East,Ikenne/Shagamu/Remo North
Ogun,27,Sagamu,20,Agbowa,14,Open Space End Ori Apata Ewo Oluwo,029,27/20/14/029,Ogun East,Ikenne/Shagamu/Remo North
Ogun,27,Sagamu,20,Ibido/Ituwa/Alara,15,Town Hall I,001,27/20/15/001,Ogun East,Ikenne/Shagamu/Remo North
Ogun,27,Sagamu,20,Ibido/Ituwa/Alara,15,Open Space At Osoribiya Court,002,27/20/15/002,Ogun East,Ikenne/Shagamu/Remo North
Ogun,27,Sagamu,20,Ibido/Ituwa/Alara,15,Open Space At Agbowa,003,27/20/15/003,Ogun East,Ikenne/Shagamu/Remo North
Ogun,27,Sagamu,20,Ibido/Ituwa/Alara,15,Open Space At Iraye Upper,004,27/20/15/004,Ogun East,Ikenne/Shagamu/Remo North
Ogun,27,Sagamu,20,Ibido/Ituwa/Alara,15,Open Space At Iraye Lower,005,27/20/15/005,Ogun East,Ikenne/Shagamu/Remo North
Ogun,27,Sagamu,20,Ibido/Ituwa/Alara,15,Open Space At Itun Alara,006,27/20/15/006,Ogun East,Ikenne/Shagamu/Remo North
Ogun,27,Sagamu,20,Ibido/Ituwa/Alara,15,Open Space At Ibido Square,007,27/20/15/007,Ogun East,Ikenne/Shagamu/Remo North
Ogun,27,Sagamu,20,Ibido/Ituwa/Alara,15,"Town Hall , Sagamu Ii",008,27/20/15/008,Ogun East,Ikenne/Shagamu/Remo North
Ogun,27,Sagamu,20,Ibido/Ituwa/Alara,15,"Open Space @ Itun-Mode Junction Ibido,Sagamu",009,27/20/15/009,Ogun East,Ikenne/Shagamu/Remo North
